# Moléculas do trabalho de IA do ULTRAX. Fonte: AqSolDB, doi:10.7910/DVN/OVHAW8, CC0 1.0.
# Gerado por reference/tools/preparar_moleculas.py. Não editar à mão.
# alvo: log S normalizado em Q12; log S = alvo/4096 * 2255/1000 + -2954/1000
#normalizacao	-2954	2255
#colunas	id	nome	formula	smiles	massa_mili	logs_mili	alvo_q12	MolWt	MolLogP	MolMR	HeavyAtomCount	NumHAcceptors	NumHDonors	NumRotatableBonds	NumAromaticRings	RingCount	TPSA
B-4615	prometryne	C10H19N5S	CSc1nc(NC(C)C)nc(NC(C)C)n1	241364	-3864	-1652	48	-121	1066	86	5626	3352	1496	-46	-1428	998
F-575	2-diethylaminopropyl 4-aminobenzoate	C14H22N2O2	CCN(CC)C(C)COC(=O)C1=CC=C(N)C=C1	250342	-2380	1043	395	-269	1731	1273	1812	-57	2533	-46	-1428	233
B-1618	pteridine, 7-chloro-	C6H3ClN4	Clc1cnc2cncnc2n1	166571	-875	3777	-2847	-2319	-3323	-2881	1812	-3465	-3689	4006	1754	-194
F-1105	7-chloro-1-methyl-5-phenyl-3H-1,4-benzodiazepin-2-one	C16H13ClN2O	CN1C(=O)CN=C(C2=CC=CC=C2)C2=C1C=CC(Cl)=C2	284746	-3710	-1372	1727	1620	2987	2460	-2002	-3465	-2652	4006	4937	-2210
B-4378	endosulfan sulfate	C9H6Cl6O4S	ClC1=C(Cl)C2(Cl)C3CO[S](=O)(=O)OCC3C1(Cl)C2(Cl)Cl	422928	-5945	-5431	7074	2003	2431	2460	1812	-3465	-3689	-4097	4937	-83
A-5516	3-hydroxy-2-(3-hydroxyquinolin-2-yl)-1H-inden-1-one	C18H11NO3	OC1=Cc2ccccc2NC1=C3C(=O)c4ccccc4C3=O	289290	-7046	-7432	1903	1981	3136	3647	1812	3352	-3689	4006	8119	1389
B-2493	succinic acid, 2-ethyl-3-phenyl-	C12H14O4	CCC(C(C(O)=O)c1ccccc1)C(O)=O	222240	-2326	1142	-692	-629	-583	86	-2002	3352	1496	-46	-1428	2264
H-268	11-a-Hydroxyprogesterone	C21H30O3	CC(=O)C1CCC2C3CCC4=CC(=O)CC(O)C4(C)C3CCC12C	330468	-3820	-1572	3496	2643	4570	4834	-95	-57	-2652	-4097	8119	106
B-3226	methanetrisulfonic acid, chloro-	CH3ClO9S3	O[S](=O)(=O)C(Cl)([S](O)(=O)=O)[S](O)(=O)=O	290680	537	6340	1956	-7190	-2855	-1101	5626	6760	-578	-4097	-4610	11710
D-1387	quinic acid	C7H12O6	OC1CC(O)(CC(O)C1O)C(O)=O	192167	179	5691	-1856	-8745	-3368	-1694	3719	13578	-2652	-4097	-1428	6920
B-4578	fludrocortisone	C21H29FO5	C[C@]12C[C@H](O)[C@@]3(F)[C@@H](CCC4=CC(=O)CC[C@]34C)[C@@H]1CC[C@]2(O)C(=O)CO	380456	-3434	-871	5431	-803	5058	6614	3719	6760	-1615	-4097	8119	4423
A-451	1,2-dimethoxybenzene	C8H10O2	COc1ccccc1OC	138166	-1315	2978	-3946	-1125	-3413	-3475	-2002	-3465	-1615	-46	-1428	-3727
A-5687	2-methylheptadecyl 3-methylheptadecanoate	C36H72O2	CC(C)CCCCCCCCCCCCCCCOC(=O)CCCCCCCCCCCCCCC(C)C	536970	-7086	-7504	11488	19813	16326	13142	-2002	-3465	28459	-4097	-4610	-2890
B-983	2,4,6(1h,3h,5h)-pyrimidinetrione, 5-nitro-	C4H3N3O5	[O-][N+](=O)C1C(=O)NC(=O)NC1=O	173084	-2284	1218	-2595	-8141	-4485	-2288	3719	3352	-2652	-4097	-1428	6940
B-2465	quinoxaline-1,4-dihydro-2,3-dione	C8H6N2O2	O=C1Nc2ccccc2NC1=O	162148	-2812	259	-3018	-3941	-2558	-2288	-2002	3352	-3689	4006	1754	1317
C-1987	1-butanoylallopurinol	C9H10N4O2	CCCC(=O)[N]1N=CC2=C1N=CNC2=O	206205	-3270	-573	-1313	-3290	-1272	-507	3719	-57	-1615	4006	1754	2909
B-3232	quizalofop	C17H13ClN2O4	CC(Oc1ccc(Oc2cnc3cc(Cl)ccc3n2)cc1)C(O)=O	344754	-6060	-5641	4049	3084	4043	4834	3719	-57	1496	8058	4937	3005
B-1369	4-methylphenylisothiocyanate	C8H7NS	Cc1ccc(cc1)N=C=S	149218	-4721	-3209	-3518	816	-2456	-3475	-2002	-3465	-2652	-46	-1428	-4378
C-2268	2,2',3,3',4-pentachlorodiphenyl  ether	C12H5Cl5O	ClC1=C(Cl)C(=CC=C1)OC2=C(Cl)C(=C(Cl)C=C2)Cl	342436	-7380	-8037	3959	8420	2411	1273	-3909	-3465	-1615	4006	1754	-4712
A-2097	(5Z)-cyclohexadec-5-en-1-one	C16H28O	O=C1CCCCCCCCCC\C=C/CCC1	236399	-5561	-4733	-144	5487	1829	680	-3909	-3465	-3689	-4097	-1428	-3875
B-3426	azacyclononadecan-2-one	C18H35NO	O=C1CCCCCCCCCCCCCCCCCN1	281484	-2847	195	1600	5792	3754	2460	-3909	-57	-3689	-4097	-1428	-2591
B-3292	benzenemethanol, 2,4-dichloro-, propanoate	C10H10Cl2O2	CCC(=O)OCc1ccc(Cl)cc1Cl	233094	-3066	-203	-272	2174	-838	-1101	-2002	-3465	-578	-46	-1428	-2890
A-497	1-[3-(trifluoromethyl)phenyl]ethan-1-one	C9H7F3O	CC(=O)c1cccc(c1)C(F)(F)F	188148	-2482	858	-2012	1155	-3125	-1694	-3909	-3465	-2652	-46	-1428	-3875
C-2265	2,2',3',4,5-pentachlorodiphenyl  ether	C12H5Cl5O	ClC1=C(Cl)C(=CC=C1)OC2=C(Cl)C=C(Cl)C(=C2)Cl	342436	-7480	-8219	3959	8420	2411	1273	-3909	-3465	-1615	4006	1754	-4712
B-1388	2-methyl-2-heptanol	C8H18O	CCCCCC(C)(C)O	130231	-1717	2248	-4253	75	-3277	-4068	-3909	-57	459	-4097	-4610	-3538
C-1561	2-bromo-2,2-diethylacetamide	C6H12BrNO	CCC(Br)(CC)C(N)=O	194072	-1440	2751	-1783	-1652	-3127	-4068	-3909	-57	-578	-4097	-4610	-1098
B-3541	methyl (1-phenylsulfonyl) cyclobutane carboxylat	C12H14O4S	COC(=O)C1(CCC1)[S](=O)(=O)c2ccccc2	254307	-3000	-84	549	-1405	21	680	1812	-3465	-578	-46	1754	753
B-128	nihydrazone	C7H7N3O4	CC(=O)N/N=C/c1oc(cc1)[N+]([O-])=O	197150	-2596	651	-1663	-3105	-2319	-1101	3719	-57	-578	-46	-1428	4734
B-142	hexachlorophene	C13H6Cl6O2	Oc1c(Cl)cc(Cl)c(Cl)c1Cc2c(O)c(Cl)cc(Cl)c2Cl	406907	-3463	-924	6454	8161	4087	3053	-2002	3352	-1615	4006	1754	-1379
C-916	n1-(4-nitrophenyl)sulfanilamide	C12H11N3O4S	NC1=CC=C(C=C1)[S](=O)(=O)NC2=CC=C(C=C2)[N+]([O-])=O	293304	-3940	-1790	2058	-606	1919	2460	3719	3352	459	4006	1754	6611
A-6058	2-cyano-N-methyl-2-[(1E)-3-(2,4,6-trioxo-1,3-diazinan-5-ylidene)-2,3-dihydro-1H-	C16H11N5O4	CNC(=O)/C(C#N)=C/1NC(c2ccccc12)=C3C(=O)NC(=O)NC3=O	337295	-7528	-8306	3760	-7938	3579	5427	3719	10169	-2652	4006	4937	9665
F-1207	5-bromo-6-(pyrrolidin-1-ylmethyl)-1H-pyrimidine-2,4-dione	C9H12BrN3O2	O=C1NC(=O)C(Br)=C(CN2CCCC2)N1	274118	-1780	2133	1315	-3552	-332	-507	-95	3352	-1615	-46	1754	1663
A-868	2-methyl-4-(2,6,6-trimethylcyclohex-2-en-1-yl)butanal	C14H24O	CC(CCC=O)C1C(=CCCC1(C)C)C	208345	-4653	-3085	-1230	3192	399	-507	-3909	-3465	459	-4097	-1428	-3875
A-3596	(2S)-3-methyl-2-[pentanoyl-[[4-[2-(2H-tetrazol-5-yl)phenyl]phenyl]methyl]amino]b	C24H29N5O3	CCCCC(=O)N(Cc1ccc(cc1)c2ccccc2c3n[nH]nn3)[C@@H](C(C)C)C(O)=O	435528	-2736	397	7562	3528	8979	9581	3719	3352	6681	8058	4937	6263
C-2537	valsartan	C24H29N5O3	CCCCC(=O)N(CC1=CC=C(C=C1)C2=C(C=CC=C2)C3=NN=N[NH]3)C(C(C)C)C(O)=O	435528	-4200	-2262	7562	3528	8979	9581	3719	3352	6681	8058	4937	6263
B-1011	2-butenal, 2-methyl-, (e)-	C5H8O	C\C=C(/C)C=O	84118	-527	4409	-6038	-2171	-5540	-5848	-3909	-3465	-2652	-4097	-4610	-3875
B-1871	12-methylbenz(a)anthracene	C19H14	Cc1c2ccccc2cc3ccc4ccccc4c13	242321	-6565	-6557	85	5976	3272	1866	-5816	-3465	-3689	12110	8119	-5697
A-2541	2,2,4,4,6,6,8,8,10,10,12,12-dodecamethyl-3,5,7,9,11-pentaoxa-2,4,6,8,10,12-hexas	C14H42O5Si6	C[Si](C)(C)O[Si](C)(C)O[Si](C)(C)O[Si](C)(C)O[Si](C)(C)O[Si](C)(C)C	459001	-5662	-4917	8471	6149	9079	5427	3719	-3465	6681	-4097	-4610	-772
A-372	1,3-dimethyl-1,3-diphenylurea	C15H16N2O	CN(C(=O)N(C)c1ccccc1)c2ccccc2	240306	-3498	-986	7	2047	1968	1273	-3909	-3465	-1615	4006	1754	-3184
B-1362	p-cyanobenzoic acid	C8H5NO2	OC(=O)c1ccc(cc1)C#N	147133	-2088	1573	-3599	-1972	-3629	-2881	-2002	-57	-2652	-46	-1428	823
G-907	Oxazepam	C15H11ClN2O2	OC3N=C(c1ccccc1)c2cc(Cl)ccc2NC3=O 	286718	-3952	-1812	1803	284	2435	2460	-95	3352	-2652	4006	4937	887
B-1794	1,8-dichloronaphthalene	C10H6Cl2	Clc1cccc2cccc(Cl)c12	197064	-5796	-5161	-1667	3499	-1229	-2288	-5816	-3465	-3689	4006	1754	-5697
F-232	2-hydroxy-N-[6-(2-hydroxypropanoylamino)hexyl]propanamide	C12H24N2O4	CC(O)C(=O)NCCCCCCNC(=O)C(C)O	260334	-700	4095	782	-5220	873	1273	1812	10169	5644	-4097	-4610	4832
C-1854	3-methyl-3h-pteridin-4-one	C7H6N4O	CN1C=NC2=C(N=CC=N2)C1=O	162152	-1070	3423	-3018	-4874	-2954	-2288	3719	-3465	-3689	4006	1754	778
B-3097	ethiozin	C9H16N4OS	CCSC1=NN=C(C(=O)N1N)C(C)(C)C	228321	-2735	398	-457	-2909	-83	-507	5626	-57	-1615	-46	-1428	2179
B-3664	2,4,6-trichloronitrobenzene	C6H2Cl3NO2	[O-][N+](=O)c1c(Cl)cc(Cl)cc1Cl	226446	-4559	-2914	-530	2379	-2114	-2288	-2002	-3465	-2652	-46	-1428	-1093
C-2488	n-[(2-methylamino)acetyl]dorzolamide	C13H21N3O5S3	CCN(C1CC(C)[S](=O)(=O)C2=C1C=C(S2)[S](N)(=O)=O)C(=O)CNC	395528	-1210	3168	6014	-4217	4380	4834	7534	3352	1496	-46	1754	7818
A-4792	isobutyl 2-chloropropanoate	C7H13ClO2	CC(C)COC(=O)[C@H](C)Cl	164632	-2518	794	-2922	-918	-3176	-3475	-2002	-3465	-578	-4097	-4610	-2890
C-2211	cinchoninone	C19H20N2O	C=CC1CN2CCC1CC2C(=O)C3=CC=NC4=C3C=CC=C4	292382	-3190	-428	2022	1923	3900	3647	-95	-3465	-578	4006	11302	-2154
A-3281	octane-1,2-diol	C8H18O2	CCCCCCC(O)CO	146230	-1290	3023	-3634	-1870	-3064	-3475	-2002	3352	2533	-4097	-4610	-1379
B-4574	androstenedione	C19H26O2	C[C@]12CC[C@H]3[C@@H](CCC4=CC(=O)CC[C@]34C)[C@@H]1CCC2=O	286415	-3695	-1345	1791	3387	2972	3053	-2002	-3465	-3689	-4097	8119	-2053
C-302	androstenedione;  androst-4-ene-3,17-dione	C19H26O2	CC12CCC3C(CCC4=CC(=O)CCC34C)C1CCC2=O	286415	-3700	-1354	1791	3387	2972	3053	-2002	-3465	-3689	-4097	8119	-2053
A-5260	2-hydroxyacetic acid	C2H4O3	OCC(O)=O	76051	596	6448	-6350	-6124	-7172	-6442	-2002	3352	-2652	-4097	-4610	443
C-1541	ethambutol; emb	C10H24N2O2	CCC(CO)NCCNC(CC)CO	204314	570	6401	-1386	-4904	-568	-1101	1812	10169	5644	-4097	-4610	1189
B-1195	3,3-dimethylpentane	C7H16	CCC(C)(C)CC	100205	-4229	-2314	-5415	1012	-4198	-5255	-5816	-3465	-1615	-4097	-4610	-5697
D-1502	2-methylpentane	C6H14	CCCC(C)C	86178	-3740	-1427	-5958	273	-4897	-5848	-5816	-3465	-1615	-4097	-4610	-5697
B-3677	n-methylaniline	C7H9N	CNc1ccccc1	107156	-1280	3041	-5146	-1079	-3951	-4661	-3909	-57	-2652	-46	-1428	-4413
B-3754	cinnamic acid, p-methoxy-	C10H10O3	COc1ccc(\C=C\C(O)=O)cc1	178187	-2398	1010	-2397	-956	-1881	-1694	-2002	-57	-578	-46	-1428	-731
G-79	1-Decene	C10H20	CCCCCCCCC=C	140270	-5510	-4641	-3865	3076	-2104	-3475	-5816	-3465	3570	-4097	-4610	-5697
A-4325	3-methyl-2-(2-oxo-1,3-diazinan-1-yl)butanoic acid	C9H16N2O3	CC(C)C(N1CCCNC1=O)C(O)=O	200238	-1103	3363	-1544	-3383	-1681	-1101	-2002	3352	-578	-4097	-1428	1735
B-2099	serine, o-ethyl-	C5H11NO3	CCOC[C@H](N)C(O)=O	133147	524	6318	-4140	-5420	-4540	-4068	-95	3352	459	-4097	-4610	2046
B-1652	aloin	C21H22O9	OC[C@H]1O[C@H]([C@H](O)[C@@H](O)[C@@H]1O)[C@@H]2c3cccc(O)c3C(=O)c4c(O)cc(CO)cc24	418398	-1702	2274	6899	-6037	5919	8394	11348	20395	-578	4006	8119	12222
C-1896	aziprotryne	C7H11N7S	CSC1=NC(=NC(=N1)N=[N]#N)NC(C)C	225281	-3480	-954	-575	109	-441	-507	5626	-57	459	-46	-1428	4917
A-1617	2,3,4,5,6,7-hexahydro-1H-isoindole-1,3-dione	C8H9NO2	O=C1NC(=O)C2=C1CCCC2	151165	-1975	1780	-3443	-3378	-3549	-2881	-2002	-57	-3689	-4097	1754	-770
E-1241	Phenbutamide	C11H16N2O3S	c1ccccc1S(=O)(=O)NC(=O)NCCCC	256327	-3050	-173	627	-1559	452	680	-95	3352	1496	-46	-1428	2336
A-1073	3-nitrobenzoic acid	C7H5NO4	OC(=O)c1cccc(c1)[N+]([O-])=O	167120	-1746	2195	-2826	-1903	-3336	-2288	-95	-57	-1615	-46	-1428	2888
E-778	tert-Amyl_Carbamate	C6H13NO2	NC(=O)OCC(C)(C)C	131175	-800	3913	-4217	-2215	-4103	-4068	-2002	-57	-2652	-4097	-4610	-113
C-1619	vinyl stearate;  octadecanoic acid vinyl ester	C20H38O2	CCCCCCCCCCCCCCCCCC(=O)OC=C	310522	-6150	-5804	2724	8777	5110	3647	-2002	-3465	13941	-4097	-4610	-2890
B-1517	4,4'-oxydi-2-butanol	C8H18O3	CC(O)CCOCCC(C)O	162229	790	6800	-3015	-3319	-2827	-2881	-95	3352	2533	-4097	-4610	-394
B-362	benzaldehyde, 2,5-dimethoxy-	C9H10O3	COc1ccc(OC)c(C=O)c1	166176	-2320	1152	-2862	-1480	-2597	-2288	-95	-3465	-578	-46	-1428	-1905
A-4535	methanesulfonic acid	CH4O3S	C[S](O)(=O)=O	96107	1017	7213	-5574	-5289	-6755	-6442	-2002	-57	-3689	-4097	-4610	106
F-315	5-aminoquinoline-8-sulfonic acid	C9H8N2O3S	NC1=C2C=CC=NC2=C(S(=O)(=O)O)C=C1	224241	-2710	444	-615	-2337	-926	-507	1812	3352	-2652	4006	1754	4258
B-4643	butanamide, 2-chloro-2-ethyl-	C6H12ClNO	CCC(Cl)(CC)C(N)=O	149621	-1029	3497	-3503	-1948	-3592	-4068	-3909	-57	-578	-4097	-4610	-1098
F-314	7-diethylamino-4-methylchromen-2-one	C14H17NO2	CCN(CC)C1=CC2=C(C=C1)C(C)=CC(=O)O2	231295	-4000	-1899	-342	1230	1317	680	-95	-3465	-578	4006	1754	-2127
B-4405	chlorotrifluoromethane	CClF3	FC(F)(F)Cl	104458	-3065	-200	-5251	-1047	-7598	-6442	-5816	-3465	-3689	-4097	-4610	-5697
A-4776	N-[3-(morpholin-4-yl)propyl]naphthalen-1-amine	C17H22N2O	C(CNc1cccc2ccccc12)CN3CCOCC3	270376	-2703	457	1171	1280	3366	2460	-95	-57	1496	4006	4937	-3082
B-3615	m-diethylbenzene	C10H14	CCc1cccc(CC)c1	134222	-3748	-1440	-4099	972	-2557	-3475	-5816	-3465	-1615	-46	-1428	-5697
F-613	1-(4-fluorophenyl)-4-[4-hydroxy-4-(4-methylphenyl)piperidin-1-yl]butan-1-one	C22H26FNO2	CC1=CC=C(C2(O)CCN(CCCC(=O)C3=CC=C(F)C=C3)CC2)C=C1	355453	-4350	-2534	4463	3374	5849	6021	-95	-57	2533	4006	4937	-1370
A-3028	5-(dithiolan-3-yl)valeric acid	C8H14O2S2	OC(=O)CCCCC1CCSS1	206332	-2375	1052	-1308	922	-1140	-2288	-95	-57	1496	-4097	-1428	-1716
B-621	triethylene glycol, dinitrate	C6H12N2O8	[O-][N+](=O)OCCOCCOCCO[N+]([O-])=O	240168	-1561	2531	1	-5418	-2204	86	9441	-3465	7719	-4097	-4610	7451
B-2587	1-hexyl nitrate	C6H13NO3	CCCCCCO[N+]([O-])=O	147174	-3126	-312	-3598	-990	-3785	-3475	-95	-3465	2533	-4097	-4610	-108
A-1703	dipropyl cyclohexane-1,2-dicarboxylate	C14H24O4	CCCOC(=O)C1CCCCC1C(=O)OCCC	256342	-3263	-560	627	759	888	1273	1812	-3465	2533	-4097	-1428	-83
C-2111	proxicromil analog iii;  cyclohexano(6,7)chromone-2-carboxylic acid	C14H12O4	OC(=O)C1=CC(=O)C2=C(O1)C=C3CCCCC3=C2	244246	-1050	3459	159	136	606	1273	-95	-57	-2652	4006	4937	1508
B-4310	benzenamine, n-hydroxy-4-methyl-	C7H9NO	Cc1ccc(NO)cc1	123155	-789	3932	-4527	-950	-3861	-4068	-2002	3352	-2652	-46	-1428	-2254
A-2253	4-methylbenzoyl 4-methylbenzene-1-carboperoxoate	C16H14O4	Cc1ccc(cc1)C(=O)OOC(=O)c2ccc(C)cc2	270284	-6798	-6981	1167	1768	1681	2460	1812	-3465	-1615	4006	1754	-83
B-3297	imibenconazole	C17H13Cl3N4S	Clc1ccc(CSC(Cn2cncn2)=Nc3ccc(Cl)cc3Cl)cc1	411745	-5384	-4413	6642	6822	6699	5427	3719	-3465	1496	8058	4937	-1100
B-160	quinethazone	C10H12ClN3O3S	CCC1NC(=O)c2cc(c(Cl)cc2N1)[S](N)(=O)=O	289744	-3286	-602	1920	-2687	894	1273	1812	6760	-1615	-46	1754	5113
B-945	dl-isoleucine	C6H13NO2	CC[C@H](C)[C@@H](N)C(O)=O	131175	-788	3936	-4217	-3509	-4091	-4068	-2002	3352	-578	-4097	-4610	1061
B-908	isoleucine	C6H13NO2	CCC(C)C(N)C(O)=O	131175	-503	4452	-4217	-3509	-4091	-4068	-2002	3352	-578	-4097	-4610	1061
B-1965	dl-alloisoleucine	C6H13NO2	CC[C@@H](C)[C@H](N)C(O)=O	131175	-390	4658	-4217	-3509	-4091	-4068	-2002	3352	-578	-4097	-4610	1061
A-3674	(2S)-2-amino-3-methylpentanoic acid	C6H13NO2	CC[C@H](C)[C@H](N)C(O)=O	131175	-503	4452	-4217	-3509	-4091	-4068	-2002	3352	-578	-4097	-4610	1061
B-978	tetryl	C7H5N5O8	CN(c1c(cc(cc1[N+]([O-])=O)[N+]([O-])=O)[N+]([O-])=O)[N+]([O-])=O	287144	-3589	-1152	1819	-2383	-43	2460	9441	-3465	1496	-46	-1428	13064
A-3909	1-[4-(4-hydroxyphenyl)piperazin-1-yl]ethan-1-one	C12H16N2O2	CC(=O)N1CCN(CC1)c2ccc(O)cc2	220272	-1818	2064	-769	-2342	74	86	-95	-57	-2652	-46	1754	-1025
B-643	1,2-bis(2-chloroethoxy)ethane	C6H12Cl2O2	ClCCOCCOCCCl	187066	-996	3558	-2054	-1516	-2878	-3475	-2002	-3465	3570	-4097	-4610	-3727
A-5196	2,4,6-tris[(dimethylamino)methyl]phenol	C15H27N3O	CN(C)Cc1cc(CN(C)C)c(O)c(CN(C)C)c1	265401	506	6284	978	-1365	2755	1866	1812	-57	2533	-46	-1428	-2501
A-5026	3-ethyl 5-methyl 4-(2-chlorophenyl)-1,4-dihydro-2-[2-(1,3-dihydro-1,3-dioxo-(2H)	C28H27ClN2O7	CCOC(=O)C1=C(COCCN2C(=O)c3ccccc3C2=O)NC(=C(C1c4ccccc4Cl)C(=O)OC)C	538984	-4501	-2809	11566	2472	11545	13142	9441	-57	5644	4006	8119	6175
B-1025	trimethyleneoxide	C3H6O	C1COC1	58080	1236	7611	-7046	-3580	-7063	-7035	-3909	-3465	-3689	-4097	-1428	-4712
A-3910	4-(oxiran-2-ylmethoxy)-N,N-bis(oxiran-2-ylmethyl)aniline	C15H19NO4	C1OC1COc2ccc(cc2)N(CC3CO3)CC4CO4	277320	-1919	1880	1439	-2328	1709	2460	3719	-3465	4607	-46	8119	-354
C-733	4,4'-ddd; 2,2-bis(4-chlorophenyl)-1,1-dichloroethane	C14H10Cl4	ClC(Cl)C(C1=CC=C(Cl)C=C1)C2=CC=C(Cl)C=C2	320046	-7200	-7711	3093	6874	2749	1273	-5816	-3465	-578	4006	1754	-5697
C-1851	acetaminophen  butyrate	C12H15NO3	CCCC(=O)OC1=CC=C(NC(C)=O)C=C1	221256	-2830	226	-731	99	-121	86	-95	-57	459	-46	-1428	215
B-3250	harmony	C12H13N5O6S2	COC(=O)c1sccc1[S](=O)(=O)NC(=O)Nc2nc(C)nc(OC)n2	387399	-2238	1301	5699	-3315	3638	5427	13255	3352	1496	4006	1754	10255
C-1894	4-(propoxycarbonyloxy)acetanilide	C12H15NO4	CCCOC(=O)OC1=CC=C(NC(C)=O)C=C1	237255	-2570	698	-111	516	140	680	1812	-57	459	-46	-1428	1200
A-2063	4-{2-[4-(cyanooxy)phenyl]propan-2-yl}phenyl cyanate	C17H14N2O2	CC(C)(c1ccc(OC#N)cc1)c2ccc(OC#N)cc2	278311	-5470	-4568	1478	2715	2333	3053	1812	-3465	459	4006	1754	1351
F-36	9H-Pyrido[3,4-B]indole	C11H8N2	C1=CC2=C(C=C1)C1=C(C=NC=C1)N2	168199	-3730	-1408	-2784	791	-1285	-1694	-3909	-57	-3689	8058	4937	-2636
B-4222	epn	C14H14NO4PS	CCO[P](=S)(Oc1ccc(cc1)[N+]([O-])=O)c2ccccc2	323310	-5017	-3746	3219	2550	3577	3053	3719	-3465	2533	4006	1754	877
B-2059	propanoic acid, 2-methyl-, 4-nitrophenyl ester	C10H11NO4	CC(C)C(=O)Oc1ccc(cc1)[N+]([O-])=O	209201	-3959	-1824	-1197	-269	-1289	-507	1812	-3465	-578	-46	-1428	1714
B-1897	formothion	C6H12NO4PS2	CO[P](=S)(OC)SCC(=O)N(C)C=O	257273	-1995	1742	663	-2738	-377	-1101	5626	-3465	2533	-4097	-4610	262
B-1412	3-isopentyloxy-propane-1,2-diol	C8H18O3	CC(C)CCOCC(O)CO	162229	-1210	3168	-3015	-3589	-2834	-2881	-95	3352	2533	-4097	-4610	-394
E-1013	Thiopropazate	C23H28ClN3O2S	CC(=O)OCCN4CCN(CCCN2c1ccccc1Sc3ccc(Cl)cc23)CC4	446016	-4700	-3170	7968	4194	9246	8394	5626	-3465	3570	4006	8119	-1853
F-601	2-(carboxymethylsulfanyl)-2-phenylacetic acid	C10H10O4S	O=C(O)CSC(C(=O)O)C1=CC=CC=C1	226253	-1230	3132	-537	-1265	-783	-507	-95	3352	1496	-46	-1428	2264
B-2993	2,2',3,4,5-pentachlorobiphenyl	C12H5Cl5	Clc1ccccc1c2cc(Cl)c(Cl)c(Cl)c2Cl	326437	-7523	-8296	3340	8183	2247	680	-5816	-3465	-2652	4006	1754	-5697
B-2214	propanoic acid, 2,3-dimercapto-	C3H6O2S2	OC(=O)C(S)CS	138213	-237	4935	-3944	-3784	-4213	-5255	-95	6760	-1615	-4097	-4610	-1716
C-689	5,6-dihydro-2-sulfamoylthieno[3,2-b]thiopyran-7-one	C7H7NO3S3	N[S](=O)(=O)C1=CC2=C(S1)C(=O)CCS2	249338	-3490	-973	356	-2317	-1018	-1101	3719	-57	-2652	-46	1754	2545
B-1547	butanamide, n,n'-1,2-ethanediylbis-	C10H20N2O2	CCCC(=O)NCCNC(=O)CCC	200282	-622	4236	-1542	-2800	-946	-1101	-2002	3352	3570	-4097	-4610	514
B-3842	1,1,2-trichlorotrifluoroethane	C2Cl3F3	FC(F)(Cl)C(F)(Cl)Cl	187375	-3042	-159	-2042	1175	-5412	-4661	-5816	-3465	-2652	-4097	-4610	-5697
B-2375	o1,o3-diisopropyl-glycerol	C9H20O3	CC(C)OCC(O)COC(C)C	176256	55	5466	-2472	-2084	-2105	-2288	-95	-57	2533	-4097	-4610	-1568
C-1244	mevastatin	C23H34O5	CCC(C)C(=O)OC1CCC=C2C=CC(C)C(CCC3CC(O)CC(=O)O3)C12	390520	-5420	-4478	5820	3126	6693	7207	3719	-57	2533	-4097	4937	2076
B-2686	butanoic acid, 1,2-ethanediylbis(oxy-2,1-ethaned	C14H26O6	CCCC(=O)OCCOCCOCCOC(=O)CCC	290356	-1560	2533	1944	-1120	1709	2460	5626	-3465	9793	-4097	-4610	1887
C-2472	2-sulfamoyl-5-(4-chlorobenzenesulfonamido)-1,3,4-thiadiazole	C8H7ClN4O4S3	N[S](=O)(=O)C1=NN=C(N[S](=O)(=O)C2=CC=C(Cl)C=C2)S1	354822	-2010	1715	4439	-3139	1735	2460	7534	3352	459	4006	1754	8402
B-1679	benzamide, 3-(aminosulfonyl)-	C7H8N2O3S	NC(=O)c1cccc(c1)[S](N)(=O)=O	200219	-2155	1451	-1545	-5424	-2385	-1694	-95	3352	-1615	-46	-1428	5322
C-2495	naproxen-derivat 3 i	C25H27NO5	COC1=CC=C2C=C(C=CC2=C1)C(C)C(=O)OC(C)OC(=O)C(N)CC3=CC=CC=C3	421493	-3500	-991	7019	3135	8569	8988	5626	-57	4607	8058	4937	3678
B-698	benzenemethanol, 4-chloro-.alpha.-phenyl-	C13H11ClO	OC(c1ccccc1)c2ccc(Cl)cc2	218683	-3489	-970	-830	2127	-20	-507	-3909	-57	-1615	4006	1754	-3538
B-3460	1(3h)-isobenzofuranone, 6-amino-3-methyl-	C9H9NO2	CC1OC(=O)c2cc(N)ccc12	163176	-1789	2117	-2978	-1510	-2635	-2288	-95	-57	-3689	-46	1754	-113
A-3519	2-chloroaniline	C6H6ClN	Nc1ccccc1Cl	127574	-1358	2900	-4356	-712	-3970	-4661	-3909	-57	-3689	-46	-1428	-2920
B-4542	2,6-dihydroxybenzoic acid	C7H6O4	OC(=O)c1c(O)cccc1O	154121	-1207	3173	-3329	-2844	-3839	-2881	-95	6760	-2652	-46	-1428	2602
C-2502	n4-[2-(nicotinoylamino)pyrimidin-4-yl]sulfanilamide;  2-(nicotinoylamino)-4-(4-s	C16H14N6O3S	N[S](=O)(=O)C1=CC=C(NC2=NC(=NC=C2)NC(=O)C3=CC=CN=C3)C=C1	370394	-1270	3059	5041	-1483	5032	6021	7534	6760	1496	8058	4937	9240
A-1172	4-phenylbutan-2-one	C10H12O	CC(=O)CCc1ccccc1	148205	-1716	2249	-3558	-170	-2520	-2881	-3909	-3465	-578	-46	-1428	-3875
A-4812	2-methylcyclohexyl acetate	C9H16O2	CC1CCCCC1OC(C)=O	156225	-2550	734	-3247	-322	-2862	-2881	-2002	-3465	-2652	-4097	-1428	-2890
A-4572	2-amino-4,5-dichlorobenzene-1-sulfonic acid	C6H5Cl2NO3S	Nc1cc(Cl)c(Cl)cc1[S](O)(=O)=O	242083	-2105	1542	76	-901	-1726	-1694	-95	3352	-2652	-46	-1428	2882
C-2077	6-(hexanoyloxymethylthio)purine	C12H16N4O2S	CCCCCC(=O)OCSC1=NC=NC2=C1N=C[NH]2	280353	-3630	-1227	1557	431	1598	1866	5626	-57	3570	4006	1754	2922
B-768	noscapine	C22H23NO7	COc1ccc2[C@H](OC(=O)c2c1OC)[C@@H]3N(C)CCc4cc5OCOc5c(OC)c34	413426	-3139	-336	6707	1105	6633	8394	9441	-3465	459	4006	11302	2381
E-1007	Noscapine	C22H23NO7	COc2ccc1C(OC(=O)c1c2OC)C4N(C)CCc5cc3OCOc3c(OC)c45	413426	-3140	-337	6707	1105	6633	8394	9441	-3465	459	4006	11302	2381
B-3053	azaconazol	C12H11Cl2N3O2	Clc1ccc(c(Cl)c1)C2(Cn3cncn3)OCCO2	300145	-3003	-88	2323	353	1208	1866	3719	-3465	-578	4006	4937	-449
B-801	ethanol, 2,2'-(ethylimino)bis-	C6H15NO2	CC[NH+](CCO)CCO	134199	876	6956	-4100	-8372	-4039	-4068	-2002	6760	1496	-4097	-4610	-905
E-878	Vasicinone	C11H12N2O2	c1ccc2C(O)N3CCC(O)C3=Nc2c1	204229	-2070	1606	-1389	-2859	-948	-507	1812	3352	-3689	-46	4937	286
B-3507	triflusulfuron-methyl	C16H17F3N6O6S	CN(C)c1nc(NC(=O)N[S](=O)(=O)c2c(C)cccc2C(O)=O)nc(OCC(F)(F)F)n1	478409	-5680	-4950	9222	-1708	6223	9581	11348	6760	3570	4006	1754	11774
C-710	dexamethasone-21-acetate;  decadronal	C24H31FO6	CC1CC2C3CCC4=CC(=O)C=CC4(C)C3(F)C(O)CC2(C)C1(O)C(=O)COC(C)=O	434504	-4900	-3533	7523	319	7178	8988	5626	3352	-578	-4097	8119	5071
C-545	mephobarbital;  1-methylphenobarbital;  5-ethyl-1-methyl-5-phenylbarbituric  aci	C13H14N2O3	CCC1(C(=O)NC(=O)N(C)C1=O)C2=CC=CC=C2	246266	-3680	-1318	237	-2377	399	1273	-95	-57	-1615	-46	1754	1398
B-4124	2,2',3,5'-tetrachlorobiphenyl	C12H6Cl4	Clc1ccc(Cl)c(c1)c2cccc(Cl)c2Cl	291992	-6465	-6376	2007	6946	1489	86	-5816	-3465	-2652	4006	1754	-5697
C-609	hydrocortisone  acetate	C23H32O6	CC(=O)OCC(=O)C1(O)CCC2C3CCC4=CC(=O)CCC4(C)C3C(O)CC12C	404503	-4610	-3007	6361	103	6451	7801	5626	3352	-578	-4097	8119	5071
B-2811	2,2',3,4'-tetrachlorobiphenyl	C12H6Cl4	Clc1ccc(c(Cl)c1)c2cccc(Cl)c2Cl	291992	-6681	-6769	2007	6946	1489	86	-5816	-3465	-2652	4006	1754	-5697
F-1204	benzene-1,4-dicarbohydrazide	C8H10N4O2	NNC(=O)C1=CC=C(C(=O)NN)C=C1	194194	-2290	1207	-1778	-6445	-1868	-1101	1812	10169	-1615	-46	-1428	6068
A-5688	3-methylcyclopentadecanone	C16H30O	CC1CCCCCCCCCCCCC(=O)C1	238415	-5744	-5066	-66	5638	1833	680	-3909	-3465	-3689	-4097	-1428	-3875
B-786	1,3-diphenyl-1-triazene	C12H11N3	N(N=Nc1ccccc1)c2ccccc2	197241	-2596	651	-1660	2838	-161	-507	-2002	-57	-578	4006	1754	-1775
B-4145	3-methylacetanilide	C9H11NO	CC(=O)Nc1cccc(C)c1	149193	-2091	1568	-3519	-652	-2514	-2881	-3909	-57	-2652	-46	-1428	-2591
B-959	quinamine	C19H24N2O2	O[C@@]12CCO[C@@]1(Nc3ccccc23)[C@@H]4C[C@@H]5CCN4C[C@@H]5C=C	312413	-2671	516	2797	28	4080	4240	1812	3352	-1615	-46	14484	-923
B-506	decanedioic acid, dimethyl ester	C12H22O4	COC(=O)CCCCCCCCC(=O)OC	230304	-3283	-597	-380	294	-169	86	1812	-3465	5644	-4097	-4610	-83
A-4540	pentane-1,5-diol	C5H12O2	OCCCCCO	104149	982	7150	-5263	-4083	-5158	-5255	-2002	3352	459	-4097	-4610	-1379
B-2167	pyrene, 1-nitro-	C16H9NO2	[O-][N+](=O)c1ccc2ccc3cccc4ccc1c2c34	247253	-7321	-7931	276	4154	2228	1866	-2002	-3465	-2652	12110	8119	-1093
B-3323	nonanoic acid, 2,3-dihydroxy-	C9H18O4	CCCCCCC(O)C(O)C(O)=O	190239	-1547	2556	-1931	-2906	-2071	-1694	-95	6760	3570	-4097	-4610	2602
A-1354	triethoxy(2-methylpropyl)silane	C10H24O3Si	CCO[Si](CC(C)C)(OCC)OCC	220385	-3017	-113	-764	743	-274	-1101	-95	-3465	4607	-4097	-4610	-2742
A-812	5-hexyl-5-methyldihydrofuran-2(3H)-one	C11H20O2	CCCCCCC1(C)CCC(=O)O1	184279	-2643	565	-2162	1428	-1453	-1694	-2002	-3465	1496	-4097	-1428	-2890
A-350	4-[(1-amino-4-hydroxy-9,10-dioxo-9,10-dihydroanthracen-2-yl)oxy]-N-(3-ethoxyprop	C25H24N2O7S	CCOCCCN[S](=O)(=O)c1ccc(Oc2cc(O)c3C(=O)c4ccccc4C(=O)c3c2N)cc1	496541	-4787	-3329	9923	1796	10077	11362	9441	6760	5644	8058	8119	9780
B-4541	4-aminobenzoic acid	C7H7NO2	Nc1ccc(cc1)C(O)=O	137138	-1351	2912	-3986	-2520	-3675	-3475	-2002	3352	-2652	-46	-1428	1061
C-863	oxycarboxin	C12H13NO4S	CC1=C(C(=O)NC2=CC=CC=C2)[S](=O)(=O)CCO1	267306	-2430	953	1052	-1886	821	1273	1812	-57	-1615	-46	1754	2037
B-2642	triazophos	C12H16N3O3PS	CCO[P](=S)(OCC)Oc1ncn(n1)c2ccccc2	313319	-3905	-1726	2832	1222	2640	2460	7534	-3465	3570	4006	1754	536
A-3380	2-methylpropanal	C4H8O	CC(C)C=O	72107	-80	5221	-6503	-2758	-6236	-6442	-3909	-3465	-2652	-4097	-4610	-3875
C-2350	1-(2,6-difluorophenyl)-1h,3h-thiazolo[3,4-a]benzimidazole;  nsc 625487	C15H10F2N2S	FC1=C(C2SCC3=NC4=C(C=CC=C4)[N]23)C(=CC=C1)F	288322	-3760	-1463	1865	3427	2035	2460	-95	-3465	-2652	8058	8119	-3795
B-787	benzenamine, 2-ethoxy-5-nitro-	C8H10N2O3	CCOc1ccc(cc1N)[N+]([O-])=O	182179	-3211	-466	-2243	-1367	-2030	-1694	1812	-57	-578	-46	-1428	2669
A-1334	pentan-1-ol	C5H12O	CCCCCO	88150	-603	4271	-5882	-2138	-5371	-5848	-3909	-57	-578	-4097	-4610	-3538
E-907	Carbetamide	C12H16N2O3	CCNC(=O)C(C)OC(=O)Nc1ccccc1	236271	-1830	2042	-149	-1019	395	680	-95	3352	459	-46	-1428	1499
B-2473	carbetamide	C12H16N2O3	CCNC(=O)[C@H](C)OC(=O)Nc1ccccc1	236271	-1829	2044	-149	-1019	395	680	-95	3352	459	-46	-1428	1499
B-1610	2-heptyne	C7H12	CCCCC#CC	96173	-2770	336	-5571	-186	-4408	-5255	-5816	-3465	-1615	-4097	-4610	-5697
B-2428	difenoxuron	C16H18N2O3	COc1ccc(Oc2ccc(NC(=O)N(C)C)cc2)cc1	286331	-4156	-2182	1788	2429	3048	3053	-95	-57	459	4006	1754	-275
F-673	4-amino-~{N}-[1,3-dihydroxy-2-(hydroxymethyl)propan-2-yl]benzenesulfonamide	C10H16N2O5S	NC1=CC=C(S(=O)(=O)NC(CO)(CO)CO)C=C1	276314	-1400	2823	1400	-7639	466	1273	5626	13578	2533	-46	-1428	8484
B-3305	isoxapyrifop	C17H16Cl2N2O4	CC(Oc1ccc(Oc2ncc(Cl)cc2Cl)cc1)C(=O)N3CCCO3	383231	-4592	-2974	5538	3434	4703	5427	3719	-3465	1496	4006	4937	801
A-3475	methyl cyanoacetate	C4H5NO2	COC(=O)CC#N	99089	-264	4887	-5459	-4212	-6032	-5255	-95	-3465	-2652	-4097	-4610	-351
F-866	7-chloro-3',6-diethoxy-4-methoxy-5'-methylspiro[1-benzofuran-2,4'-cyclohex-2-ene	C19H21ClO6	CCOC1=CC(=O)CC(C)C12OC1=C(C2=O)C(OC)=CC(OCC)=C1Cl	380824	-4700	-3170	5445	2447	5038	6021	5626	-3465	1496	-46	4937	1887
B-4205	trichloronate	C10H12Cl3O2PS	CCO[P](=S)(CC)Oc1cc(Cl)c(Cl)cc1Cl	333604	-5752	-5081	3618	5856	2493	680	-95	-3465	1496	-46	-1428	-3727
D-1648	cytisine	C11H14N2O	O=C1C=CC=C2[C@@H]3CNC[C@H](C3)CN12	190246	363	6025	-1931	-3300	-1161	-1101	-95	-57	-3689	-46	4937	-2065
E-886	Cytisine	C11H14N2O	C1=CC(=O)N2CC(C3)CNCC3C2=C1	190246	360	6020	-1931	-3300	-1161	-1101	-95	-57	-3689	-46	4937	-2065
F-708	4-methylsulfonylbenzenecarboximidamide	C8H10N2O2S	CS(=O)(=O)C1=CC=C(C(=N)N)C=C1	198247	-1380	2860	-1621	-3642	-1744	-1694	-95	3352	-1615	-46	-1428	3269
B-2179	ethane, 1,1'-[oxybis(methyleneoxy)]bis-	C6H14O3	CCOCOCOCC	134175	-128	5134	-4101	-2474	-4242	-4068	-95	-3465	2533	-4097	-4610	-2742
B-2994	phosphoric acid, ethyl dipropyl ester	C8H19O4P	CCCO[P](=O)(OCC)OCCC	210210	-980	3586	-1158	1299	-1570	-1694	1812	-3465	4607	-4097	-4610	-920
C-776	n-(4-chlorophenyl)benzenesulfonamide	C12H10ClNO2S	ClC1=CC=C(N[S](=O)(=O)C2=CC=CC=C2)C=C1	267737	-4030	-1953	1068	1595	1002	680	-2002	-57	-578	4006	1754	-770
A-3195	Pyromellitic dianhydride	C10H2O6	O=C1OC(=O)c2cc3C(=O)OC(=O)c3cc12	218120	-1406	2812	-852	-5306	-1309	86	5626	-3465	-3689	8058	4937	4395
C-919	chlordiazepoxide	C16H14ClN3O	CNC1=NC2=CC=C(Cl)C=C2C(=[N+]([O-])C1)C3=CC=CC=C3	299761	-4480	-2771	2308	1235	3584	3053	-95	-57	-2652	4006	4937	-312
A-2149	diphenyl 4-(propan-2-yl)phenyl phosphate phenyl bis[4-(propan-2-yl)phenyl] phosp	C27H33O4P	CC(C)c1ccc(O[P](=O)(Oc2ccc(cc2)C(C)C)Oc3ccc(cc3)C(C)C)cc1	452531	-6137	-5780	8220	12122	10447	9581	1812	-3465	5644	8058	4937	-920
A-790	4-methoxy-3-nitrobenzoic acid	C8H7NO5	COc1ccc(cc1[N+]([O-])=O)C(O)=O	197146	-2661	532	-1664	-1886	-2344	-1101	1812	-57	-578	-46	-1428	3873
B-829	n-hexyl acetate	C8H16O2	CCCCCCOC(C)=O	144214	-2451	914	-3712	-319	-3227	-3475	-2002	-3465	1496	-4097	-4610	-2890
A-4544	propane-1,2-diamine	C3H10N2	CC(N)CN	74127	1130	7418	-6425	-5690	-5963	-6442	-2002	3352	-2652	-4097	-4610	-143
A-1511	benzyl 2-methylprop-2-enoate	C11H12O2	CC(=C)C(=O)OCc1ccccc1	176215	-2968	-25	-2474	15	-1671	-1694	-2002	-3465	-578	-46	-1428	-2890
B-2563	1-naphthoic acid, 4-ethoxy-	C13H12O3	CCOc1ccc(C(O)=O)c2ccccc12	216236	-4112	-2103	-925	1209	-1	86	-2002	-57	-578	4006	1754	-731
A-5076	4-(3,4,5,6-tetramethyloctan-2-yl)phenol	C16H26O	CCC(C)C(C)C(C)CCc1ccc(O)cc1	234383	-5182	-4046	-222	4439	1836	680	-3909	-57	2533	-46	-1428	-3538
B-3466	flupoxam	C19H14ClF5N4O2	NC(=O)c1nn(c2ccc(Cl)c(COCC(F)(F)C(F)(F)F)c2)c(n1)c3ccccc3	460790	-5664	-4920	8540	3981	5889	8988	3719	-57	3570	8058	4937	3164
B-3181	2-propenoic acid, 2,3-dibromo-3-iodo-	C3HBr2IO2	OC(=O)C(Br)=C(Br)I	355751	-1020	3514	4475	316	-2354	-4661	-3909	-57	-2652	-4097	-4610	-1716
B-2616	acetic acid, bis(2-carboxyphenyl)-	C16H12O6	OC(=O)C(c1ccccc1C(O)=O)c2ccccc2C(O)=O	300266	-2500	826	2327	3	2149	3647	-95	6760	1496	4006	1754	6245
B-294	2,6-dihydroxy-anthraquinone	C14H8O4	Oc1ccc2C(=O)c3cc(O)ccc3C(=O)c2c1	240214	-5889	-5330	3	-804	150	1273	1812	3352	-3689	4006	4937	2264
C-1489	1-(isobutoxycarbonyl)thiabendazole; 1-isobutoxycarbonyl-2-(thiazol-4-yl)benzimid	C15H15N3O2S	CC(C)COC(=O)[N]1C2=C(C=CC=C2)N=C1C3=CSC=N3	301371	-4170	-2208	2370	2844	3080	3053	5626	-3465	-578	8058	4937	387
C-1737	3-(2-aminoethyl)indole;  tryptamine	C10H12N2	NCCC1=C[NH]C2=C1C=CC=C2	160220	-3300	-627	-3093	-1191	-1670	-2288	-3909	3352	-1615	4006	1754	-1235
B-3115	pentanamide, n-(aminocarbonyl)-2-bromo-	C6H11BrN2O2	CCCC(Br)C(=O)NC(N)=O	223070	-1428	2773	-660	-2940	-2534	-2881	-2002	3352	-578	-4097	-4610	2007
A-398	tributyl[(tributylstannyl)oxy]stannane	6C4H9.O.2Sn	CCCC[Sn](CCCC)(CCCC)O[Sn](CCCC)(CCCC)CCCC	596117	-3923	-1759	13777	14002	10417	6614	-3909	-3465	17052	-4097	-4610	-4712
B-4004	1,4-dimethylnaphthalene	C12H12	Cc1ccc(C)c2ccccc12	156228	-4137	-2147	-3247	2193	-1312	-2288	-5816	-3465	-3689	4006	1754	-5697
B-1226	2-bromonaphthalene	C10H7Br	Brc1ccc2ccccc2c1	207070	-4400	-2625	-1280	2469	-1580	-2881	-5816	-3465	-3689	4006	1754	-5697
C-981	5-hydroxy-5,6-dihydro-4h-2-sulfamoylthieno[2,3-b]thiopyran-7,7-dioxide	C7H9NO5S3	N[S](=O)(=O)C1=CC2=C(S1)[S](=O)(=O)CC(O)C2	283352	-1540	2569	1673	-6080	-701	86	5626	3352	-2652	-46	1754	6526
C-1969	norethindrone  enanthate, norethindrone heptanoate; norethisterone enanthate	C27H38O3	CCCCCCC(=O)OC1(CCC2C3CCC4=CC(=O)CCC4C3CCC12C)C#C	410598	-6890	-7148	6597	7034	8543	8394	-95	-3465	2533	-4097	8119	-1068
B-3494	pyraflufen-ethyl	C15H13Cl2F3N2O4	CCOC(=O)COc1cc(c(F)cc1Cl)c2nn(C)c(OC(F)F)c2Cl	413179	-5616	-4834	6697	3366	3830	6021	5626	-3465	3570	4006	1754	982
B-2512	metolazone	C16H16ClN3O3S	CC1Nc2cc(Cl)c(cc2C(=O)N1c3ccccc3C)[S](N)(=O)=O	365842	-3783	-1505	4865	788	4817	4834	1812	3352	-1615	4006	4937	4175
E-821	3-Propyl-2,4-pentadione	C8H14O2	CC(=O)C(CCC)C(=O)C	142198	-880	3768	-3790	-1358	-3380	-3475	-2002	-3465	459	-4097	-4610	-2053
B-1072	propranolol	C16H21NO2	CC(C)NCC(O)COc1cccc2ccccc12	259349	-3620	-1209	744	529	2499	1866	-95	3352	2533	4006	1754	-1269
F-659	2-(3-hydroxyphenyl)sulfonylphenol	C12H10O4S	O=S(=O)(C1=CC(O)=CC=C1)C1=C(O)C=CC=C1	250275	-2290	1207	393	-696	-64	680	1812	3352	-1615	4006	1754	2264
B-2926	cimetidine	C10H16N6S	CN=C(NCCSCc1nc[nH]c1C)NC#N	252347	-1430	2769	473	-3219	1137	680	1812	6760	1496	-46	-1428	3789
B-3809	3-pentanol	C5H12O	CCC(O)CC	88150	-233	4942	-5882	-2141	-5375	-5848	-3909	-57	-1615	-4097	-4610	-3538
C-817	quinidine	C20H24N2O2	COC1=CC2=C(C=CN=C2C=C1)C(O)C3CN4CCC3C(C4)C=C	324424	-3360	-736	3262	1387	4980	4834	1812	-57	459	4006	11302	-831
B-3849	bromocyclohexane	C6H11Br	BrC1CCCCC1	163058	-2294	1199	-2983	787	-3980	-5255	-5816	-3465	-3689	-4097	-1428	-5697
F-1174	2-chloro-4-[(4-hydroxyphenyl)diazenyl]benzoic acid	C13H9ClN2O3	O=C(O)C1=C(Cl)C=C(N=NC2=CC=C(O)C=C2)C=C1	276679	-2620	608	1414	3523	1303	1866	1812	3352	-578	4006	1754	3081
B-678	1-amino-4-hydroxyanthraquinone	C14H9NO3	Nc1ccc(O)c2C(=O)c3ccccc3C(=O)c12	239230	-3824	-1579	-35	-1038	566	1273	1812	3352	-3689	4006	4937	2882
A-5324	2-methylpentanedioic acid	C6H10O4	CC(CCC(O)=O)C(O)=O	146142	835	6883	-3638	-3268	-4303	-3475	-2002	3352	459	-4097	-4610	2264
A-1212	1,1'-oxybis(3-methylbutane)	C10H22O	CC(C)CCOCCC(C)C	158285	-3760	-1463	-3168	1509	-1871	-2881	-3909	-3465	2533	-4097	-4610	-4712
B-1083	trimellitic acid	C9H6O6	OC(=O)c1ccc(C(O)=O)c(c1)C(O)=O	210141	-1000	3549	-1161	-2872	-2236	-507	-95	6760	-578	-46	-1428	6245
F-15	N,N-dichloro-4-methylbenzenesulfonamide	C7H7Cl2NO2S	CC1=CC=C(S(=O)(=O)N(Cl)Cl)C=C1	240111	-3510	-1009	-1	-9	-1541	-1694	-2002	-3465	-1615	-46	-1428	-1708
C-422	alclofenac	C11H11ClO3	OC(=O)CC1=CC(=C(OCC=C)C=C1)Cl	226659	-3130	-319	-521	443	-545	-507	-2002	-57	1496	-46	-1428	-731
C-2449	coumachlor  (hemiketal isomer)	C19H15ClO4	CC1(O)CC(C2=CC=C(Cl)C=C2)C3=C(O1)C4=C(OC3=O)C=CC=C4	342778	-5840	-5241	3973	3353	4476	4834	1812	-57	-2652	8058	8119	671
A-557	2,3-dihydroxypropyl laurate	C15H30O4	CCCCCCCCCCCC(=O)OCC(O)CO	274401	-4660	-3098	1326	957	2091	1866	1812	3352	9793	-4097	-4610	1428
B-960	aspidospermine	C22H30N2O2	CC[C@@]12CCCN3CC[C@@]4([C@@H](CC1)N(C(C)=O)c5c(OC)cccc45)[C@@H]23	354494	-1327	2956	4426	2704	6163	6021	-95	-3465	-1615	-46	11302	-2199
B-1401	2-propanol, 1,3-bis(3-methylbutoxy)-	C13H28O3	CC(C)CCOCC(O)COCCC(C)C	232364	-1366	2885	-301	331	677	86	-95	-57	6681	-4097	-4610	-1568
B-2107	phosphinic acid, di-4-morpholinyl-, phenyl ester	C14H21N2O4P	O=[P](Oc1ccccc1)(N2CCOCC2)N3CCOCC3	312306	392	6079	2793	-871	2631	3053	1812	-3465	459	-46	4937	-229
B-3186	azo dye n5	C23H24N6O4	CCCCN(CCOC(C)=O)c1ccc(N=Nc2c(cc(cc2C#N)[N+]([O-])=O)C#N)c(C)c1	448483	-8881	-10763	8064	5553	9017	10175	11348	-3465	6681	4006	1754	9775
B-2180	naphtho[1,2-c]furan-1(3h)-one	C12H8O2	O=C1OCc2ccc3ccccc3c12	184194	-3306	-639	-2165	402	-1365	-1101	-2002	-3465	-3689	4006	4937	-2890
C-964	7,12-dimethylbenz[a]anthracene	C20H16	CC1=C2C=CC3=C(C=CC=C3)C2=C(C)C4=C1C=CC=C4	256348	-6780	-6948	628	6559	3989	2460	-5816	-3465	-3689	12110	8119	-5697
C-1949	2-{[4-(2-chloroacetyl)phenyl]hydrazono}malononitrile	C11H7ClN4O	ClCC(=O)C1=CC=C(NN=C(C#N)C#N)C=C1	246657	-3190	-428	253	-710	256	680	3719	-57	459	-46	-1428	3805
A-1239	(3,4-dihydroxyphenyl)-phenylmethanone	C13H10O3	Oc1ccc(cc1O)C(=O)c2ccccc2	214220	-2923	58	-1003	58	-369	86	-95	3352	-1615	4006	1754	443
B-4113	2,3,3',4',6-pentachlorobiphenyl	C12H5Cl5	Clc1ccc(cc1Cl)c2c(Cl)ccc(Cl)c2Cl	326437	-7650	-8528	3340	8183	2247	680	-5816	-3465	-2652	4006	1754	-5697
A-2404	1-methoxypropan-2-ol	C4H10O2	COCC(C)O	90122	1045	7264	-5806	-4325	-5834	-5848	-2002	-57	-1615	-4097	-4610	-2553
F-793	6-fluoro-1-(1-fluoro-2-methylpropan-2-yl)-4-oxo-7-piperazin-1-ylquinoline-3-carb	C18H21F2N3O3	CC(C)(CF)N1C=C(C(=O)O)C(=O)C2=C1C=C(N1CCNCC1)C(F)=C2	365380	-2600	644	4847	-653	5060	6021	3719	3352	459	4006	4937	2261
A-3290	propan-2-yl 2,2,2-trifluoroacetate	C5H7F3O2	CC(C)OC(=O)C(F)(F)F	156103	-1336	2939	-3252	-1510	-5270	-3475	-2002	-3465	-2652	-4097	-4610	-2890
B-2227	5-quinoxalinamine, 6,7-dimethoxy-	C10H11N3O2	COc1cc2nccnc2c(N)c1OC	205217	-1710	2260	-1351	-2023	-762	-507	3719	-57	-1615	4006	1754	1801
B-1746	2-furancarboxaldehyde, 5-(methoxymethyl)-	C7H8O3	COCc1oc(C=O)cc1	140138	-499	4459	-3870	-2006	-4130	-3475	-95	-3465	-578	-46	-1428	-1488
B-4041	glycerol 1,3-dinitrate	C3H6N2O7	OC(CO[N+]([O-])=O)CO[N+]([O-])=O	182088	-366	4701	-2246	-6690	-4571	-2288	7534	-57	2533	-4097	-4610	7640
A-1553	tris(1,3-dichloropropan-2-yl) phosphate	C9H15Cl6O4P	ClCC(CCl)O[P](=O)(OC(CCl)CCl)OC(CCl)CCl	430907	-4377	-2583	7383	4515	3704	2460	1812	-3465	8756	-4097	-4610	-920
B-4322	pyrazolynate	C19H16Cl2N2O4S	Cn1nc(C)c(C(=O)c2ccc(Cl)cc2Cl)c1O[S](=O)(=O)c3ccc(C)cc3	439320	-6895	-7156	7709	3870	6775	7207	5626	-3465	1496	8058	4937	2655
A-3344	3-methylbut-2-en-1-ol	C5H10O	CC(C)=CCO	86134	-129	5132	-5960	-2562	-5386	-5848	-3909	-57	-2652	-4097	-4610	-3538
B-1710	6-methylchrysene	C19H14	Cc1cc2c3ccccc3ccc2c4ccccc14	242321	-6572	-6569	85	5976	3272	1866	-5816	-3465	-3689	12110	8119	-5697
I-79	sulfamethazine	C12H14N4O2S	S(=O)(=O)(Nc1nc(C)cc(n1)C)c1ccc(N)cc1	278337	-2730	408	1479	-1555	1678	1866	3719	3352	-578	4006	1754	4758
A-2738	4-[(E)-2-(5-cyano-2-hydroxy-1,4-dimethyl-6-oxo-1,6-dihydropyridin-3-yl)diazen-1-	C23H29N5O3	CCCCC(CC)CNC(=O)c1ccc(N\N=C2\C(=C(C#N)C(=O)N(C)C2=O)C)cc1	423517	-7025	-7392	7097	1782	8652	8988	5626	3352	5644	-46	1754	6540
B-18	2,4-dichlorobenzoic acid	C7H4Cl2O2	OC(=O)c1ccc(Cl)cc1Cl	191013	-2600	643	-1901	745	-2826	-2881	-3909	-57	-2652	-46	-1428	-1716
C-1730	n-piperidin-1-ylmethylbenzamide	C13H18N2O	O=C(NCN1CCCCC1)C2=CC=CC=C2	218300	-2150	1461	-845	-830	320	86	-2002	-57	-578	-46	1754	-2245
B-2491	benzenesulfonamide, 4-amino-n-1,3,4-thiadiazol-2	C8H8N4O2S2	Nc1ccc(cc1)[S](=O)(=O)Nc2scnn2	256312	-2868	156	626	-2607	-78	86	5626	3352	-578	4006	1754	4758
A-4145	2-Chloro-1,1-difluoroethane	C2H3ClF2	FC(F)CCl	100495	-923	3690	-5404	-1529	-6868	-6442	-5816	-3465	-2652	-4097	-4610	-5697
A-2117	1,1':3',1''-terphenyl-2'-ol	C18H14O	Oc1c(cccc1c2ccccc2)c3ccccc3	246309	-5684	-4957	239	4597	2558	1866	-3909	-57	-1615	8058	4937	-3538
A-655	1-N-phenylbenzene-1,4-diamine	C12H12N2	Nc1ccc(Nc2ccccc2)cc1	184242	-2563	711	-2163	1352	-228	-1101	-2002	3352	-1615	4006	1754	-1636
A-5340	N-methylformamide	C2H5NO	CNC=O	59068	1229	7597	-7007	-5558	-7111	-7035	-3909	-57	-2652	-4097	-4610	-2591
C-1447	2,2',3,3',4,4'-hexachlorodiphenyl  ether	C12H4Cl6O	ClC1=C(Cl)C(=C(OC2=CC=C(Cl)C(=C2Cl)Cl)C=C1)Cl	376881	-8140	-9418	5292	9657	3169	1866	-3909	-3465	-1615	4006	1754	-4712
F-656	Heptyl 3-bromo-4-hydroxybenzoate	C14H19BrO3	CCCCCCCOC(=O)C1=CC(Br)=C(O)C=C1	315207	-4420	-2662	2906	3756	1932	1273	-95	-57	3570	-46	-1428	-731
A-63	N,N'-bis(3-phenylprop-2-en-1-ylidene)hexane-1,6-diamine	C24H28N2	C(CCCN=C\C=C\c1ccccc1)CCN=C/C=C/c2ccccc2	344502	-3894	-1706	4039	7226	8184	6021	-2002	-3465	7719	4006	1754	-3059
B-2754	4-quinolinecarboxylic acid, 1,2-dihydro-6-methox	C11H9NO4	COc1ccc2NC(=O)C=C(C([O-])=O)c2c1	218188	-3110	-283	-849	-4539	-1005	86	1812	-57	-1615	4006	1754	3078
G-958	Phoxim	C12H15N2O3PS	CCOP(=S)(OCC)ON=C(C#N)c1ccccc1	298304	-4862	-3464	2251	1761	2291	1866	5626	-3465	3570	-46	-1428	1116
D-267	phoxim	C12H15N2O3PS	CCO[P](=S)(OCC)O\N=C(C#N)\c1ccccc1	298304	-4630	-3043	2251	1761	2291	1866	5626	-3465	3570	-46	-1428	1116
H-409	Propane	C3H8	CCC	44097	-2840	208	-7587	-1669	-6983	-7629	-5816	-3465	-3689	-4097	-4610	-5697
B-1187	allyl ether	C6H10O	C=CCOCC=C	98145	-21	5328	-5495	-1747	-4675	-5255	-3909	-3465	459	-4097	-4610	-4712
A-5754	1-[(E)-2-(4-methyl-2-nitrophenyl)diazen-1-yl]naphthalen-2-ol	C17H13N3O3	Cc1ccc(N\N=C2/C(=O)C=Cc3ccccc23)c(c1)[N+]([O-])=O	307309	-7969	-9107	2600	1926	3996	4240	3719	-57	-578	4006	4937	3332
A-216	1-amino-4-(ethylamino)-9,10-dioxo-9,10-dihydroanthracene-2-carbonitrile	C17H13N3O2	CCNc1cc(C#N)c(N)c2C(=O)c3ccccc3C(=O)c12	291310	-7638	-8507	1981	94	3173	3647	3719	3352	-1615	4006	4937	4546
F-150	2-amino-3-[5-(2-amino-3-hydroxy-3-oxopropyl)sulfanylpentylsulfanyl]propanoic aci	C11H22N2O4S2	NC(CSCCCCCSCC(N)C(=O)O)C(=O)O	310441	-2910	81	2721	-3504	2671	1866	5626	10169	8756	-4097	-4610	7818
F-576	2-[[2-amino-3-(4-hydroxyphenyl)propanoyl]amino]-4-methylpentanoic acid	C15H22N2O4	CC(C)CC(NC(=O)C(N)CC1=CC=C(O)C=C1)C(=O)O	294351	-2070	1606	2098	-2689	2532	3053	1812	10169	3570	-46	-1428	6325
B-4152	phenylpropylmethylamine	C10H15N	CNCC(C)c1ccccc1	149237	-1095	3378	-3518	-546	-2014	-2881	-3909	-57	-578	-46	-1428	-4413
A-3898	2,3,5-trimethylbenzene-1,4-diol	C9H12O2	Cc1cc(O)c(C)c(C)c1O	152193	-1638	2390	-3403	-521	-2741	-2881	-2002	3352	-3689	-46	-1428	-1379
B-2940	2,2',3,4,5-pentachlorobiphenyl	C12H5Cl5	Clc1cccc(c1Cl)c2ccc(Cl)c(Cl)c2Cl	326437	-7050	-7438	3340	8183	2247	680	-5816	-3465	-2652	4006	1754	-5697
A-708	1,3,5-trimethylbenzene	C9H12	Cc1cc(C)cc(C)c1	120195	-3383	-778	-4642	594	-3245	-4068	-5816	-3465	-3689	-46	-1428	-5697
B-4064	di-i-propylnitrosoamine	C6H14N2O	CC(C)N(N=O)C(C)C	130191	-1001	3549	-4255	-968	-3661	-4068	-2002	-3465	-578	-4097	-4610	-2210
B-3391	hexanamide, n-(aminocarbonyl)-2-ethylidene-	C9H16N2O2	CCCC\C(=C\C)C(=O)NC(N)=O	184239	-2788	302	-2163	-1856	-1677	-1694	-2002	3352	459	-4097	-4610	2007
B-1087	anthranol	C14H10O	Oc1c2ccccc2cc3ccccc13	194233	-4733	-3230	-1776	2651	156	-507	-3909	-57	-3689	8058	4937	-3538
B-291	riboflavin	C17H20N4O6	Cc1cc2N=C3C(=O)NC(=O)N=C3N(CC(O)C(O)C(O)CO)c2cc1C	376369	-3648	-1259	5273	-7613	5078	6614	11348	13578	1496	-46	4937	11545
F-1160	2-chloro-6a,7,8,9-tetrahydro-5H-pyrrolo[2,1-c][1,4]benzodiazepine-6,11-dione	C12H11ClN2O2	O=C1NC2=C(C=C(Cl)C=C2)C(=O)N2CCCC12	250685	-4700	-3170	408	-760	311	680	-2002	-57	-3689	-46	4937	-424
C-1852	8-methyl-8h-pteridin-7-one	C7H6N4O	CN1C(=O)C=NC2=C1N=CN=C2	162152	-920	3695	-3018	-4874	-2954	-2288	3719	-3465	-3689	4006	1754	778
E-948	Liothyronine	C15H12I3NO4	NC(Cc2cc(I)c(Oc1ccc(O)c(I)c1)c(I)c2)C(O)=O	650976	-5220	-4115	15900	3132	7571	4240	1812	6760	1496	4006	1754	4205
A-209	1-(4-methoxyphenyl)-4-(4-nitrophenyl)piperazine	C17H19N3O3	COc1ccc(cc1)N2CCN(CC2)c3ccc(cc3)[N+]([O-])=O	313357	-6929	-7218	2834	1196	4305	4240	3719	-3465	459	4006	4937	584
F-56	N-benzyl-5-oxahexacyclo[5.4.1.0^{2,6}.0^{3,10}.0^{4,8}.0^{9,12}]dodecan-4-amine	C18H19NO	C1=CC=C(CNC23OC4C5C6CC(C7C6C4C72)C53)C=C1	265356	-3400	-809	976	-74	1717	2460	-2002	-57	-578	-46	20849	-3428
B-2338	1,1,1-trichloropropane	C3H5Cl3	CCC(Cl)(Cl)Cl	147432	-1890	1934	-3588	887	-4770	-5848	-5816	-3465	-3689	-4097	-4610	-5697
A-1877	6-{[amino(phenyl)acetyl]amino}-3,3-dimethyl-7-oxo-4-thia-1-azabicyclo[3.2.0]hept	C16H19N3O4S	CC1(C)S[C@@H]2[C@H](NC(=O)[C@H](N)c3ccccc3)C(=O)N2[C@H]1C(O)=O	349412	-1539	2571	4229	-3748	4080	4834	3719	6760	459	-46	4937	6334
C-2294	ampicillin	C16H19N3O4S	CC1(C)SC2C(NC(=O)C(N)C3=CC=CC=C3)C(=O)N2C1C(O)=O	349412	-1990	1752	4229	-3748	4080	4834	3719	6760	459	-46	4937	6334
B-1136	isobutyl formate	C5H10O2	CC(C)COC=O	102133	-1001	3549	-5341	-2807	-5335	-5255	-2002	-3465	-578	-4097	-4610	-2890
F-805	O2-butyl O1-(2-ethylhexyl) benzene-1,2-dicarboxylate	C20H30O4	CCCCOC(=O)C1=C(C(=O)OCC(CC)CCCC)C=CC=C1	334456	-7220	-7747	3650	5147	5017	4834	1812	-3465	7719	-46	-1428	-83
C-303	5-ethyl-5-(2-ethyl-1-cyclohexyliden-1-yl)barbituric  acid	C14H20N2O3	CCC1=C(CCCC1)C2(CC)C(=O)NC(=O)NC2=O	264325	-3530	-1045	936	-509	1227	1866	-95	3352	-578	-4097	1754	2336
A-5	4-chlorobenzaldehyde	C7H5ClO	Clc1ccc(C=O)cc1	140569	-2177	1412	-3853	-276	-3823	-4068	-3909	-3465	-2652	-46	-1428	-3875
B-1432	tetramethylurea	C5H12N2O	CN(C)C(=O)N(C)C	116164	935	7064	-4798	-3916	-4439	-4661	-3909	-3465	-3689	-4097	-4610	-3184
A-2337	2-[(E)-2-(1-cyano-1-methylpropyl)diazen-1-yl]-2-methylbutanenitrile	C10H16N4	CCC(C)(N=NC(C)(CC)C#N)C#N	192266	-2696	469	-1852	994	-1304	-1101	1812	-3465	459	-4097	-4610	2019
C-2252	2,2',4,4',5-pentachlorodiphenyl  ether	C12H5Cl5O	ClC1=CC=C(OC2=C(Cl)C=C(Cl)C(=C2)Cl)C(=C1)Cl	342436	-7610	-8455	3959	8420	2411	1273	-3909	-3465	-1615	4006	1754	-4712
A-5110	bis(2,3,4,4-tetramethylpentan-2-yl)trisulfane	C18H38S3	CC(C(C)(C)C)C(C)(C)SSSC(C)(C)C(C)C(C)(C)C	350703	-9130	-11216	4279	10676	6978	3053	-95	-3465	2533	-4097	-4610	-5697
A-5500	2-hydroxy-1-{3-[4-(2-hydroxy-2-methylpropanoyl)phenyl]-1,1,3-trimethyl-2,3-dihyd	C26H32O4	CC(C)(O)C(=O)c1ccc(cc1)C2(C)CC(C)(C)c3ccc(cc23)C(=O)C(C)(C)O	408538	-5964	-5465	6518	4322	8502	8394	1812	3352	1496	4006	4937	2264
B-3416	morpholine, 4-[(benzoyloxy)acetyl]-	C13H15NO4	O=C(COC(=O)c1ccccc1)N2CCOCC2	249266	-1773	2145	354	-3021	309	1273	1812	-3465	-578	-46	1754	262
B-3539	isopropyl (1-(4-chloro)phenylsulfonyl) cyclopent	C15H19ClO4S	CC(C)OC(=O)C1(CCCC1)[S](=O)(=O)c2ccc(Cl)cc2	330833	-4650	-3079	3510	2045	2874	3053	1812	-3465	459	-46	1754	753
C-1835	6-methoxypteridine	C7H6N4O	COC1=NC2=C(N=CN=C2)N=C1	162152	-1140	3295	-3018	-3539	-3090	-2288	3719	-3465	-2652	4006	1754	791
B-4284	isoquinoline	C9H7N	c1ccc2cnccc2c1	129162	-1456	2722	-4295	-120	-3080	-3475	-3909	-3465	-3689	4006	1754	-4321
A-4625	2-phenyloxirane	C8H8O	C1OC1c2ccccc2	120151	-1907	1903	-4643	-1023	-4081	-4068	-3909	-3465	-2652	-46	1754	-4360
B-2203	benzenamine, n-ethyl-n,2,4,6-tetranitro-	C8H7N5O8	CCN(c1c(cc(cc1[N+]([O-])=O)[N+]([O-])=O)[N+]([O-])=O)[N+]([O-])=O	301171	-3701	-1355	2362	-1645	656	3053	9441	-3465	2533	-46	-1428	13064
B-2795	dl-alanine, n-(2-chlorophenyl)-	C9H10ClNO2	CC(Nc1ccccc1Cl)C(O)=O	199637	-2327	1139	-1567	-138	-1501	-1694	-2002	3352	-578	-46	-1428	-432
B-58	glycerophosphoric acid	C3H9O6P	OCC(O)CO[P](O)(O)=O	172073	764	6754	-2634	-7287	-4693	-3475	1812	10169	459	-4097	-4610	5746
B-3346	tebupirimfos	C13H23N2O3PS	CCO[P](=S)(OC(C)C)Oc1cnc(nc1)C(C)(C)C	318379	-4763	-3284	3028	2917	3241	2460	5626	-3465	2533	-46	-1428	9
B-4246	edifenphos	C14H15O2PS2	CCO[P](=O)(Sc1ccccc1)Sc2ccccc2	310380	-3330	-683	2719	6470	3292	1866	1812	-3465	2533	4006	1754	-2890
B-2082	n-nitrosomethylvinylamine	C3H6N2O	CN(C=C)N=O	86094	-458	4534	-5961	-2944	-5804	-5848	-2002	-3465	-1615	-4097	-4610	-2210
F-381	2-(benzoylamino)-2-methylpropanoic acid	C11H13NO3	CC(C)(NC(=O)C1=CC=CC=C1)C(=O)O	207229	-760	3986	-1273	-1928	-979	-507	-2002	3352	-578	-46	-1428	1389
B-1109	l-tyrosine, n-methyl-	C10H13NO3	CN[C@@H](Cc1ccc(O)cc1)C(O)=O	195218	-2132	1493	-1738	-3201	-1483	-1101	-95	6760	459	-46	-1428	1727
B-2191	isopropyl-4,4'-dichlorobenzilate	C17H16Cl2O3	CC(C)OC(=O)C(O)(c1ccc(Cl)cc1)c2ccc(Cl)cc2	339218	-5354	-4359	3835	3564	3792	3647	-95	-57	459	4006	1754	-731
F-395	(4-acetamidophenyl) ethyl carbonate	C11H13NO4	CCOC(=O)OC1=CC=C(NC(C)=O)C=C1	223228	-2670	517	-654	-223	-559	86	1812	-57	-578	-46	-1428	1200
A-6006	propan-2-yl tetradecanoate	C17H34O2	CCCCCCCCCCCCCC(=O)OC(C)C	270457	-6733	-6863	1174	6325	3062	1866	-2002	-3465	9793	-4097	-4610	-2890
B-2299	propanoic acid, 3,3'-diselenobis-	C6H10O4Se2	OC(=O)CC[Se][Se]CCC(O)=O	304062	-2268	1247	2474	-4169	-2492	-2288	-2002	3352	3570	-4097	-4610	2264
A-4097	(4-methyl-1H-imidazol-5-yl)methanol	C5H8N2O	Cc1[nH]cnc1CO	112132	268	5853	-4954	-3952	-4972	-4661	-2002	3352	-2652	-46	-1428	-477
B-2357	3-hydroxycamphor	C10H16O2	CC1(C)C2CCC1(C)C(=O)C2O	168236	-925	3686	-2782	-1752	-2492	-2288	-2002	-57	-3689	-4097	1754	-1716
E-829	n-Heptyl_Carbamate	C8H17NO2	NC(=O)OCCCCCCC	159229	-2620	608	-3131	-466	-2694	-2881	-2002	-57	2533	-4097	-4610	-113
B-3542	methyl (1-phenylsulfonyl) cyclopentane carboxyla	C13H16O4S	COC(=O)C1(CCCC1)[S](=O)(=O)c2ccccc2	268334	-2550	734	1091	-666	720	1273	1812	-3465	-578	-46	1754	753
B-2248	alanine, n-(2-bromo-3-methylbutyryl)-, dl-	C8H14BrNO3	CC(C)C(Br)C(=O)NC(C)C(O)=O	252108	-482	4490	464	-2466	-1407	-1694	-2002	3352	459	-4097	-4610	1389
B-3107	fenitropan	C13H15NO6	CC(=O)OC[C@H]([C@@H](OC(C)=O)c1ccccc1)[N+]([O-])=O	281264	-3972	-1848	1592	-1512	951	2460	5626	-3465	2533	-46	-1428	4520
B-3106	1,3-propanediol, 2-nitro-1-phenyl-, diacetate (e	C13H15NO6	CC(=O)OCC(C(OC(C)=O)c1ccccc1)[N+]([O-])=O	281264	-3972	-1848	1592	-1512	951	2460	5626	-3465	2533	-46	-1428	4520
B-841	dl-allothreonine	C4H9NO3	CC(O)C(N)C(O)=O	119120	67	5488	-4683	-6662	-5268	-4661	-95	6760	-1615	-4097	-4610	3220
A-4112	2,6,6-trimethylcyclohex-2-ene-1,4-dione	C9H12O2	CC1=CC(=O)CC(C)(C)C1=O	152193	-878	3771	-3403	-1509	-3016	-2881	-2002	-3465	-3689	-4097	-1428	-2053
A-3066	3-chloro-4-[(3-fluorophenyl)methoxy]aniline	C13H11ClFNO	Nc1ccc(OCc2cccc(F)c2)c(Cl)c1	251688	-4693	-3158	447	2541	683	680	-2002	-57	-578	4006	1754	-1935
A-3521	phenyl diamidophosphate	C6H9N2O2P	N[P](N)(=O)Oc1ccccc1	172124	-1488	2664	-2632	-2285	-2882	-2881	-2002	3352	-1615	-46	-1428	2664
A-2643	1,6-bis(7-methyloctyl) hexanedioate	C24H46O4	CC(C)CCCCCCOC(=O)CCCCC(=O)OCCCCCCC(C)C	398628	-6601	-6622	6134	8610	8198	7207	1812	-3465	16015	-4097	-4610	-83
B-2662	mcpa-thioethyl	C11H13ClO2S	CCSC(=O)COc1ccc(Cl)cc1C	244743	-5027	-3764	178	1910	414	-507	-95	-3465	459	-46	-1428	-2890
F-98	3,4-Dihydro-1H-1,4-benzodiazepine-2,5-dione	C9H8N2O2	O=C1CNC(=O)C2=C(C=CC=C2)N1	176175	-2850	190	-2475	-3653	-2223	-1694	-2002	3352	-3689	-46	1754	514
B-3474	3-p-anisidino-propane-1,2-diol	C10H15NO3	COc1ccc(NCC(O)CO)cc1	197234	-295	4830	-1660	-3479	-1137	-1101	1812	6760	1496	-46	-1428	890
E-871	l-Dihydrocarvone	C10H16O	O=C1C(C)CCC(C(C)=C)C1	152237	-2180	1407	-3402	511	-2386	-2881	-3909	-3465	-2652	-4097	-1428	-3875
B-303	3'-methylphthalanilic acid	C15H13NO3	Cc1cccc(NC(=O)c2ccccc2C(O)=O)c1	255273	-2407	994	586	1226	1582	1866	-2002	3352	-578	4006	1754	1389
C-1096	1,4-benzoquinone;  quinone	C6H4O2	O=C1C=CC(=O)C=C1	108096	-890	3749	-5110	-3876	-5116	-4661	-2002	-3465	-3689	-4097	-1428	-2053
B-2949	2,3',4,4',5,5'-hexachlorobiphenyl	C12H4Cl6	Clc1cc(Cl)c(cc1Cl)c2cc(Cl)c(Cl)c(Cl)c2	360882	-8210	-9545	4673	9420	3006	1273	-5816	-3465	-2652	4006	1754	-5697
A-1916	4,4'-methylenebis(2,6-dimethylphenol)	C17H20O2	Cc1cc(Cc2cc(C)c(O)c(C)c2)cc(C)c1O	256345	-3409	-825	627	3075	2405	1866	-2002	3352	-1615	4006	1754	-1379
B-2358	benzenamine, 2-bromo-5-nitro-	C6H5BrN2O2	Nc1cc(ccc1Br)[N+]([O-])=O	217022	-3558	-1097	-894	-679	-2555	-2881	-95	-57	-2652	-46	-1428	1684
B-1586	phosphonic diamide, p-(5-amino-3-phenyl-1h-1,2,4	C12H19N6OP	CN(C)[P](=O)(N(C)C)n1nc(nc1N)c2ccccc2	294299	-3071	-211	2096	-1309	2750	2460	3719	-57	459	4006	1754	2871
A-4790	N-dodecanoyl-N-methylglycine	C15H29NO3	CCCCCCCCCCCC(=O)N(C)CC(O)=O	271401	-2735	399	1210	2181	2276	1866	-2002	-57	8756	-4097	-4610	451
B-754	5,5-dimethyl-1,3-cyclohexanedione	C8H12O2	CC1(C)CC(=O)CC(=O)C1	140182	-1528	2591	-3868	-1824	-3700	-3475	-2002	-3465	-3689	-4097	-1428	-2053
F-915	5-[(2-methylpropylamino)methyl]thieno[3,2-d]furan-2-sulfonamide	C11H16N2O3S2	CC(C)CNCC1=CC2=C(OC(S(N)(=O)=O)=C2)S1	288394	-1330	2950	1868	-778	1503	1273	3719	3352	1496	4006	1754	3410
B-361	p-nitrobiphenyl	C12H9NO2	[O-][N+](=O)c1ccc(cc1)c2ccccc2	199209	-5209	-4095	-1584	1824	-538	-507	-2002	-3465	-1615	4006	1754	-1093
A-600	Tricyclodecenyl propionate	C13H18O2	CCC(=O)OC1C=CC2C3CCC(C3)C12	206285	-3559	-1097	-1310	459	-752	-507	-2002	-3465	-1615	-4097	4937	-2890
B-931	1,1-dichloro-1,2,2,2-tetrafluoroethane	C2Cl2F4	FC(F)(F)C(F)(Cl)Cl	170920	-3096	-257	-2679	665	-6130	-4661	-5816	-3465	-3689	-4097	-4610	-5697
E-367	methyl_acrylate	C4H6O2	O=C(OC)C=C	86090	-220	4966	-5962	-3697	-6037	-5848	-2002	-3465	-2652	-4097	-4610	-2890
A-1490	9-[2-(2-methoxyethoxy)ethoxy]-9-[3-(oxiran-2-ylmethoxy)propyl]-2,5,8,10,13,16-he	C21H44O11Si	COCCOCCO[Si](CCCOCC1CO1)(OCCOCCOC)OCCOCCOC	500658	1582	8240	10083	-2893	9023	10175	15162	-3465	24311	-4097	-1428	5491
A-3768	(2S,4R)-1-acetyl-4-hydroxypyrrolidine-2-carboxylic acid	C7H11NO4	CC(=O)N1C[C@@H](O)C[C@H]1C([O-])=O	172160	345	5992	-2631	-8670	-3828	-2288	1812	-57	-2652	-4097	-1428	2912
B-2744	metrizamide	C18H22I3N3O8	CN(C(C)=O)c1c(I)c(NC(C)=O)c(I)c(C(=O)NC2[C@@H](O)OC(CO)[C@@H](O)C2O)c1I	789099	-198	5006	21246	-4405	11678	9581	9441	16986	1496	-46	1754	12302
A-1913	1-chloro-2-(chloromethyl)benzene	C7H6Cl2	ClCc1ccccc1Cl	161031	-3207	-458	-3061	1478	-3191	-4068	-5816	-3465	-2652	-46	-1428	-5697
A-2271	N-ethyl-N-{2-[1-(2-methylpropoxy)ethoxy]ethyl}-4-[(E)-2-phenyldiazen-1-yl]anilin	C22H31N3O2	CCN(CCOC(C)OCC(C)C)c1ccc(cc1)N=Nc2ccccc2	369509	-7091	-7512	5007	6939	7429	6614	3719	-3465	7719	4006	1754	-743
C-21	(-)-carveol;  5-isopropenyl-2-methyl-2-cyclohexen-1-ol	C10H16O	CC(=C)C1CC=C(C)C(O)C1	152237	-1720	2242	-3402	-35	-2238	-2881	-3909	-57	-2652	-4097	-1428	-3538
B-3971	indazole	C7H6N2	[nH]1ncc2ccccc12	118139	-2155	1451	-4721	-1392	-3936	-4068	-3909	-57	-3689	4006	1754	-2636
B-1306	2,4-dimethyl-3-pentanol	C7H16O	CC(C)C(O)C(C)C	116204	-1220	3150	-4796	-1209	-3998	-4661	-3909	-57	-1615	-4097	-4610	-3538
A-1377	1-(3-methoxyphenyl)ethan-1-one	C9H10O2	COc1cccc(c1)C(C)=O	150177	-1869	1971	-3481	-758	-2890	-2881	-2002	-3465	-1615	-46	-1428	-2890
A-2950	(8R,9S,13S,14S,17S)-17-hydroxy-13-methyl-2,4,6,7,8,9,11,12,14,15,16,17-dodecahyd	C18H26O2	C[C@]12CC[C@H]3[C@@H](CCC4=C3CCC(=O)C4)[C@@H]1CC[C@@H]2O	274404	-4947	-3619	1326	2527	2435	2460	-2002	-57	-3689	-4097	8119	-1716
B-3271	triadimenol (diastereoisomer b)	C14H18ClN3O2	CC(C)(C)[C@H](O)[C@H](Oc1ccc(Cl)cc1)n2cncn2	295770	-3952	-1812	2153	1170	2198	2460	3719	-57	459	4006	1754	724
B-3314	triadimenol (diastereoisomer a)	C14H18ClN3O2	CC(C)(C)[C@@H](O)[C@H](Oc1ccc(Cl)cc1)n2cncn2	295770	-3679	-1315	2153	1170	2198	2460	3719	-57	459	4006	1754	724
B-2988	triadimenol	C14H18ClN3O2	CC(C)(C)C(O)C(Oc1ccc(Cl)cc1)n2cncn2	295770	-3392	-794	2153	1170	2198	2460	3719	-57	459	4006	1754	724
A-4913	2-{[(2-ethylhexyl)oxy]methyl}oxirane	C11H22O2	CCCCC(CC)COCC1CO1	186295	-3115	-291	-2084	606	-1245	-1694	-2002	-3465	4607	-4097	-1428	-3375
A-2317	1-[(E)-2-(2-methoxyphenyl)diazen-1-yl]naphthalen-2-ol	C17H14N2O2	COc1ccccc1N\N=C2/C(=O)C=Cc3ccccc23	278311	-8926	-10845	1478	1532	3263	3053	1812	-57	-578	4006	4937	-287
A-674	4-ethenylcyclohex-1-ene	C8H12	C=CC1CCC=CC1	108184	-3335	-691	-5107	437	-3847	-4661	-5816	-3465	-2652	-4097	-1428	-5697
A-203	pyrene	C16H10	c1cc2ccc3cccc4ccc(c1)c2c34	202256	-6179	-5856	-1466	4327	1220	86	-5816	-3465	-3689	12110	8119	-5697
A-1236	4-methyl-3-nitrobenzoic acid	C8H7NO4	Cc1ccc(cc1[N+]([O-])=O)C(O)=O	181147	-2848	193	-2283	-1319	-2618	-1694	-95	-57	-1615	-46	-1428	2888
A-1355	3,4-dihydroxy-5-nitrobenzaldehyde	C7H5NO5	Oc1cc(C=O)cc(c1O)[N+]([O-])=O	183119	-1938	1846	-2206	-2801	-3069	-1694	3719	3352	-1615	-46	-1428	5047
F-1103	N-(3-bromophenyl)-8H-pyrrolo[3,2-g]quinazolin-4-amine	C16H11BrN4	BrC1=CC=CC(NC2=NC=NC3=CC4=C(C=CN4)C=C32)=C1	339196	-2820	244	3834	4390	4048	3053	-95	3352	-1615	12110	8119	23
A-2636	2-[4-(4-oxo-4H-3,1-benzoxazin-2-yl)phenyl]-4H-3,1-benzoxazin-4-one	C22H12N2O4	O=C1OC(=Nc2ccccc12)c3ccc(cc3)C4=Nc5ccccc5C(=O)O4	368348	-6517	-6470	4962	3266	6496	7207	5626	-3465	-1615	16162	11302	3502
B-2461	noxythiolin	C3H8N2OS	CN[S]#CNCO	120177	-80	5221	-4642	-5656	-4743	-5255	-95	6760	-2652	-4097	-4610	-970
B-2664	thiazafluron	C6H7F3N4OS	CNC(=O)N(C)c1sc(nn1)C(F)(F)F	240210	-2058	1627	3	-1828	-2168	-507	1812	-57	-2652	-46	-1428	506
B-3469	quizalofop-p-tefuryl	C22H21ClN2O5	CC(Oc1ccc(Oc2cnc3cc(Cl)ccc3n2)cc1)C(=O)OCC4CCCO4	428872	-5030	-3770	7305	4291	7419	8394	7534	-3465	3570	8058	8119	2816
B-3797	1-heptanol	C7H16O	CCCCCCCO	116204	-1842	2020	-4796	-661	-3973	-4661	-3909	-57	1496	-4097	-4610	-3538
G-1031	RTI 10	C13H10N2O2	O2c1ccccc1N(C)C(=O)c3cccnc23 	226235	-3672	-1303	-538	314	212	680	-95	-3465	-3689	4006	4937	-1169
B-274	purpurin	C14H8O5	Oc1cc(O)c2C(=O)c3ccccc3C(=O)c2c1O	256213	-4602	-2993	622	-1362	402	1866	3719	6760	-3689	4006	4937	4423
D-1795	benzene, 1,2-diiodo-	C6H4I2	Ic1ccccc1I	329906	-4217	-2293	3474	1132	-1546	-4661	-5816	-3465	-3689	-46	-1428	-5697
A-1735	2,4-dimethyl-1-nitrobenzene	C8H9NO2	Cc1ccc(c(C)c1)[N+]([O-])=O	151165	-3056	-184	-3443	-164	-2955	-2881	-2002	-3465	-2652	-46	-1428	-1093
C-998	azo dye n2;  5-(4-chloro-2-nitrophenylazo)-1-ethyl-6-hydroxy-4-methyl-2-oxo-1,2-	C15H12ClN5O4	CCN1C(=C(N=NC2=C(C=C(Cl)C=C2)[N+]([O-])=O)C(=C(C#N)C1=O)C)O	361745	-6690	-6784	4707	2712	4193	5427	9441	-57	459	4006	1754	8591
B-3030	benzenamine, 4-methyl-2-[(4-methylphenyl)azo]-	C14H15N3	Cc1ccc(cc1)N=Nc2cc(C)ccc2N	225295	-3903	-1723	-574	3792	1342	680	-95	-57	-1615	4006	1754	-282
F-1113	N-(3-bromophenyl)-1-methylpyrazolo[4,5-g]quinazolin-5-amine	C16H12BrN5	CN1N=CC2=C1C=C1N=CN=C(NC3=CC(Br)=CC=C3)C1=C2	354211	-3480	-954	4415	3265	4414	3647	3719	-57	-1615	12110	8119	240
D-2028	ethyrimol	C11H19N3O	CCCCC1=C(C)NC(=NC1=O)NCC	209293	-3020	-119	-1193	-843	43	-507	-95	3352	1496	-46	-1428	469
B-3777	p-fluorobenzoic acid	C7H5FO2	OC(=O)c1ccc(F)cc1	140113	-2067	1611	-3871	-1466	-4350	-3475	-3909	-57	-2652	-46	-1428	-1716
A-4006	dimethyl[2-[(2-methyl-1-oxoallyl)oxy]ethyl](3-sulphopropyl)ammonium hydroxide	C11H21NO5S	CC(=C)C(=O)OCC[N+](C)(C)CCC[S]([O-])(=O)=O	279358	963	7114	1518	-4128	713	1273	3719	-3465	4607	-4097	-4610	3214
D-1546	octafluorocyclobutane	C4F8	FC1(F)C(F)(F)C(F)(F)C1(F)F	200028	-3638	-1241	-1552	460	-6404	-2288	-5816	-3465	-3689	-4097	-1428	-5697
B-4156	imipramine	C19H24N2	CN(C)CCCN1c2ccccc2CCc3ccccc13	280415	-4187	-2238	1559	2985	4298	3053	-2002	-3465	459	4006	4937	-5005
B-1950	propanoic acid, 2-(acetyloxy)-, ethyl ester	C7H12O4	CCOC(=O)C(C)OC(C)=O	160169	-699	4096	-3095	-3402	-3668	-2881	1812	-3465	-578	-4097	-4610	-83
F-875	3-Fluoro-n-hydroxy-n-(2-methylphenyl)benzamide	C14H12FNO2	CC1=C(N(O)C(=O)C2=CC(F)=CC=C2)C=CC=C1	245253	-2530	771	198	1651	619	1273	-2002	-57	-1615	4006	1754	-1370
A-1860	2-[(3-aminophenyl)sulfonyl]ethyl hydrogen sulfate	C8H11NO6S2	Nc1cccc(c1)[S](=O)(=O)CCO[S](O)(=O)=O	281311	-1424	2780	1594	-4612	-254	680	5626	3352	1496	-46	-1428	7511
B-3972	benzoxazole	C7H5NO	o1cnc2ccccc12	119123	-1155	3269	-4683	-890	-4251	-4068	-2002	-3465	-3689	4006	1754	-2919
B-3415	piperidine, 1-[(benzoyloxy)acetyl]-	C14H17NO3	O=C(COC(=O)c1ccccc1)N2CCCCC2	247294	-2501	823	277	-837	768	1273	-95	-3465	-578	-46	1754	-723
A-848	(3Z)-hex-3-en-1-yl benzoate	C13H16O2	CC\C=C/CCOC(=O)c1ccccc1	204269	-3705	-1363	-1388	1707	-199	-507	-2002	-3465	1496	-46	-1428	-2890
B-692	p-(2,4-dinitroaniline)phenol	C12H9N3O5	Oc1ccc(Nc2ccc(cc2[N+]([O-])=O)[N+]([O-])=O)cc1	275220	-5444	-4521	1358	1238	1371	2460	5626	3352	459	4006	1754	6954
F-144	(2E)-2-(2,3,4,5-Tetrahydroxyhexylidene)hydrazinecarboxamide	C7H15N3O5	CC(O)C(O)C(O)C(O)C=NNC(N)=O	221213	-700	4095	-732	-9833	-1692	-507	5626	16986	1496	-4097	-4610	10140
B-4617	terbumeton	C10H19N5O	CCNc1nc(NC(C)(C)C)nc(OC)n1	225296	-3239	-516	-574	-1468	278	86	5626	3352	459	-46	-1428	1983
B-4407	halothane	C2HBrClF3	FC(F)(F)C(Cl)Br	197381	-1704	2271	-1655	398	-5672	-5255	-5816	-3465	-3689	-4097	-4610	-5697
A-2569	bis(11-methyldodecyl) phthalate	C34H58O4	CC(C)CCCCCCCCCCOC(=O)c1ccccc1C(=O)OCCCCCCCCCCC(C)C	530834	-5725	-5032	11251	15212	14794	13142	1812	-3465	21200	-46	-1428	-83
B-3004	mepronil	C17H19NO2	CC(C)Oc1cccc(NC(=O)c2ccccc2C)c1	269344	-4326	-2492	1131	3287	2915	2460	-2002	-57	459	4006	1754	-1606
F-678	Ethyl (2-{[(4-aminophenyl)sulfonyl]amino}-4-methyl-1,3-thiazol-5-yl)acetate	C14H17N3O4S2	CCOC(=O)CC1=C(C)N=C(NS(=O)(=O)C2=CC=C(N)C=C2)S1	355441	-2880	135	4463	-678	4053	4240	7534	3352	2533	4006	1754	6190
F-179	3,4-Dideoxy-2,5-di-S-ethyl-2,5-dithiohexaric acid	C10H18O4S2	CCSC(CCC(SCC)C(=O)O)C(=O)O	266384	-1360	2896	1016	-225	948	86	1812	3352	5644	-4097	-4610	2264
C-1955	2,4,7(1h,3h,8h)-pteridinetrione;  2,4,7-pteridinetrione	C6H4N4O3	O=C1NC(=O)C2=C(N1)NC(=O)C=N2	180123	-3340	-700	-2322	-7569	-2798	-1694	1812	6760	-3689	4006	1754	6199
C-2191	7-(butyryloxymethyl)theophylline;  7-(butanoyloxymethyl)theophylline	C12H16N4O4	CCCC(=O)OC[N]1C=NC2=C1C(=O)N(C)C(=O)N2C	280284	-1860	1988	1554	-4853	1382	2460	9441	-3465	459	4006	1754	3707
A-4746	5-amino-2,3-dihydro-1H-1,3-benzodiazol-2-one	C7H7N3O	Nc1ccc2NC(=O)Nc2c1	149153	-2335	1126	-3521	-3520	-2840	-2881	-2002	6760	-3689	4006	1754	2272
A-3301	(1-hydroxy-1-phosphonoethyl)phosphonic acid	CH2O2	OC=O	46025	1176	7501	-7512	-4917	-8084	-7629	-3909	-57	-3689	-4097	-4610	-1716
G-115	1-Propanol	C3H8O	CCCO	60096	620	6492	-6968	-3615	-6770	-7035	-3909	-57	-2652	-4097	-4610	-3538
A-2478	4-[(E)-2-{3-[(E)-2-(2,4-diaminophenyl)diazen-1-yl]phenyl}diazen-1-yl]benzene-1,3	C18H18N8	Nc1ccc(N=Nc2cccc(c2)N=Nc3ccc(N)cc3N)c(N)c1	346398	-4197	-2257	4113	4824	6547	6021	9441	10169	459	8058	4937	10687
A-1276	nonanedioic acid	C9H16O4	OC(=O)CCCCCCCC(O)=O	188223	-1894	1925	-2009	-780	-2195	-1694	-2002	3352	4607	-4097	-4610	2264
A-3233	methyl 3-methoxypropanoate	C5H10O3	COCCC(=O)OC	118132	803	6824	-4722	-3980	-5084	-4661	-95	-3465	-578	-4097	-4610	-1905
A-3746	2,2-bis[(prop-2-en-1-yloxy)methyl]butan-1-ol	C12H22O3	CCC(CO)(COCC=C)COCC=C	214305	-1718	2245	-1000	-980	-37	-507	-95	-57	6681	-4097	-4610	-1568
F-1074	6-methoxy-3-methylfuro[3,2-g]chromen-7-one	C13H10O4	COC1=CC2=C(C=C3OC=C(C)C3=C2)OC1=O	230219	-5000	-3715	-384	1057	221	680	1812	-3465	-2652	8058	4937	-85
C-2458	5-(4-aminobenzenesulfonamido)-1,3,4-thiadiazole-2-sulfonamide	C8H9N5O4S3	NC1=CC=C(C=C1)[S](=O)(=O)NC2=NN=C(S2)[S](N)(=O)=O	335392	-1500	2642	3687	-5167	1644	2460	9441	6760	459	4006	1754	11179
B-1473	benzene, iodyl-	C6H5IO2	O=[I](=O)c1ccccc1	236008	-1842	2021	-160	-463	-3264	-4068	-2002	-3465	-2652	-46	-1428	-2053
B-2053	ethane, 2-chloro-1,1,1-trinitro-	C2H2ClN3O6	[O-][N+](=O)C(CCl)([N+]([O-])=O)[N+]([O-])=O	199506	-259	4896	-1572	-4901	-4187	-2288	5626	-3465	459	-4097	-4610	8115
B-3289	clomeprop	C16H15Cl2NO2	CC(Oc1ccc(Cl)c(C)c1Cl)C(=O)Nc2ccccc2	324207	-7006	-7358	3254	4562	3676	3053	-2002	-57	459	4006	1754	-1606
A-1196	N,N-dimethyldodecanamide	C14H29NO	CCCCCCCCCCCC(=O)N(C)C	227392	-3909	-1734	-493	3213	1280	86	-3909	-3465	6681	-4097	-4610	-3529
A-1545	1,1,5-trimethylhept-6-en-1-yl acetate	C12H22O2	CC(CCCC(C)(C)OC(C)=O)C=C	198306	-4030	-1954	-1619	1936	-459	-1101	-2002	-3465	2533	-4097	-4610	-2890
F-629	4-[3-(4-hydroxyphenyl)-1,1-dioxobenzo[c]oxathiol-3-yl]phenol	C19H14O5S	O=S1(=O)OC(C2=CC=C(O)C=C2)(C2=CC=C(O)C=C2)C2=C1C=CC=C2	354383	-3070	-210	4422	1534	4349	5427	3719	3352	-1615	8058	8119	3249
B-2557	1(3h)-isobenzofuranone, 6-bromo-	C8H5BrO2	Brc1ccc2COC(=O)c2c1	213030	-2647	558	-1049	-338	-2850	-2881	-2002	-3465	-3689	-46	1754	-2890
A-5155	1,3-dimethyl propanedioate	C5H8O4	COC(=O)CC(=O)OC	132115	27	5416	-4180	-4876	-5063	-4068	1812	-3465	-1615	-4097	-4610	-83
B-704	benzaldehyde, 4-ethoxy-3-methoxy-	C10H12O3	CCOc1ccc(C=O)cc1OC	180203	-2191	1386	-2319	-741	-1898	-1694	-95	-3465	459	-46	-1428	-1905
F-1193	4-phenyldiazenylphenol	C12H10N2O	OC1=CC=C(N=NC2=CC=CC=C2)C=C1	198225	-3950	-1808	-1622	2858	-509	-507	-95	-57	-1615	4006	1754	-900
B-3623	pentamethylbenzene	C11H16	Cc1cc(C)c(C)c(C)c1C	148249	-3981	-1864	-3556	1762	-1811	-2881	-5816	-3465	-3689	-46	-1428	-5697
C-2177	7-(pivaloyloxymethyl)theophylline (viii)	C13H18N4O4	CN1C(=O)N(C)C2=C([N](COC(=O)C(C)(C)C)C=N2)C1=O	294311	-2170	1425	2097	-4387	2071	3053	9441	-3465	-1615	4006	1754	3707
C-1734	4-acetoxybenzamide;  4-carbamoylphenyl  acetate	C9H9NO3	CC(=O)OC1=CC=C(C=C1)C(N)=O	179175	-1640	2387	-2359	-3005	-2395	-1694	-95	-57	-1615	-46	-1428	1708
A-4815	1-chloro-2-nitrobenzene	C6H4ClNO2	[O-][N+](=O)c1ccccc1Cl	157556	-2564	709	-3196	-94	-3631	-3475	-2002	-3465	-2652	-46	-1428	-1093
A-5872	4,11-dichloro-5,7,12,14-tetrahydro-5,12-diazapentacene-7,14-dione	C20H10Cl2N2O2	Clc1cccc2C(=O)c3cc4Nc5c(Cl)cccc5C(=O)c4cc3Nc12	381218	-6457	-6362	5460	5082	6911	6021	-2002	3352	-3689	16162	11302	1317
B-2791	heptenophos	C9H12ClO4P	CO[P](=O)(OC)OC1=C(Cl)CC2C=CC12	250618	-2057	1631	406	1443	-872	-507	1812	-3465	459	-4097	1754	-920
B-1870	tri-sec-butanolamine	C12H27NO3	CCC(O)CN(CC(O)CC)CC(O)CC	233352	-523	4416	-262	-3212	492	86	1812	6760	5644	-4097	-4610	1126
B-674	tetrafluoroethylene	C2F4	FC(F)=C(F)F	100014	-2800	280	-5423	-581	-7666	-5848	-5816	-3465	-3689	-4097	-4610	-5697
B-68	ethinyl estradiol	C20H24O2	C[C@]12CC[C@H]3[C@@H](CCc4cc(O)ccc34)[C@@H]1CC[C@@]2(O)C#C	296410	-4419	-2660	2178	2488	3698	3647	-2002	3352	-3689	-46	8119	-1379
C-542	ethinyl  estradiol	C20H24O2	CC12CCC3C(CCC4=CC(=CC=C34)O)C1CCC2(O)C#C	296410	-4470	-2752	2178	2488	3698	3647	-2002	3352	-3689	-46	8119	-1379
F-567	4-(hydroxy-phenylphosphoryl)benzoic acid	C13H11O4P	O=C(O)C1=CC=C(P(=O)(O)C2=CC=CC=C2)C=C1	262201	-4070	-2026	854	-1310	1037	1273	-2002	3352	-578	4006	1754	2264
B-437	2-(diethylamino)-ethanol	C6H15NO	CCN(CC)CCO	117192	931	7057	-4758	-3744	-4120	-4661	-2002	-57	459	-4097	-4610	-3192
A-4724	N-(2-chlorophenyl)-3-oxobutanamide	C10H10ClNO2	CC(=O)CC(=O)Nc1ccccc1Cl	211648	-2407	995	-1102	-77	-1015	-1101	-2002	-57	-578	-46	-1428	-770
B-942	azuleno[6,5-b]furan-2,6-(3h,4h)-dione, 3a,7,7a,8	C15H20O4	C[C@H]1C[C@H]2OC(=O)[C@@H](C)[C@H]2[C@H](O)C3=C(C)C(=O)C[C@H]13	264321	-1945	1833	936	-1567	916	1866	1812	-57	-3689	-4097	4937	1091
F-1163	9-hydroxy-1,5,8-trimethyl-1,3a,4,5,5a,6,9,9a-octahydroazuleno[5,6-d]furan-2,7-di	C15H20O4	CC1=C2C(O)C3C(CC(C)C2CC1=O)OC(=O)C3C	264321	-1950	1824	936	-1567	916	1866	1812	-57	-3689	-4097	4937	1091
B-269	preg-4-ene-3,20-dione, 11-hydroxy-, (11.alpha.)-	C21H30O3	CC(=O)C1CC[C@H]2[C@@H]3CCC4=CC(=O)CC[C@]4(C)[C@H]3[C@H](O)C[C@]12C	330468	-3820	-1572	3496	2643	4570	4834	-95	-57	-2652	-4097	8119	106
C-433	11-alpha-hydroxyprogesterone	C21H30O3	CC(=O)C1CCC2C3CCC4=CC(=O)CCC4(C)C3C(O)CC12C	330468	-3820	-1572	3496	2643	4570	4834	-95	-57	-2652	-4097	8119	106
C-2118	tropicamide	C17H20N2O2	CCN(CC1=CC=NC=C1)C(=O)C(CO)C2=CC=CC=C2	284359	-1700	2278	1712	-174	2954	3053	-95	-57	2533	4006	1754	5
F-321	4-methoxyfuro[3,2-g]chromen-7-one	C12H8O4	COC1=C2C=COC2=CC2=C1C=CC(=O)O2	216192	-3600	-1172	-926	473	-496	86	1812	-3465	-2652	8058	4937	-85
A-5305	(5-ethyl-1,3-dioxan-5-yl)methanol	C7H14O3	CCC1(CO)COCOC1	146186	835	6883	-3636	-3632	-3862	-3475	-95	-57	-1615	-4097	-1428	-1568
D-16	tetradecane	C14H30	CCCCCCCCCCCCCC	198394	-7456	-8175	-1615	6454	707	-1101	-5816	-3465	7719	-4097	-4610	-5697
A-4084	1,3,5-trioxane	C3H6O3	C1OCOCO1	90078	372	6041	-5807	-4497	-6697	-5848	-95	-3465	-3689	-4097	-1428	-2742
A-587	4-formyl-2-methoxyphenyl 2-methylpropanoate	C12H14O4	COc1cc(C=O)ccc1OC(=O)C(C)C	222240	-2589	664	-692	-433	-489	86	1812	-3465	459	-46	-1428	-83
B-3663	2,3,4-trichloronitrobenzene	C6H2Cl3NO2	[O-][N+](=O)c1ccc(Cl)c(Cl)c1Cl	226446	-3940	-1790	-530	2379	-2114	-2288	-2002	-3465	-2652	-46	-1428	-1093
A-276	1-(2-benzenesulfonamidophenyl)-3-phenylurea	C19H17N3O3S	O=C(Nc1ccccc1)Nc2ccccc2N[S](=O)(=O)c3ccccc3	367430	-4578	-2949	4927	3471	6161	6021	-95	6760	1496	8058	4937	3620
C-985	5,6-dihydro-2-sulfamoylthieno[2,3-b]thiopyran-7,7-dioxide-4-one	C7H7NO5S3	N[S](=O)(=O)C1=CC2=C(S1)[S](=O)(=O)CCC2=O	281336	-3020	-119	1595	-4813	-817	86	5626	-57	-2652	-46	1754	6189
A-17	4-(dimethylamino)benzaldehyde	C9H11NO	CN(C)c1ccc(C=O)cc1	149193	-2283	1220	-3519	-1388	-2412	-2881	-2002	-3465	-1615	-46	-1428	-3529
C-2218	6-acetyloxymethylthio-9-acetyloxymethylpurine	C11H12N4O4S	CC(=O)OCSC1=NC=NC2=C1N=C[N]2COC(C)=O	296308	-2540	753	2174	-2534	1135	2460	11348	-3465	1496	4006	1754	4570
B-3339	pyrazosulfuron-ethyl	C14H18N6O7S	CCOC(=O)c1cnn(C)c1[S](=O)(=O)NC(=O)Nc2nc(OC)cc(OC)n2	414400	-4456	-2727	6744	-4512	4778	7207	15162	3352	3570	4006	1754	11766
A-2504	2-tert-butylbenzene-1,4-diol	C10H14O2	CC(C)(C)c1cc(O)ccc1O	166220	-1221	3149	-2860	184	-2061	-2288	-2002	3352	-3689	-46	-1428	-1379
B-1359	helicin	C13H16O7	OC[C@H]1O[C@@H](Oc2ccccc2C=O)[C@H](O)[C@@H](O)[C@@H]1O	284264	-1198	3189	1708	-6853	627	2460	7534	10169	459	-46	1754	6731
B-4453	maleic hydrazide	C4H4N2O2	O=C1NNC(=O)C=C1	112088	-1271	3057	-4955	-6124	-5209	-4661	-2002	3352	-3689	-46	-1428	1317
C-791	sulpiride	C15H23N3O4S	CCN1CCCC1CNC(=O)C2=C(OC)C=CC(=C2)[S](N)(=O)=O	341433	-2880	135	3921	-3297	3768	4240	3719	3352	2533	-46	1754	5160
A-4779	2-(2-methylbutan-2-yl)phenol	C11H16O	CCC(C)(C)c1ccccc1O	164248	-2491	841	-2937	1480	-1614	-2288	-3909	-57	-1615	-46	-1428	-3538
A-3866	cyclopentanone	C5H8O	O=C1CCCC1	84118	554	6371	-6038	-2212	-5846	-5848	-3909	-3465	-3689	-4097	-1428	-3875
C-2562	4-methoxyphenylkni-727	C28H37N3O5S	COC1=CC=C(C=C1)C(=O)NC(CC2=CC=CC=C2)C(O)C(=O)N3CSC(C)(C)C3C(=O)NC(C)(C)C	527687	-4110	-2099	11129	1314	12625	12548	5626	6760	4607	4006	4937	5826
A-1333	4-methoxyaniline	C7H9NO	COc1ccc(N)cc1	123155	-748	4007	-4527	-1932	-3737	-4068	-2002	-57	-2652	-46	-1428	-1935
B-3420	benzenesulfonamide, 4-[(3-hydroxypropyl)thio]-	C9H13NO3S2	N[S](=O)(=O)c1ccc(SCCCO)cc1	247341	-2247	1285	279	-2820	-279	-507	1812	3352	1496	-46	-1428	2882
B-3987	3-bromo-1-propene	C3H5Br	BrCC=C	120977	-1500	2643	-4611	-1383	-5768	-7035	-5816	-3465	-2652	-4097	-4610	-5697
A-3354	2-phenylethan-1-amine	C8H11N	NCCc1ccccc1	121183	-282	4853	-4603	-2102	-3465	-4068	-3909	-57	-1615	-46	-1428	-2920
C-1485	2,2',3,4',5,5',6-heptachlorodiphenyl  ether	C12H3Cl7O	ClC1=C(Cl)C=C(OC2=C(Cl)C(=CC(=C2Cl)Cl)Cl)C(=C1)Cl	411326	-9050	-11070	6625	10894	3928	2460	-3909	-3465	-1615	4006	1754	-4712
A-1495	1-chloro-1,1-difluoroethane	C2H3ClF2	CC(F)(F)Cl	100495	-1723	2236	-5404	-871	-6906	-6442	-5816	-3465	-3689	-4097	-4610	-5697
A-1341	[2-(3-methylbutoxy)ethyl]benzene	C13H20O	CC(C)CCOCCc1ccccc1	192302	-3934	-1778	-1851	1881	-252	-1101	-3909	-3465	2533	-46	-1428	-4712
C-420	cholic  acid	C24H40O5	CC(CCC(O)=O)C1CCC2C3C(O)CC4CC(O)CCC4(C)C3CC(O)C12C	408579	-3630	-1227	6519	2178	7260	7801	1812	10169	459	-4097	8119	4761
A-5101	dimethyl[3-(octadecyloxy)propyl]amine	C23H49NO	CCCCCCCCCCCCCCCCCCOCCCN(C)C	355651	-6852	-7079	4471	9310	7790	5427	-2002	-3465	18089	-4097	-4610	-4366
B-2412	sec-butylamine	C4H11N	CCC(C)N	73139	185	5702	-6463	-2943	-5776	-6442	-3909	-57	-2652	-4097	-4610	-2920
C-2561	2-sulfamoyl-5-(2,4-dinitrobenzenesulfonamido)-1,3,4-thiadiazole	C8H6N6O8S3	N[S](=O)(=O)C1=NN=C(N[S](=O)(=O)C2=C(C=C(C=C2)[N+]([O-])=O)[N+]([O-])=O)S1	410371	-2910	81	6589	-4724	2991	5427	15162	3352	2533	4006	1754	17610
A-4296	1-(diethylamino)propan-2-ol	C7H17NO	CCN(CC)CC(C)O	131219	102	5551	-4215	-3008	-3424	-4068	-2002	-57	459	-4097	-4610	-3192
C-702	3,4,4',5-tetrachlorobiphenyl	C12H6Cl4	ClC1=CC=C(C=C1)C2=CC(=C(Cl)C(=C2)Cl)Cl	291992	-7960	-9091	2007	6946	1489	86	-5816	-3465	-2652	4006	1754	-5697
A-3472	ethyl 3-ethoxypropanoate	C7H14O3	CCOCCC(=O)OCC	146186	-432	4582	-3636	-2503	-3686	-3475	-95	-3465	1496	-4097	-4610	-1905
B-1875	pteridine, 2-methyl-	C7H6N4	Cc1ncc2nccnc2n1	146153	-119	5150	-3637	-2972	-3364	-2881	1812	-3465	-3689	4006	1754	-194
B-1592	1,3,4-thiadiazolidine-2,5-dithione	C2H2N2S3	S=C1NNC(=S)S1	150253	-755	3994	-3478	-823	-4148	-5255	-95	3352	-3689	-46	-1428	-2327
A-1931	[2-(tert-butylperoxy)propan-2-yl]benzene	C13H20O2	CC(C)(C)OOC(C)(C)c1ccccc1	208301	-4291	-2427	-1232	2594	-105	-507	-2002	-3465	-578	-46	-1428	-3727
C-2525	flavopiridol	C21H20ClNO5	CN1CCC(C(O)C1)C2=C(O)C=C(O)C3=C2OC(=CC3=O)C4=C(Cl)C=CC=C4	401846	-4260	-2371	6259	1905	6819	7207	5626	6760	-1615	8058	8119	4350
B-3146	guanidine, n,n'-bis(4-methoxyphenyl)-	C15H17N3O2	COc1ccc(NC(=N)Nc2ccc(OC)cc2)cc1	271320	-2734	400	1207	1637	2858	2460	-95	6760	459	4006	1754	1386
B-3528	cloransulam	C15H13ClFN5O5S	CCOc1nc(F)cc2nc(nn12)[S](=O)(=O)Nc3c(Cl)cccc3C(=O)OC	429817	-4429	-2678	7341	-748	5061	7207	11348	-57	2533	8058	4937	7620
B-3375	1-naphthalenepropanoic acid, .beta.-amino-, (ñ)	C13H13NO2	[NH3+][C@H](CC([O-])=O)c1cccc2ccccc12	215252	-1590	2478	-963	-3853	-437	86	-2002	-57	-578	4006	1754	1536
B-2645	acetamide-2-chloro-n-(2,6-dimethylphenyl)-n-((2-	C15H22ClNO2	CC(C)COCN(C(=O)CCl)c1c(C)cccc1C	283799	-3682	-1322	1690	2285	2679	1866	-2002	-3465	2533	-46	-1428	-2544
C-1632	5-aminouracil	C4H5N3O2	NC1=CNC(=O)NC1=O	127103	-2410	989	-4374	-6915	-4541	-4068	-95	6760	-3689	-46	-1428	4094
A-676	2-[(2-hydroxyethyl)[(9E)-octadec-9-en-1-yl]amino]ethan-1-ol	C22H45NO2	CCCCCCCC/C=C/CCCCCCCCN(CCO)CCO	355607	-4780	-3316	4469	5703	7264	5427	-95	3352	17052	-4097	-4610	-1033
A-2180	ethenyl[(ethenyldimethylsilyl)oxy]dimethylsilane	C8H18OSi2	C[Si](C)(O[Si](C)(C)C=C)C=C	186403	-5954	-5448	-2079	1071	-854	-2881	-3909	-3465	459	-4097	-4610	-4712
C-2316	2,2',3,4,4',6-hexachlorodiphenyl  ether	C12H4Cl6O	ClC1=CC(=C(OC2=C(Cl)C(=C(Cl)C=C2Cl)Cl)C=C1)Cl	376881	-8470	-10017	5292	9657	3169	1866	-3909	-3465	-1615	4006	1754	-4712
B-427	2,6-dichloro-4-nitroaniline	C6H4Cl2N2O2	Nc1c(Cl)cc(cc1Cl)[N+]([O-])=O	207016	-4471	-2754	-1282	352	-2204	-2288	-95	-57	-2652	-46	-1428	1684
F-655	Heptyl 3-chloro-4-hydroxybenzoate	C14H19ClO3	CCCCCCCOC(=O)C1=CC(Cl)=C(O)C=C1	270756	-4230	-2317	1185	3549	1525	1273	-95	-57	3570	-46	-1428	-731
C-59	dl-malic acid;  dl-2-hydroxybutanedioic acid;  hydroxysuccinic acid	C4H6O5	OC(CC(O)=O)C(O)=O	134087	640	6528	-4104	-6420	-5480	-4068	-95	6760	-578	-4097	-4610	4423
C-1630	Beta-d-Fructose	C6H12O6	OCC(O)C(O)C(O)C(=O)CO	180156	320	5947	-2321	-10744	-3768	-2288	5626	13578	1496	-4097	-4610	6920
B-64	fructose	C6H12O6	OC[C@@H](O)[C@@H](O)[C@H](O)C(=O)CO	180156	635	6520	-2321	-10744	-3768	-2288	5626	13578	1496	-4097	-4610	6920
A-402	2-methoxy-4-[(1E)-prop-1-en-1-yl]phenol	C10H12O2	COc1cc(\C=C\C)ccc1O	164204	-2365	1071	-2939	257	-1926	-2288	-2002	-57	-1615	-46	-1428	-2553
B-4455	2,6-dimethyl-4-pyrimidinamine	C6H9N3	Cc1cc(N)nc(C)n1	123159	-1284	3033	-4527	-3071	-3962	-4068	-95	-57	-3689	-46	-1428	-169
C-197	talbutal;  5-allyl-5-sec-butylbarbituric  acid	C11H16N2O3	CCC(C)C1(CC=C)C(=O)NC(=O)NC1=O	224260	-2020	1697	-614	-2531	-561	86	-95	3352	459	-4097	-1428	2336
C-1883	4,6-pteridinedione	C6H4N4O2	O=C1NC2=C(N=CNC2=O)N=C1	164124	-2960	-10	-2942	-6231	-3226	-2288	1812	3352	-3689	4006	1754	4068
A-4477	2-phenyl-4,5-dihydro-1H-imidazole	C9H10N2	C1C[NH+]=C(N1)c2ccccc2	147201	-1127	3320	-3597	-6022	-2680	-2881	-3909	3352	-2652	-46	1754	-2922
C-2489	5-(4-aminobenzenesulfonylimido)-4-methyl-delta2-1,3,4-thiadiazoline-2-sulfonamid	C9H11N5O4S3	CN1N=C(SC1=N[S](=O)(=O)C2=CC=C(N)C=C2)[S](N)(=O)=O	349419	-2500	825	4230	-6242	2116	3053	9441	3352	-578	4006	1754	10364
F-1011	5,5-diethyl-1-(hydroxymethyl)-1,3-diazinane-2,4,6-trione	C9H14N2O4	CCC1(CC)C(=O)NC(=O)N(CO)C1=O	214221	-3930	-1772	-1003	-4689	-1756	-507	1812	3352	-578	-4097	-1428	3557
C-1309	allopurin-2-yl-methyl  butyrate;  2-(butanoyloxymethyl)allopurinol	C10H12N4O3	CCCC(=O)OC[N]1C=C2C(=O)NC=NC2=N1	236231	-2200	1370	-151	-3555	-445	680	5626	-57	459	4006	1754	3894
D-2039	3-chlorophthalic acid	C8H5ClO4	OC(=O)c1cccc(Cl)c1C(O)=O	200577	-976	3593	-1531	-1063	-2531	-1694	-2002	3352	-1615	-46	-1428	2264
A-5666	tris(2-methylphenyl) phosphite	C21H21O3P	Cc1ccccc1OP(Oc2ccccc2C)Oc3ccccc3C	352370	-7780	-8764	4344	7719	6095	5427	-95	-3465	2533	8058	4937	-2742
B-634	n-nonane	C9H20	CCCCCCCCC	128259	-5766	-5106	-4330	2762	-2789	-4068	-5816	-3465	2533	-4097	-4610	-5697
A-4823	2-methylbut-2-ene	C5H10	CC=C(C)C	70135	-2233	1310	-6579	-616	-5599	-6442	-5816	-3465	-3689	-4097	-4610	-5697
B-2443	3-heptanol, 4-methyl- (van8ci9ci)	C8H18O	CCCC(C)C(O)CC	130231	-1964	1800	-4253	-198	-3288	-4068	-3909	-57	459	-4097	-4610	-3538
B-1890	disulfoton sulfone	C8H19O4PS3	CCO[P](=S)(OCC)SCC[S](=O)(=O)CC	306411	-2540	752	2565	291	1853	86	5626	-3465	5644	-4097	-4610	-83
C-2117	7-theophyllinylmethyl  acetate;  7-(acetoxymethyl)theophylline	C10H12N4O4	CN1C(=O)N(C)C2=C([N](COC(C)=O)C=N2)C1=O	252230	-1830	2042	468	-6330	-16	1273	9441	-3465	-1615	4006	1754	3707
C-1658	2,4-dimethylbenzoic  acid	C9H10O2	CC1=CC(=C(C=C1)C(O)=O)C	150177	-2970	-28	-3481	-561	-2909	-2881	-3909	-57	-2652	-46	-1428	-1716
B-2771	2,3,5,6-tetrachlorobiphenyl	C12H6Cl4	Clc1cc(Cl)c(Cl)c(c2ccccc2)c1Cl	291992	-7250	-7801	2007	6946	1489	86	-5816	-3465	-2652	4006	1754	-5697
H-219	2,2',3,3',4,4',5-Heptachlorodiphenyl ether	C12H3Cl7O	ClC1=CC=C(OC2=CC(Cl)=C(Cl)C(Cl)=C2Cl)C(Cl)=C1Cl	411326	-9120	-11198	6625	10894	3928	2460	-3909	-3465	-1615	4006	1754	-4712
E-1273	benzocaine	C9H11NO2	O=C(OCC)c(ccc(N)c1)c1	165192	-2320	1152	-2900	-1614	-2313	-2288	-95	-57	-1615	-46	-1428	-113
A-1730	(3Z)-hex-3-en-1-yl methyl carbonate	C8H14O3	CC/C=C/CCOC(=O)OC	158197	-3070	-209	-3171	-326	-2980	-2881	-95	-3465	459	-4097	-4610	-1905
A-4322	Nonylphenol, ethoxylated	C19H32O3	CCCCCCCCCc1ccc(OCCOCCO)cc1	308462	-305	4813	2644	3917	4460	3647	-95	-57	10830	-46	-1428	-1568
F-380	4-(6-methoxynaphthalen-2-yl)butan-2-one	C15H16O2	COC1=CC=C2C=C(CCC(C)=O)C=CC2=C1	228291	-1460	2714	-458	2029	1123	680	-2002	-3465	459	4006	1754	-2890
A-1550	cyclohexyl(phenyl)methanone	C13H16O	O=C(C1CCCCC1)c2ccccc2	188270	-4015	-1926	-2007	2180	-717	-1101	-3909	-3465	-1615	-46	1754	-3875
B-788	2,4,5-trimethylaniline	C9H13N	Cc1cc(C)c(N)cc1C	135210	-1955	1815	-4061	-197	-2577	-3475	-3909	-57	-3689	-46	-1428	-2920
B-2462	propanenitrile, 2-(acetyloxy)-	C5H7NO2	CC(OC(C)=O)C#N	113116	248	5815	-4916	-3477	-5337	-4661	-95	-3465	-2652	-4097	-4610	-351
C-2125	(-)-(r)-1,2-bis(2,6-dioxopiperazin-4-yl)propane;  nsc-129943;  icrf 159;  razoxa	C11H16N4O4	CC(CN1CC(=O)NC(=O)C1)N2CC(=O)NC(=O)C2	268273	-1270	3059	1089	-9477	256	1866	5626	3352	-578	-4097	1754	4849
C-314	monuron;  3-(4-chlorophenyl)-1,1-dimethylurea;  telvar	C9H11ClN2O	CN(C)C(=O)NC1=CC=C(Cl)C=C1	198653	-2890	117	-1605	256	-1200	-1694	-3909	-57	-2652	-46	-1428	-2245
B-2425	propanoic acid, 3-butoxy-, butyl ester	C11H22O3	CCCCOCCC(=O)OCCCC	202294	-2403	1002	-1464	451	-889	-1101	-95	-3465	5644	-4097	-4610	-1905
A-4529	butane-1,2-diol	C4H10O2	CCC(O)CO	90122	1045	7264	-5806	-4824	-5860	-5848	-2002	3352	-1615	-4097	-4610	-1379
B-2506	glycine, n-[n-(aminocarbonyl)glycyl]-	C5H9N3O4	NC(=O)NCC(=O)NCC(O)=O	175144	-900	3732	-2515	-8410	-3612	-2288	-95	10169	459	-4097	-4610	7272
B-1781	butylate	C11H23NOS	CCSC(=O)N(CC(C)C)CC(C)C	217378	-3684	-1325	-881	2225	408	-1101	-2002	-3465	1496	-4097	-4610	-3529
A-3558	2-aminopyridin-3-ol	C5H6N2O	Nc1ncccc1O	110116	-346	4737	-5032	-3651	-4811	-4661	-95	3352	-3689	-46	-1428	615
C-2059	isoxsuprine	C18H23NO3	CC(COC1=CC=CC=C1)NC(C)C(O)C2=CC=C(O)C=C2	301386	-1530	2587	2371	1085	3782	3647	1812	6760	3570	4006	1754	890
B-2244	3-chlorodiphenyl ether	C12H9ClO	Clc1cccc(Oc2ccccc2)c1	204656	-4211	-2281	-1373	3472	-623	-1101	-3909	-3465	-1615	4006	1754	-4712
E-1129	hexylamine	C6H15N	CCCCCCN	101193	-1100	3368	-5377	-1463	-4374	-5255	-3909	-57	459	-4097	-4610	-2920
B-3192	1,1'-biphenyl, 2,2',3,5,6-pentachloro-	C12H5Cl5	Clc1ccccc1c2c(Cl)c(Cl)cc(Cl)c2Cl	326437	-7400	-8074	3340	8183	2247	680	-5816	-3465	-2652	4006	1754	-5697
B-1210	propanoic acid, 3-amino-2-hydroxy-	C3H7NO3	NCC(O)C(O)=O	105093	-823	3871	-5226	-7397	-5964	-5255	-95	6760	-1615	-4097	-4610	3220
A-2380	3-methyl-7-propan-2-ylbicyclo[2.2.2]oct-3-ene-6-carbaldehyde	C13H20O	CC(C)C1CC2=C(C)CC1C(C2)C=O	192302	-3851	-1628	-1851	1715	-630	-1101	-3909	-3465	-1615	-4097	4937	-3875
B-3841	pentachloroethane	C2HCl5	ClC(Cl)C(Cl)(Cl)Cl	202295	-2625	599	-1464	1632	-3982	-5255	-5816	-3465	-3689	-4097	-4610	-5697
F-142	hydroxy-[5-[hydroxy(oxo)azaniumyl]oxyhexan-2-yloxy]-oxoazanium	C6H14N2O6	CC(CCC(C)O[N+](=O)O)O[N+](=O)O	210186	-2680	499	-1159	-2944	-3169	-1101	1812	3352	3570	-4097	-4610	4877
F-248	1-[bis(butylsulfonyl)methylsulfonyl]butane	C13H28O6S3	CCCCS(=O)(=O)C(S(=O)(=O)CCCC)S(=O)(=O)CCCC	376562	-2970	-28	5280	-726	4207	3647	5626	-3465	8756	-4097	-4610	5233
B-2185	benzenepropanoic acid, .alpha.,.beta.-dihydroxy-	C9H10O4	OC(C(O)c1ccccc1)C(O)=O	182175	-306	4810	-2243	-4037	-2580	-1694	-95	6760	-578	-46	-1428	2602
B-2681	pentanoic acid, 4-oxo-3-(phenylmethylene)-	C12H12O3	CC(=O)C(CC(O)=O)=Cc1ccccc1	204225	-1611	2440	-1390	-311	-717	-507	-2002	-57	459	-46	-1428	106
B-4026	p-nitroanisole	C7H7NO3	COc1ccc(cc1)[N+]([O-])=O	153137	-2414	981	-3367	-1315	-3397	-2881	-95	-3465	-1615	-46	-1428	-108
F-87	3-hydroxy-2-methyl-1-phenylpyridin-4-one	C12H11NO2	CC1=C(O)C(=O)C=CN1C1=CC=CC=C1	201225	-2030	1679	-1506	-845	-552	-507	-95	-57	-2652	4006	1754	-1190
B-1738	psicofuranine	C11H15N5O5	Nc1ncnc2n(cnc12)[C@]3(CO)O[C@H](CO)[C@@H](O)[C@H]3O	297271	-1570	2514	2211	-9714	1012	3053	13255	13578	-578	4006	4937	11354
C-2530	4-methyl-5-(3-nitrobenzenesulfonylimido)-delta2-1,3,4-thiadiazoline-2-sulfonamid	C9H9N5O6S3	CN1N=C(SC1=N[S](=O)(=O)C2=CC=CC(=C2)[N+]([O-])=O)[S](N)(=O)=O	379401	-2670	517	5390	-5625	2456	4240	11348	-57	459	4006	1754	12191
A-4828	3,5,5-trimethylhexan-1-ol	C9H20O	CC(CCO)CC(C)(C)C	144258	-2557	722	-3710	271	-2596	-3475	-3909	-57	-578	-4097	-4610	-3538
B-4202	crufomate	C12H19ClNO3P	CN[P](=O)(OC)Oc1ccc(cc1Cl)C(C)(C)C	291715	-3164	-380	1996	3203	1873	1273	-95	-57	459	-46	-1428	-621
C-2272	2,2',4,5,6'-pentachlorodiphenyl  ether	C12H5Cl5O	ClC1=CC=CC(=C1OC2=C(Cl)C=C(Cl)C(=C2)Cl)Cl	342436	-7120	-7565	3959	8420	2411	1273	-3909	-3465	-1615	4006	1754	-4712
B-949	benzoic acid, 4-fluoro-3-nitro-	C7H4FNO4	OC(=O)c1ccc(F)c(c1)[N+]([O-])=O	185110	-1581	2495	-2129	-1639	-3342	-1694	-95	-57	-1615	-46	-1428	2888
C-429	1,5-dihydroxynaphthalene;  1,5-naphthalenediol	C10H8O2	OC1=CC=CC2=C1C=CC=C2O	160172	-2920	63	-3095	-89	-2242	-2288	-2002	3352	-3689	4006	1754	-1379
C-1743	1,3-diisothiocyanatobenzene	C8H4N2S2	S=C=NC1=CC=CC(=C1)N=C=S	192268	-4700	-3170	-1852	1623	-950	-2288	1812	-3465	-1615	-46	-1428	-3059
B-3062	1h-imidazole-4-sulfonic acid	C3H4N2O3S	O[S](=O)(=O)c1c[nH]cn1	148143	130	5603	-3560	-5001	-5100	-4068	-95	3352	-2652	-46	-1428	3166
A-4711	3-(2H-1,3-benzodioxol-5-yl)-2-methylpropanal	C11H12O3	CC(Cc1ccc2OCOc2c1)C=O	192214	-2313	1164	-1854	-957	-1603	-1101	-95	-3465	-578	-46	1754	-1905
A-1467	1,1,1-TRICHLORO-2,2,2-TRIFLUOROETHANE	C2Cl3F3	FC(F)(F)C(Cl)(Cl)Cl	187375	-4333	-2504	-2042	1175	-5412	-4661	-5816	-3465	-3689	-4097	-4610	-5697
B-230	tri-p-cresyl phosphate	C21H21O4P	Cc1ccc(O[P](=O)(Oc2ccc(C)cc2)Oc3ccc(C)cc3)cc1	368369	-6089	-5693	4963	7494	6199	6021	1812	-3465	2533	8058	4937	-920
F-209	methyl 2-cyano-5-methyl-3-oxohexanoate	C9H13NO3	COC(=O)C(C#N)C(=O)CC(C)C	183207	-2730	408	-2203	-2619	-2499	-1694	1812	-3465	459	-4097	-4610	1470
A-4628	tetraethyl silicate	C8H20O4Si	CCO[Si](OCC)(OCC)OCC	208330	-2146	1469	-1231	-1382	-1488	-1694	1812	-3465	4607	-4097	-4610	-1757
A-5700	(2E,7R,11R)-3,7,11,15-tetramethylhexadec-2-en-1-ol; (2Z,7R,11R)-3,7,11,15-tetram	C20H40O	CC(C)CCC[C@@H](C)CCC[C@@H](C)CCC/C(C)=C/CO	296539	-4862	-3464	2183	7697	5069	3053	-3909	-57	9793	-4097	-4610	-3538
B-1939	1-chloro-1,2,2,2-tetrafluoroethane	C2HClF4	FC(Cl)C(F)(F)F	136475	-1959	1808	-4012	-407	-6856	-5255	-5816	-3465	-3689	-4097	-4610	-5697
B-2797	butanoic acid, 4-(benzoylamino)-	C11H13NO3	OC(=O)CCCNC(=O)c1ccccc1	207229	-1202	3182	-1273	-1925	-975	-507	-2002	3352	1496	-46	-1428	1389
B-1952	1h-purin-2-amine, 6-(trifluoromethyl)-	C6H4F3N5	Nc1nc2nc[nH]c2c(n1)C(F)(F)F	203127	-3135	-327	-1432	-2545	-3178	-1101	1812	3352	-3689	4006	1754	2892
A-2510	1-(hexyloxy)hexane	C12H26O	CCCCCCOCCCCCC	186339	-4270	-2390	-2082	3532	-452	-1694	-3909	-3465	6681	-4097	-4610	-4712
F-1199	3,3-dimethyl-7-oxo-6-[[2-(phenoxy)acetyl]amino]-4-thia-1-azabicyclo[3.2.0]heptan	C16H18N2O5S	CC1(C)SC2C(NC(=O)COC3=CC=CC=C3)C(=O)N2C1C(=O)O	350396	-2810	262	4267	-3031	3863	4834	3719	3352	1496	-46	4937	4542
E-616	quanidinoacetic_acid	C3H7N3O2	NC(=N)NCC(=O)O	117108	-1510	2623	-4761	-7088	-5229	-4661	-2002	10169	-1615	-4097	-4610	4890
B-1615	1-hydroxy-cyclohexanecarboxylic acid	C7H12O3	OC(=O)C1(O)CCCCC1	144170	-333	4761	-3714	-2900	-4000	-3475	-2002	3352	-2652	-4097	-1428	443
C-1857	4-[(ethoxycarbonyloxy)methoxy]acetanilide	C12H15NO5	CCOC(=O)OCOC1=CC=C(NC(C)=O)C=C1	253254	-2430	953	508	-272	343	1273	3719	-57	1496	-46	-1428	2185
B-3712	2,4,6-trimethylphenol	C9H12O	Cc1cc(C)c(O)c(C)c1	136194	-2055	1634	-4023	37	-2993	-3475	-3909	-57	-3689	-46	-1428	-3538
B-3350	propanamide, 2-hydroxy-n-tetradecyl-	C17H35NO2	CCCCCCCCCCCCCCNC(=O)C(C)O	285472	-3978	-1860	1755	3571	3586	2460	-2002	3352	10830	-4097	-4610	-432
F-1194	4-phenyldiazenylbenzene-1,3-diol	C12H10N2O2	OC1=CC(O)=C(N=NC2=CC=CC=C2)C=C1	214224	-3080	-228	-1003	2300	-257	86	1812	3352	-1615	4006	1754	1259
A-3438	tris(2-hydroxyethyl)-1,3,5-triazinane-2,4,6-trione	C9H15N3O6	OCCN1C(=O)N(CCO)C(=O)N(CCO)C1=O	261234	340	5984	817	-11641	-243	1273	11348	6760	2533	-46	-1428	7823
B-3216	2,5-dibromobenzaldehyde	C7H4Br2O	Brc1ccc(Br)c(C=O)c1	263916	-3800	-1536	920	1374	-2249	-3475	-3909	-3465	-2652	-46	-1428	-3875
A-4737	2-nitro-4-(trifluoromethyl)benzonitrile	C8H3F3N2O2	[O-][N+](=O)c1cc(ccc1C#N)C(F)(F)F	216118	-2471	879	-929	354	-2918	-507	-95	-3465	-2652	-46	-1428	1446
B-2898	2,2',3,3',4,4',5,6'-octachlorobiphenyl	C12H2Cl8	Clc1cc(Cl)c(c(Cl)c1Cl)c2cc(Cl)c(Cl)c(Cl)c2Cl	429772	-9420	-11742	7339	11894	4523	2460	-5816	-3465	-2652	4006	1754	-5697
B-2932	2,2',3,4',5,5'-hexachlorobiphenyl	C12H4Cl6	Clc1cc(Cl)c(Cl)c(c1)c2cc(Cl)c(Cl)cc2Cl	360882	-8580	-10217	4673	9420	3006	1273	-5816	-3465	-2652	4006	1754	-5697
C-1305	morphine;  7,8-didehydro-4,5-epoxy-17-methylmorphinan-3,6-diol	C17H19NO3	CN1CCC23C4OC5=C(O)C=CC(=C25)CC1C3C=CC4O	285343	-3150	-355	1750	-2082	2346	3053	1812	3352	-3689	-46	11302	-48
F-200	6-(carbamoylamino)hexanoic acid	C7H14N2O3	NC(=O)NCCCCCC(=O)O	174200	-2160	1443	-2552	-3783	-2785	-2288	-2002	6760	2533	-4097	-4610	4166
A-1404	3,7,7-trimethylbicyclo[4.1.0]hept-3-ene	C10H16	CC1=CCC2C(C1)C2(C)C	136238	-4670	-3116	-4021	1326	-2776	-3475	-5816	-3465	-3689	-4097	1754	-5697
A-944	2-(2-naphthyloxy)ethanol	C12H12O2	OCCOc1ccc2ccccc2c1	188226	-2714	436	-2009	-165	-841	-1101	-2002	-57	-578	4006	1754	-2553
F-1187	2-[(2-amino-4-methylpentanoyl)amino]-3-(1H-indol-3-yl)propanoic acid	C17H23N3O3	CC(C)CC(N)C(=O)NC(CC1=CNC2=C1C=CC=C2)C(=O)O	317389	-1120	3332	2990	-1221	4075	4240	-95	10169	3570	4006	1754	5851
B-935	4-fluoro-2-propyl-phenol	C9H11FO	CCCc1cc(F)ccc1O	154184	-1887	1939	-3326	352	-3032	-2881	-3909	-57	-1615	-46	-1428	-3538
C-1514	difenoconazole	C19H17Cl2N3O3	CC1COC(C[N]2C=NC=N2)(O1)C3=C(Cl)C=C(OC4=CC=C(Cl)C=C4)C=C3	406269	-4910	-3552	6430	4482	5919	6614	5626	-3465	1496	8058	8119	536
B-1686	pentrinitrol	C5H9N3O10	OCC(CO[N+]([O-])=O)(CO[N+]([O-])=O)CO[N+]([O-])=O	271138	-1585	2487	1200	-7020	-2079	1273	13255	-57	6681	-4097	-4610	13229
B-69	sulfanilyl guanadine	C7H10N4O2S	NC(N)=N[S](=O)(=O)c1ccc(N)cc1	214250	-1988	1754	-1002	-5806	-1247	-1101	-95	6760	-1615	-46	-1428	7596
A-4142	2-(5-ethenyl-5-methyloxolan-2-yl)propan-2-ol	C10H18O2	CC(C)(O)C1CCC(C)(O1)C=C	170252	-1800	2097	-2704	-790	-1980	-2288	-2002	-57	-1615	-4097	-1428	-2553
C-1832	4-aminotoluene-2-sulfonic acid	C7H9NO3S	CC1=C(C=C(N)C=C1)[S](O)(=O)=O	187220	-1620	2424	-2048	-2791	-2526	-2288	-95	3352	-2652	-46	-1428	2882
A-2831	2-(chloromethyl)oxirane	C3H5ClO	ClCC1CO1	92525	-147	5098	-5713	-3169	-6303	-6442	-3909	-3465	-2652	-4097	-1428	-4360
C-2271	2,2',3,4',6-pentachlorodiphenyl  ether	C12H5Cl5O	ClC1=CC=C(OC2=C(Cl)C(=CC=C2Cl)Cl)C(=C1)Cl	342436	-7240	-7783	3959	8420	2411	1273	-3909	-3465	-1615	4006	1754	-4712
F-1080	7-(3-amino-2-ethylazetidin-1-yl)-1-cyclopropyl-6-fluoro-4-oxoquinoline-3-carboxy	C18H20FN3O3	CCC1C(N)CN1C1=CC2=C(C=C1F)C(=O)C(C(=O)O)=CN2C1CC1	345374	-3910	-1735	4073	-376	4650	5427	3719	3352	459	4006	8119	3754
A-4662	2,3-dichloroaniline	C6H5Cl2N	Nc1cccc(Cl)c1Cl	162019	-2130	1497	-3023	525	-3212	-4068	-3909	-57	-3689	-46	-1428	-2920
A-1252	4-[1,1-bis(4-hydroxyphenyl)ethyl]phenol	C20H18O3	CC(c1ccc(O)cc1)(c2ccc(O)cc2)c3ccc(O)cc3	306361	-4087	-2056	2563	3520	4208	4240	-95	6760	-578	8058	4937	780
A-691	tert-butoxy 2-ethylhexyl carbonate	C13H26O4	CCCCC(CC)COC(=O)OOC(C)(C)C	246347	-4660	-3097	241	3385	680	680	1812	-3465	3570	-4097	-4610	-920
B-3116	4-cycloocten-1-amine, n,n-dimethyl-	C10H19N	CN(C)C1CCCC=CCC1	153269	-1600	2459	-3362	263	-1875	-2881	-3909	-3465	-2652	-4097	-1428	-5351
A-1685	3,3,5-trimethylcyclohexanol	C9H18O	CC1CC(O)CC(C)(C)C1	142242	-1992	1749	-3788	-198	-2920	-3475	-3909	-57	-3689	-4097	-1428	-3538
C-1834	3-propanoyloxymethyl-5-fluorouracil	C8H9FN2O4	CCC(=O)OCN1C(=O)NC=C(F)C1=O	216168	-770	3967	-927	-5133	-2184	-507	3719	-57	-578	-46	-1428	2965
C-20	isobutyl  carbamate	C5H11NO2	CC(C)COC(N)=O	117148	-300	4821	-4760	-2954	-4802	-4661	-2002	-57	-1615	-4097	-4610	-113
C-928	n1-(2-nitrophenyl)sulfanilamide	C12H11N3O4S	NC1=CC=C(C=C1)[S](=O)(=O)NC2=CC=CC=C2[N+]([O-])=O	293304	-4490	-2789	2058	-606	1919	2460	3719	3352	459	4006	1754	6611
A-1744	aminothiourea	CH5N3S	NNC(N)=S	91139	-846	3830	-5766	-6824	-5750	-6442	-2002	6760	-3689	-4097	-4610	1141
A-2131	Benzenamine, N-phenyl-, styrenated	C28H27N	CC(c1ccccc1)c2ccc(Nc3ccc(cc3)C(C)c4ccccc4)cc2	377531	-5964	-5466	5318	10290	9387	7801	-3909	-57	2533	12110	8119	-4413
F-627	propyl 3-chloro-4-hydroxybenzoate	C10H11ClO3	CCCOC(=O)C1=CC(Cl)=C(O)C=C1	214648	-3380	-773	-986	595	-1271	-1101	-95	-57	-578	-46	-1428	-731
A-4518	2-methylpyridine	C6H7N	Cc1ccccn1	93129	1031	7238	-5689	-1719	-5014	-5255	-3909	-3465	-3689	-46	-1428	-4321
A-4751	2-methyl-1-phenylpropan-1-one	C10H12O	CC(C)C(=O)c1ccccc1	148205	-2357	1086	-3558	430	-2495	-2881	-3909	-3465	-1615	-46	-1428	-3875
A-432	1,1'-ethane-1,2-diylbis(4-nitrobenzene)	C14H12N2O4	[O-][N+](=O)c1ccc(CCc2ccc(cc2)[N+]([O-])=O)cc1	272260	-4590	-2970	1243	1874	1744	2460	1812	-3465	1496	4006	1754	3511
A-4712	2-chlorobutane	C4H9Cl	CCC(C)Cl	92569	-2001	1731	-5711	-519	-5523	-6442	-5816	-3465	-2652	-4097	-4610	-5697
C-1839	n1-isonicotinoyl-n2-hexanoylhydrazine	C12H17N3O2	CCCCCC(=O)NNC(=O)C1=CC=NC=C1	235287	-1240	3114	-187	-1657	288	680	-95	3352	1496	-46	-1428	1890
A-1034	2-chloro-1,3-benzothiazole	C7H4ClNS	Clc1sc2ccccc2n1	169636	-2733	403	-2728	1234	-2643	-3475	-2002	-3465	-3689	4006	1754	-4321
C-1484	entacapone analog (2 c); (e)-2-cyano-n,n-diethyl-3-(3-tert-butylaminocarbonyloxy	C19H24N4O6	CCN(CC)C(=O)\C(=C/C1=CC(=C(O)C(=C1)[N+]([O-])=O)OC(=O)NC(C)(C)C)C#N	404423	-3530	-1045	6358	1258	6527	7801	7534	3352	2533	-46	-1428	9863
E-1274	acetylsalicylic_acid	C9H8O4	O=C(Oc(c(ccc1)C(=O)O)c1)C	180159	-1720	2242	-2321	-1870	-2631	-1694	-95	-57	-1615	-46	-1428	1091
A-5147	oxolan-2-ylmethanol	C5H10O2	OCC1CCCO1	102133	389	6072	-5341	-4052	-5455	-5255	-2002	-57	-2652	-4097	-1428	-2553
A-1100	1,1'-ethane-1,1-diyldibenzene	C14H14	CC(c1ccccc1)c2ccccc2	182266	-4693	-3157	-2239	2916	-255	-1101	-5816	-3465	-1615	4006	1754	-5697
C-885	2,2',3,3',4,4'-hexachlorobiphenyl	C12H4Cl6	ClC1=C(Cl)C(=C(C=C1)C2=CC=C(Cl)C(=C2Cl)Cl)Cl	360882	-8780	-10580	4673	9420	3006	1273	-5816	-3465	-2652	4006	1754	-5697
B-3792	2-butanol	C4H10O	CCC(C)O	74123	388	6070	-6425	-2879	-6074	-6442	-3909	-57	-2652	-4097	-4610	-3538
C-1988	2-amino-6,7-diethylpteridine	C10H13N5	CCC1=NC2=C(N=C(N)N=C2)N=C1CC	203249	-3040	-155	-1427	-2217	-574	-507	3719	-57	-1615	4006	1754	2582
B-47	4-aminobutyric acid	C4H9NO2	NCCCC(O)=O	103121	1101	7365	-5303	-4710	-5475	-5255	-2002	3352	-578	-4097	-4610	1061
C-2322	8-styryltheophylline	C15H14N4O2	CN1C(=O)N(C)C2=C([NH]C(=N2)\C=C\C3=CC=CC=C3)C1=O	282303	-6660	-6730	1632	-2210	3007	3053	3719	-57	-1615	8058	4937	2060
A-2582	icosan-1-ol	C20H42O	CCCCCCCCCCCCCCCCCCCCO	298555	-5475	-4578	2261	8940	5115	3053	-3909	-57	14978	-4097	-4610	-3538
A-3180	hexanedinitrile	C6H8N2	N#CCCCCC#N	108144	-131	5128	-5108	-1333	-4905	-4661	-2002	-3465	-578	-4097	-4610	-619
C-170	4-nitrophenol	C6H5NO3	OC1=CC=C(C=C1)[N+]([O-])=O	139110	-940	3659	-3910	-1889	-4137	-3475	-95	-57	-2652	-46	-1428	1066
B-769	1-hydroxyanthraquinone	C14H8O3	Oc1cccc2C(=O)c3ccccc3C(=O)c12	224215	-4421	-2664	-616	-247	-102	680	-95	-57	-3689	4006	4937	106
B-1259	n-butyl propionate	C7H14O2	CCCCOC(=O)CC	130187	-1938	1845	-4255	-1057	-3926	-4068	-2002	-3465	459	-4097	-4610	-2890
A-4471	suberonitrile	C8H12N2	N#CCCCCCCC#N	136198	-1081	3402	-4022	144	-3506	-3475	-2002	-3465	1496	-4097	-4610	-619
F-441	N-hydroxy-4-methyl-2,2-bis(2-methylpropyl)pentanamide	C14H29NO2	CC(C)CC(CC(C)C)(CC(C)C)C(=O)NO	243391	-4000	-1899	126	2496	1308	680	-2002	3352	3570	-4097	-4610	-432
C-2247	2',3,4,4',5-pentachlorodiphenyl  ether	C12H5Cl5O	ClC1=CC=C(OC2=CC(=C(Cl)C(=C2)Cl)Cl)C(=C1)Cl	342436	-7890	-8964	3959	8420	2411	1273	-3909	-3465	-1615	4006	1754	-4712
B-1587	glycine, n-(2,4,6-trinitrophenyl)-	C8H6N4O8	OC(=O)CNc1c(cc(cc1[N+]([O-])=O)[N+]([O-])=O)[N+]([O-])=O	286156	-2392	1021	1781	-2632	67	2460	9441	3352	2533	-46	-1428	13379
B-74	librium	C16H14ClN3O	CN=C1CN(O)C(=C2C=C(Cl)C=CC2=N1)c3ccccc3	299761	-2176	1414	2308	-850	3172	3053	-95	-57	-2652	4006	4937	-554
F-870	7-chloro-4-hydroxy-N-methyl-5-phenyl-3H-1,4-benzodiazepin-4-ium-2-amine	C16H14ClN3O	CNC1=NC2=C(C=C(C=C2)Cl)C(=[N+](C1)O)C3=CC=CC=C3	300769	-3390	-791	2347	1030	3344	3053	-95	3352	-2652	4006	4937	-614
C-955	n-(4-ethoxyphenyl)-4-nitrobenzenesulfonamide	C14H14N2O5S	CCOC1=CC=C(N[S](=O)(=O)C2=CC=C(C=C2)[N+]([O-])=O)C=C1	322342	-4720	-3206	3182	939	2942	3647	3719	-57	2533	4006	1754	4819
A-3279	3,4-dihydro-2H-pyran	C5H8O	C1COC=CC1	84118	-1038	3480	-6038	-1870	-5717	-5848	-3909	-3465	-3689	-4097	-1428	-4712
B-3544	Brofluthrinate	C26H22BrF2NO4	CC(C)C(C(=O)OC(C#N)c1cccc(Oc2ccc(Br)cc2)c1)c3ccc(OC(F)F)cc3	530365	-8173	-9478	11232	9640	9641	10768	3719	-3465	5644	8058	4937	1619
B-3113	3,3',4-trichlorodiphenyl ether	C12H7Cl3O	Clc1cccc(Oc2ccc(Cl)c(Cl)c2)c1	273546	-5437	-4509	1293	5946	894	86	-3909	-3465	-1615	4006	1754	-4712
B-248	chloroacetone	C3H5ClO	CC(=O)CCl	92525	-12	5344	-5713	-2809	-6160	-6442	-3909	-3465	-2652	-4097	-4610	-3875
B-4198	phorate	C7H17O2PS3	CCO[P](=S)(OCC)SCSCC	260386	-3717	-1384	784	2706	915	-1694	3719	-3465	4607	-4097	-4610	-3727
B-4146	2-nitroacetanilide	C8H8N2O3	CC(=O)Nc1ccccc1[N+]([O-])=O	180163	-1909	1898	-2321	-1410	-2224	-1694	-95	-57	-1615	-46	-1428	2013
C-2159	3,3',4,5'-tetrachlorodiphenyl  ether	C12H6Cl4O	ClC1=CC(=CC(=C1)OC2=CC=C(Cl)C(=C2)Cl)Cl	307991	-7320	-7928	2626	7183	1652	680	-3909	-3465	-1615	4006	1754	-4712
B-4203	naled	C4H7Br2Cl2O4P	CO[P](=O)(OC)OC(Br)C(Cl)(Cl)Br	380784	-2280	1226	5443	2562	-499	-1694	1812	-3465	1496	-4097	-4610	-920
B-2552	2,4-pteridinediamine, 6,7-diethyl-	C10H14N6	CCc1nc2nc(N)nc(N)c2nc1CC	218264	-3267	-568	-846	-3008	94	86	5626	3352	-1615	4006	1754	5359
B-4043	1-nitropentane	C5H11NO2	CCCCC[N+]([O-])=O	117148	-1955	1816	-4760	-1599	-4648	-4661	-2002	-3465	459	-4097	-4610	-1093
A-2140	methyl 4-[(2,5-dichlorophenyl)carbamoyl]-2-nitrobenzoate	C15H10Cl2N2O5	COC(=O)c1ccc(cc1[N+]([O-])=O)C(=O)Nc2cc(Cl)ccc2Cl	369160	-5965	-5468	4994	3109	4053	4834	3719	-57	459	4006	1754	4819
C-1808	6-dimethylaminopurine;  n6,n6-dimethyladenine	C7H9N5	CN(C)C1=NC=NC2=C1N=C[NH]2	163184	-1300	3005	-2978	-3557	-2434	-2288	1812	-57	-2652	4006	1754	461
B-1371	p-hydroxybenzyl alcohol	C7H8O2	OCc1ccc(O)cc1	124139	-1268	3063	-4489	-2676	-4248	-4068	-2002	3352	-2652	-46	-1428	-1379
H-11	Androstanedione	C19H28O2	CC12CCCC1C1CCC3CC(=O)C(=O)CC3(C)C1CC2	288431	-3760	-1463	1869	3539	2976	3053	-2002	-3465	-3689	-4097	8119	-2053
B-2102	1-hexen-3-ol	C6H12O	CCCC(O)C=C	100161	-599	4277	-5417	-1826	-4690	-5255	-3909	-57	-578	-4097	-4610	-3538
B-4360	1-phenylpropane-1,2-dione	C9H8O2	CC(=O)C(=O)c1ccccc1	148161	-1756	2177	-3559	-1590	-3124	-2881	-2002	-3465	-1615	-46	-1428	-2053
A-4756	trimethoxy(3,3,4,4,5,5,6,6,7,7,8,8,8-tridecafluorooctyl)silane	C11H13F13O3Si	CO[Si](CCC(F)(F)C(F)(F)C(F)(F)C(F)(F)C(F)(F)C(F)(F)F)(OC)OC	468282	-2892	113	8830	5102	743	7207	-95	-3465	6681	-4097	-4610	-2742
B-1113	c.i. disperse black 3	C14H16N4	CN(C)c1ccc(cc1)N=Nc2ccc(N)cc2	240310	-4594	-2978	7	2749	2076	1273	1812	-57	-578	4006	1754	64
F-128	N-diethylsulfinamoyl-N-ethylethanamine	C8H20N2OS	CCN(CC)S(=O)N(CC)CC	192328	-1280	3041	-1850	-1987	-1227	-2288	-3909	-3465	2533	-4097	-4610	-3184
A-5603	2-[(E)-2-(2-methoxyphenyl)diazen-1-yl]-3-oxo-N-(2-oxo-2,3-dihydro-1H-1,3-benzodi	C18H17N5O4	COc1ccccc1N=NC(C(C)=O)C(=O)Nc2ccc3NC(=O)Nc3c2	367365	-7631	-8493	4924	467	5669	6614	5626	6760	2533	8058	4937	8045
C-1687	crimidine;  2-chloro-4-dimethylamino-6-methylpyrimidine	C7H10ClN3	CN(C)C1=C(C)N=C(Cl)N=C1	171631	-1260	3077	-2651	-1502	-2420	-2881	-95	-3465	-2652	-46	-1428	-2600
B-1697	1-heptanol, 6-methyl-	C8H18O	CC(C)CCCCCO	130231	-2304	1182	-4253	-195	-3285	-4068	-3909	-57	1496	-4097	-4610	-3538
A-4652	4-phenylbut-3-en-2-one	C10H10O	CC(=O)\C=C\c1ccccc1	146189	-2051	1641	-3636	-18	-2412	-2881	-3909	-3465	-1615	-46	-1428	-3875
A-824	dibenzylamine	C14H15N	C(NCc1ccccc1)c2ccccc2	197281	-2688	485	-1658	1284	203	-507	-3909	-57	459	4006	1754	-4413
F-1067	[5-(1,2-dihydroxyethyl)-2,2-dimethyl-3~{a},5,6,6~{a}-tetrahydrofuro[2,3-d][1,3]d	C17H30O7	CCCCCCCC(=O)OC1C(C(O)CO)OC2OC(C)(C)OC21	346420	-3170	-391	4114	-1533	3477	4834	7534	3352	5644	-4097	1754	4383
B-2881	4-methoxy-3,3'-dimethylbenzophenone	C16H16O2	COc1ccc(cc1C)C(=O)c2cccc(C)c2	240302	-5080	-3860	7	2357	1553	1273	-2002	-3465	-578	4006	1754	-2890
B-1336	2-nitrobenzyl alcohol	C7H7NO3	OCc1ccccc1[N+]([O-])=O	153137	-1486	2667	-3367	-2292	-3493	-2881	-95	-57	-1615	-46	-1428	1066
B-3281	2-propenoic acid, 3-bromo-2,3-diiodo-	C3HBrI2O2	OC(=O)C(I)=C(Br)I	402751	-1289	3025	6294	392	-1583	-4661	-3909	-57	-2652	-4097	-4610	-1716
B-3068	dimepiperate	C15H21NOS	CC(C)(SC(=O)N1CCCCC1)c2ccccc2	263406	-4120	-2116	901	3716	2391	1273	-2002	-3465	-1615	-46	1754	-3529
B-1252	1,4-benzenedimethanol	C8H10O2	OCc1ccc(CO)cc1	138166	-386	4665	-3946	-3080	-3603	-3475	-2002	3352	-1615	-46	-1428	-1379
C-1999	amdinocillin; mecillinam	C15H23N3O3S	CC1(C)SC2C(N=CN3CCCCCC3)C(=O)N2C1C(O)=O	325434	-4500	-2807	3301	-1688	3628	3647	1812	-57	-578	-4097	4937	2116
F-413	3,3-diethyl-6-nitro-2-benzofuran-1-one	C12H13NO4	CCC1(C2=C(C=C(C=C2)[N+](=O)[O-])C(=O)O1)CC	235239	-3660	-1281	-189	913	-199	680	1812	-3465	-578	-46	1754	1714
C-1663	3-isothiocyanatophenol	C7H5NOS	OC1=CC=CC(=C1)N=C=S	151190	-1990	1752	-3442	-325	-2921	-3475	-95	-57	-2652	-46	-1428	-2219
B-556	2,4,6-collidine	C8H11N	Cc1cc(C)nc(C)c1	121183	-539	4386	-4603	-551	-3579	-4068	-3909	-3465	-3689	-46	-1428	-4321
B-3295	esprocarb	C15H23NOS	CCN(C(C)C(C)C)C(=O)SCc1ccccc1	265422	-4734	-3231	979	3991	2684	1273	-2002	-3465	1496	-46	-1428	-3529
A-1452	butyl 4,4-bis(tert-butylperoxy)pentanoate	C17H34O6	CCCCOC(=O)CCC(C)(OOC(C)(C)C)OOC(C)(C)C	334453	-5190	-4060	3650	3827	3826	4240	5626	-3465	6681	-4097	-4610	1050
B-51	coumaphos	C14H16ClO5PS	CCO[P](=S)(OCC)Oc1ccc2C(=C(Cl)C(=O)Oc2c1)C	362771	-5384	-4411	4746	4038	4287	3647	5626	-3465	2533	4006	1754	482
F-222	7-Methoxy-1-methyl-9H-pyrido[3,4-b]indole	C13H12N2O	COC1=CC2=C(C=C1)C1=C(N2)C(C)=NC=C1	212252	-4480	-2771	-1079	1391	424	86	-2002	-57	-2652	8058	4937	-1651
B-1693	aldicarb sulfoxide	C7H14N2O3S	CNC(=O)O\N=C\C(C)(C)[S](C)=O	206267	-867	3791	-1311	-3432	-1500	-1694	1812	-57	-578	-4097	-4610	1534
B-3547	ethyl 2-formamido-(furan-3-yl)acrylate	C10H11NO4	CCOC(=O)C(NC=O)=Cc1cocc1	209201	-2748	376	-1197	-2591	-1449	-507	1812	-57	1496	-46	-1428	1618
B-3874	p-nitrobenzaldehyde	C7H5NO3	[O-][N+](=O)c1ccc(C=O)cc1	151121	-1810	2078	-3445	-1686	-3574	-2881	-95	-3465	-1615	-46	-1428	729
B-501	2,5-piperazinedione	C4H6N2O2	O=C1CNC(=O)CN1	114104	-831	3856	-4877	-7697	-5461	-4661	-2002	3352	-3689	-4097	-1428	514
A-3653	(3-{[3-(dimethylamino)propyl]amino}propyl)dimethylamine	C10H25N3	CN(C)CCCNCCCN(C)C	187331	356	6012	-2043	-3443	-435	-1694	-95	-57	4607	-4097	-4610	-3721
C-589	2',3'-dideoxyinosine;  didanosine	C10H12N4O3	OCC1CCC(O1)[N]2C=NC3=C2N=CNC3=O	236231	-940	3659	-151	-4749	-561	680	5626	3352	-1615	4006	4937	4231
B-1050	methallyl alcohol	C4H8O	CC(=C)CO	72107	430	6146	-6503	-3300	-6085	-6442	-3909	-57	-2652	-4097	-4610	-3538
A-4271	1,1,1,3,3,3-hexafluoropropan-2-ol	C3H2F6O	OC(C(F)(F)F)C(F)(F)F	168036	20	5402	-2790	-1564	-6657	-3475	-3909	-57	-3689	-4097	-4610	-3538
B-725	ethyl nonanoate	C11H22O2	CCCCCCCCC(=O)OCC	186295	-3801	-1537	-2084	1897	-1129	-1694	-2002	-3465	4607	-4097	-4610	-2890
A-4411	2-methylbutanal	C5H10O	CCC(C)C=O	86134	-821	3874	-5960	-2019	-5537	-5848	-3909	-3465	-1615	-4097	-4610	-3875
B-1837	5-phenylpentanoic acid	C11H14O2	OC(=O)CCCCc1ccccc1	178231	-2466	888	-2396	352	-1583	-1694	-3909	-57	1496	-46	-1428	-1716
A-1707	5-chloro-2-(4-chlorophenoxy)phenol	C12H8Cl2O2	Oc1cc(Cl)ccc1Oc2ccc(Cl)cc2	255100	-4239	-2334	579	4152	387	86	-2002	-57	-1615	4006	1754	-2553
B-2249	pentoxifylline	C13H18N4O3	Cn1cnc2N(C)C(=O)N(CCCCC(C)=O)C(=O)c12	278312	-558	4352	1478	-3985	1917	2460	7534	-3465	1496	4006	1754	2722
B-2969	ibuproxam	C13H19NO2	CC(C)Cc1ccc(cc1)C(C)C(=O)NO	221300	-3044	-163	-729	371	188	86	-2002	3352	459	-46	-1428	-432
A-15	1-[2-(benzoyloxy)propoxy]propan-2-yl benzoate 1-{[1-(benzoyloxy)propan-2-yl]oxy}	C20H22O5	O=C(OCCCOCCCOC(=O)c1ccccc1)c2ccccc2	342391	-4596	-2980	3958	2270	4757	5427	3719	-3465	6681	4006	1754	902
C-1800	purine-6,8-dione	C5H4N4O2	O=C1NC2=C(N1)C(=O)NC=N2	152113	-2960	-10	-3406	-6358	-3748	-2881	-95	6760	-3689	4006	1754	4377
F-1088	7-(3-amino-2-methylazetidin-1-yl)-1-cyclopropyl-6-fluoro-4-oxoquinoline-3-carbox	C17H18FN3O3	CC1C(N)CN1C1=CC2=C(C=C1F)C(=O)C(C(=O)O)=CN2C1CC1	331347	-4630	-3043	3530	-1114	3951	4834	3719	3352	-578	4006	8119	3754
B-4236	buturon	C12H13ClN2O	CC(C#C)N(C)C(=O)Nc1ccc(Cl)cc1	236702	-3897	-1712	-133	998	673	86	-3909	-57	-1615	-46	-1428	-2245
B-2001	piperalin	C16H21Cl2NO2	CC1CCCCN1CCCOC(=O)c2ccc(Cl)c(Cl)c2	330255	-4218	-2294	3488	4007	3658	3053	-95	-3465	1496	-46	1754	-2544
D-1365	ethene, chloro-	C2H3Cl	ClC=C	62499	-1360	2896	-6875	-1759	-6970	-7629	-5816	-3465	-3689	-4097	-4610	-5697
B-545	2,4-dimethylpentane	C7H16	CC(C)CC(C)C	100205	-4260	-2372	-5415	739	-4208	-5255	-5816	-3465	-1615	-4097	-4610	-5697
B-2281	1,3-propanediol, monobenzoate	C10H12O3	OCCCOC(=O)c1ccccc1	180203	-1256	3085	-2319	-2030	-2068	-1694	-95	-57	459	-46	-1428	-731
F-233	4-nitro-2,6,7-trioxa-1$l^{5}-phosphabicyclo[2.2.2]octane 1-oxide	C4H6NO6P	C1C2(COP(=O)(O1)OC2)[N+](=O)[O-]	195067	-810	3895	-1744	-3996	-4073	-2288	5626	-3465	-2652	-4097	4937	3684
I-6	acetazolamide	C4H6N4O3S2	S(=O)(=O)(N)c1sc(NC(=O)C)nn1	222251	-2440	934	-692	-5971	-2498	-1694	5626	3352	-1615	-46	-1428	6580
A-813	2-methoxy-2-methylpropane	C5H12O	COC(C)(C)C	88150	-324	4778	-5882	-1641	-5348	-5848	-3909	-3465	-3689	-4097	-4610	-4712
C-995	benzoximate	C18H18ClNO5	CCO/N=C(OC(=O)C1=CC=CC=C1)/C2=C(OC)C(=CC=C2OC)Cl	363797	-4080	-2044	4786	3056	4920	5427	5626	-3465	2533	4006	1754	1384
B-2745	propetamphos	C10H20NO4PS	CCN[P](=S)(OC)OC(/C)=C\C(=O)OC(C)C	281314	-3408	-823	1594	77	1356	680	3719	-57	3570	-4097	-4610	364
G-991	Propetamphos	C10H20NO4PS	CCNP(=S)(OC)OC(=CC(=O)OC(C)C)C	281314	-3408	-824	1594	77	1356	680	3719	-57	3570	-4097	-4610	364
C-1183	methoxycarbonylmethyl  2,2-diethylmalonurate	C11H18N2O6	CCC(CC)(C(=O)NC(N)=O)C(=O)OCC(=O)OC	274273	-2010	1715	1321	-4911	247	1866	5626	3352	2533	-4097	-4610	7621
A-1363	1,1-dimethoxyoctane	C10H22O2	CCCCCCCC(OC)OC	174284	-2918	66	-2548	1264	-1651	-2288	-2002	-3465	4607	-4097	-4610	-3727
A-3965	2-amino-3-(phosphonooxy)propanoic acid	C3H8NO6P	N[C@@H](CO[P](O)(O)=O)C(O)=O	185072	-815	3886	-2131	-7176	-4312	-2881	1812	10169	459	-4097	-4610	8185
A-5559	1,2,3,4,5-pentabromo-6-[2-(pentabromophenyl)ethyl]benzene	C14H4Br10	Brc1c(Br)c(Br)c(CCc2c(Br)c(Br)c(Br)c(Br)c2Br)c(Br)c1Br	971226	-9130	-11216	28294	16657	11387	4834	-5816	-3465	-578	4006	1754	-5697
C-619	2,4,4'-trichlorobiphenyl	C12H7Cl3	ClC1=CC=C(C=C1)C2=C(Cl)C=C(Cl)C=C2	257547	-6000	-5531	674	5709	730	-507	-5816	-3465	-2652	4006	1754	-5697
A-6039	2-ethyl-N,N-bis(2-ethylhexyl)hexan-1-amine	C24H51N	CCCCC(CC)CN(CC(CC)CCCC)CC(CC)CCCC	353679	-8248	-9613	4394	10676	8218	5427	-3909	-3465	14978	-4097	-4610	-5351
C-1925	2-benzoyloxy-n,n-(diethyl)propionamide;  2-benzoyloxy-n,n-(diethyl)propanoic aci	C14H19NO3	CCN(CC)C(=O)C(C)OC(=O)C1=CC=CC=C1	249310	-2280	1225	355	-374	1084	1273	-95	-3465	1496	-46	-1428	-723
C-2304	imazaquine	C17H17N3O3	CC(C)C1(C)N=C(NC1=O)C2=NC3=C(C=CC=C3)C=C2C(O)=O	311341	-3720	-1390	2756	-140	3716	4240	1812	3352	-578	4006	4937	4084
F-177	2-ethoxycarbothioylsulfanylbutanedioic acid	C7H10O5S2	CCOC(=S)SC(CC(=O)O)C(=O)O	238286	-1190	3205	-71	-2516	-998	-1101	3719	3352	1496	-4097	-4610	3249
A-2597	1,4-bis(iodomethyl)cyclohexane	C8H14I2	ICC1CCC(CI)CC1	364008	-5748	-5074	4794	2584	172	-3475	-5816	-3465	-1615	-4097	-1428	-5697
F-521	2-acetamido-3-(4-hydroxyphenyl)propanoic acid	C11H13NO4	CC(=O)NC(CC1=CC=C(O)C=C1)C(=O)O	223228	10	5384	-654	-3358	-762	86	-95	6760	459	-46	-1428	3548
B-2598	1,3-benzenedicarboxylic acid, 2-nitro-	C8H5NO6	OC(=O)c1cccc(C(O)=O)c1[N+]([O-])=O	211129	-1990	1752	-1122	-2474	-2282	-507	1812	3352	-578	-46	-1428	6868
C-1873	2-[(4-acetylphenyl)hydrazono]malononitrile	C11H8N4O	CC(=O)C1=CC=C(NN=C(C#N)C#N)C=C1	212212	-2710	444	-1081	-1124	-508	86	3719	-57	-578	-46	-1428	3805
B-3103	2,4(1h,3h)-pyrimidinedione, 5-aminodihydro-1,3-d	C6H9N3O2S	CN1C(=O)C(N)C(=S)N(C)C1=O	187224	-1117	3337	-2048	-5931	-2360	-2288	1812	-57	-3689	-4097	-1428	1415
F-489	1-nitrosonaphthalen-2-ol	C10H7NO2	O=C1C=CC2=C(C=CC=C2)C1=NO	173171	-2940	26	-2591	-1585	-2011	-1694	-95	-57	-3689	-46	1754	-397
F-654	4-dimethylaminobenzene-1,3-dicarboxylic acid	C10H11NO4	CN(C)C1=C(C(=O)O)C=C(C(=O)O)C=C1	209201	-2020	1697	-1197	-2175	-1120	-507	-95	3352	-578	-46	-1428	2610
A-3741	heptan-2-one	C7H14O	CCCCCC(C)=O	114188	-1433	2763	-4874	-270	-4128	-4661	-3909	-3465	459	-4097	-4610	-3875
C-2158	3,4,4',5-tetrachlorodiphenyl  ether	C12H6Cl4O	ClC1=CC=C(OC2=CC(=C(Cl)C(=C2)Cl)Cl)C=C1	307991	-7350	-7983	2626	7183	1652	680	-3909	-3465	-1615	4006	1754	-4712
B-1341	ethyl n-methylnitrosocarbamate	C4H8N2O3	CCOC(=O)N(C)N=O	132119	-553	4362	-4180	-2919	-4770	-4068	1812	-3465	-1615	-4097	-4610	596
B-570	2-methylpyrazine	C5H6N2	Cc1cnccn1	94117	1026	7230	-5651	-2864	-5347	-5255	-2002	-3465	-3689	-46	-1428	-2946
C-2163	2,3',4,4'-tetrachlorodiphenyl  ether	C12H6Cl4O	ClC1=CC=C(OC2=CC(=C(Cl)C=C2)Cl)C(=C1)Cl	307991	-7000	-7347	2626	7183	1652	680	-3909	-3465	-1615	4006	1754	-4712
B-320	hexabromobenzene	C6Br6	Brc1c(Br)c(Br)c(Br)c(Br)c1Br	551490	-9537	-11956	12050	7503	1598	-2288	-5816	-3465	-3689	-46	-1428	-5697
A-2550	2-decyltetradecan-1-ol	C24H50O	CCCCCCCCCCCCC(CO)CCCCCCCCCC	354663	-5550	-4714	4433	11621	7900	5427	-3909	-57	18089	-4097	-4610	-3538
B-3358	hexanamide, 2-ethylidene-	C8H15NO	CCCCC(=CC)C(N)=O	141214	-1372	2875	-3828	-1306	-2969	-3475	-3909	-57	459	-4097	-4610	-1098
B-4301	1,4-benzenediamine	C6H8N2	Nc1ccc(N)cc1	108144	-466	4520	-5108	-2739	-4061	-4661	-2002	3352	-3689	-46	-1428	-143
B-655	eicosane	C20H42	CCCCCCCCCCCCCCCCCCCC	282556	-8172	-9477	1642	10885	4901	2460	-5816	-3465	13941	-4097	-4610	-5697
F-1114	2-[4-[(3-bromophenyl)amino]pyrrolo[3,2-g]quinazolin-8-yl]acetic acid	C18H13BrN4O2	O=C(O)CN1C=CC2=C1C=C1N=CN=C(NC3=CC(Br)=CC=C3)C1=C2	397232	-1960	1806	6080	3554	5755	5427	3719	3352	459	12110	8119	2845
E-985	Mepazine	C19H22N2S	c1ccc2Sc3ccccc3N(CC4CN(C)CCC4)c2c1	310466	-4740	-3243	2722	4417	4868	3647	-95	-3465	-1615	4006	8119	-5005
B-2135	propanamide, 2-hydroxy-n-pentyl-	C8H17NO2	CCCCCNC(=O)C(C)O	159229	-382	4671	-3131	-3075	-2706	-2881	-2002	3352	1496	-4097	-4610	-432
A-5299	3-hydroxy-2-(hydroxymethyl)-2-methylpropanal	C5H10O3	CC(CO)(CO)C=O	118132	929	7053	-4722	-5910	-5109	-4661	-95	3352	-578	-4097	-4610	443
A-6051	3-(5-chloro-1,3-benzoxazol-2-yl)-7-(diethylamino)-2H-chromen-2-one	C20H17ClN2O3	CCN(CC)c1ccc2C=C(C(=O)Oc2c1)c3oc4ccc(Cl)cc4n3	368820	-7488	-8233	4980	5306	6355	6021	3719	-3465	459	12110	8119	651
A-1170	3-ethoxy-4-hydroxybenzaldehyde	C9H10O3	CCOc1cc(C=O)ccc1O	166176	-1764	2162	-2862	-1315	-2638	-2288	-95	-57	-578	-46	-1428	-731
F-411	2-(9H-fluoren-9-ylmethoxycarbonylamino)-4-methylpentanoic acid	C21H23NO4	CC(C)CC(NC(=O)OCC1C2=C(C=CC=C2)C2=C1C=CC=C2)C(=O)O	353418	-3740	-1427	4384	3268	5602	6021	-95	3352	2533	4006	4937	2374
F-421	2-acetamido-3-phenylpropanoic acid	C11H13NO3	CC(=O)NC(CC1=CC=CC=C1)C(=O)O	207229	-1410	2805	-1273	-2801	-1014	-507	-2002	3352	459	-46	-1428	1389
B-744	2-amino-2-methyl-1-propanol	C4H11NO	CC(C)(N)CO	89138	1050	7273	-5844	-4888	-5562	-5848	-2002	3352	-2652	-4097	-4610	-761
F-1155	2-(4-methylpiperazin-1-yl)ethyl 2-(6-methoxynaphthalen-2-yl)propanoate	C21H28N2O3	COC1=CC2=CC=C(C(C)C(=O)OCCN3CCN(C)CC3)C=C2C=C1	356466	-1490	2660	4502	841	6318	6021	3719	-3465	2533	4006	4937	-1214
A-4684	(E)-N-(5-methylheptan-3-ylidene)hydroxylamine	C8H17NO	CCC(C)C\C(CC)=N\O	143230	-2131	1496	-3750	690	-2801	-3475	-2002	-57	459	-4097	-4610	-2219
A-780	2-tert-butyl-6-(3-tert-butyl-2-hydroxy-5-methoxyphenyl)-4-methoxyphenol	C22H30O4	COc1cc(c(O)c(c1)C(C)(C)C)c2cc(OC)cc(c2O)C(C)(C)C	358478	-6776	-6941	4580	5829	6606	6021	1812	3352	-578	4006	1754	591
D-1917	tutin	C15H18O6	CC(=C)[C@@H]1[C@H]2OC(=O)[C@@H]1[C@]3(O)[C@H]4O[C@H]4[C@]5(CO5)[C@]3(C)[C@@H]2O	294303	-1190	3205	2097	-5520	908	3053	5626	3352	-2652	-4097	11302	4102
B-2541	2-oxabicyclo[2.2.2]octan-6-one, 1,3,3-trimethyl-	C10H16O2	CC1(C)OC2(C)CCC1CC2=O	168236	-925	3686	-2782	-710	-2448	-2288	-2002	-3465	-3689	-4097	4937	-2890
C-1156	1,3-bis(acetoxymethyl)-5-fluorouracil	C10H11FN2O6	CC(=O)OCN1C=C(F)C(=O)N(COC(C)=O)C1=O	274204	-1810	2079	1319	-5883	-550	1866	9441	-3465	459	-46	-1428	4612
F-555	1-(1,5-dimethyl-3-oxo-2-phenylpyrazol-4-yl)-3-ethylurea	C14H18N4O2	CCNC(=O)NC1=C(C)N(C)N(C2=CC=CC=C2)C1=O	274324	-1830	2042	1323	-1273	2477	2460	1812	3352	-578	4006	1754	1567
H-440	2,3,4,6'-Tetrachlorobenzyl 6-toluene	C14H10Cl4	CC1=C(CC2=C(Cl)C=CC=C2)C(Cl)=C(Cl)C(Cl)=C1	320046	-7240	-7783	3093	7385	2783	1273	-5816	-3465	-1615	4006	1754	-5697
B-2653	3,4',5-trichlorodiphenyl ether	C12H7Cl3O	Clc1ccc(Oc2cc(Cl)cc(Cl)c2)cc1	273546	-5520	-4660	1293	5946	894	86	-3909	-3465	-1615	4006	1754	-4712
B-4210	neburon	C12H16Cl2N2O	CCCCN(C)C(=O)Nc1ccc(Cl)c(Cl)c1	275179	-4758	-3276	1356	3709	1655	680	-3909	-57	459	-46	-1428	-2245
B-2164	2-butenedioic acid, 2-propyl-, (e)-	C7H10O4	CCC\C(=C/C(O)=O)C(O)=O	158153	-1154	3270	-3173	-2681	-3607	-2881	-2002	3352	459	-4097	-4610	2264
A-1197	4-tert-butylcyclohexan-1-ol	C10H20O	CC(C)(C)C1CCC(O)CC1	156269	-3103	-270	-3246	541	-2221	-2881	-3909	-57	-3689	-4097	-1428	-3538
A-1144	methyl 3-phenylacrylate	C10H10O2	COC(=O)\C=C\c1ccccc1	162188	-2734	400	-3017	-805	-2210	-2288	-2002	-3465	-1615	-46	-1428	-2890
B-2320	2-furancarboxamide, n-hydroxy-n-phenyl-	C11H9NO3	ON(C(=O)c1occc1)c2ccccc2	203197	-3194	-435	-1429	33	-1263	-507	-95	-57	-1615	4006	1754	32
C-1189	1-(n-methyl)carbamoyl-5-fluorouracil	C6H6FN3O3	CNC(=O)N1C=C(F)C(=O)NC1=O	187130	-2280	1225	-2051	-6502	-3172	-1694	1812	3352	-3689	-46	-1428	3263
B-4514	o-aminophenol	C6H7NO	Nc1ccccc1O	109128	-737	4028	-5070	-2506	-4477	-4661	-2002	3352	-3689	-46	-1428	-761
A-1489	4-[2-(4-hydroxycyclohexyl)propan-2-yl]cyclohexan-1-ol	C15H28O2	CC(C)(C1CCC(O)CC1)C2CCC(O)CC2	240387	-3098	-260	10	1546	1155	680	-2002	3352	-1615	-4097	1754	-1379
F-608	2-[(3-nitrobenzoyl)amino]propanoic acid	C10H10N2O5	CC(C(=O)O)NC(=O)C1=CC(=CC=C1)[N+](=O)[O-]	238199	-1800	2097	-75	-2840	-670	680	1812	3352	459	-46	-1428	5993
C-2307	n1-(3,4-dichlorophenyl)sulfanilamide;  3,4-dichloro-1-sulfabenzene	C12H10Cl2N2O2S	NC1=CC=C(C=C1)[S](=O)(=O)NC2=CC=C(Cl)C(=C2)Cl	317197	-4940	-3606	2983	2041	2429	1866	-95	3352	-578	4006	1754	2007
B-551	diethyl 3-methyl-5-pyrazolyl phosphate	C8H15N2O4P	CCO[P](=O)(OCC)Oc1cc(C)[nH]n1	234192	-2370	1062	-230	-38	-1101	-507	3719	-57	2533	-46	-1428	2141
B-3625	octylbenzene	C14H22	CCCCCCCCc1ccccc1	190330	-6460	-6367	-1927	4338	217	-1101	-5816	-3465	3570	-46	-1428	-5697
B-237	linalool	C10H18O	CC(C)=CCCC(C)(O)C=C	154253	-1987	1757	-3324	704	-1908	-2881	-3909	-57	459	-4097	-4610	-3538
F-786	N,N-diethyl-1-phenothiazin-10-ylpropan-2-amine	C19H24N2S	CCN(CC)C(C)CN1C2=C(C=CC=C2)SC2=C1C=CC=C2	312482	-2150	1461	2800	5152	5195	3647	-95	-3465	1496	4006	4937	-5005
A-264	2-(prop-1-en-1-yl)-2,3,3-tripropylbutanedioic acid	C16H28O4	CCCC(CCC)(C(O)=O)C(CCC)(\C=C\C)C(O)=O	284396	-3495	-982	1713	3420	2663	2460	-2002	3352	6681	-4097	-4610	2264
F-891	N-Hydroxy-N-methylcycloheptanecarboxamide	C9H17NO2	CN(O)C(=O)C1CCCCCC1	171240	-1450	2732	-2666	-935	-2474	-2288	-2002	-57	-2652	-4097	-1428	-1370
A-2143	3,3,4,4,5,5,6,6,7,7,8,8,8-tridecafluorooctyl 2-methylprop-2-enoate	C12H9F13O2	CC(=C)C(=O)OCCC(F)(F)C(F)(F)C(F)(F)C(F)(F)C(F)(F)C(F)(F)F	432176	-6058	-5637	7432	5559	-137	6614	-2002	-3465	4607	-4097	-4610	-2890
B-2246	salicylanilide, 4'-chloro-5-nitro-	C13H9ClN2O4	Oc1ccc(cc1C(=O)Nc2ccc(Cl)cc2)[N+]([O-])=O	292678	-5122	-3937	2034	1719	1829	2460	1812	3352	-578	4006	1754	4172
A-4515	2-methylbut-3-yn-2-ol	C5H8O	CC(C)(O)C#C	84118	1075	7318	-6038	-3611	-5595	-5848	-3909	-57	-3689	-4097	-4610	-3538
B-3320	phthalic acid, 4-nitro-, 1-methyl ester	C9H7NO6	COC(=O)c1ccc(cc1C([O-])=O)[N+]([O-])=O	224148	-2056	1632	-619	-4833	-2017	86	5626	-3465	-578	-46	-1428	5996
B-2155	carbamothioic acid, s-[2-oxo-2-(phenylamino)ethy	C9H10N2O2S	NC(=O)SCC(=O)Nc1ccccc1	210258	-1323	2963	-1156	-1630	-753	-1101	-95	3352	-578	-46	-1428	2007
C-1219	oxprenolol	C15H23NO3	CC(C)NCC(O)COC1=C(OCC=C)C=CC=C1	265353	-320	4785	976	-585	2224	1866	1812	3352	5644	-46	-1428	-284
A-4896	6-chloro-2,3-dihydro-1H-indol-2-one	C8H6ClNO	Clc1ccc2CC(=O)Nc2c1	167595	-2969	-26	-2807	-877	-2771	-2881	-3909	-57	-3689	-46	1754	-2591
E-1060	pentachlorobenzene	C6HCl5	c1c(Cl)c(Cl)c(Cl)c(Cl)c1Cl	250339	-5650	-4895	395	5027	-1604	-2881	-5816	-3465	-3689	-46	-1428	-5697
C-2475	2-sulfamoyl-4-methyl-5-benzylsulfonylimido-1,3,4-thiadiazoline; 5-benzylsulfonyl	C10H12N4O4S3	CN1N=C(SC1=N[S](=O)(=O)CC2=CC=CC=C2)[S](N)(=O)=O	348431	-2480	862	4191	-5184	2271	3053	7534	-57	459	4006	1754	7588
A-3083	2-methylprop-2-enoic acid	C4H6O2	CC(=C)C(O)=O	86090	56	5468	-5962	-3125	-6001	-5848	-3909	-57	-2652	-4097	-4610	-1716
D-1545	sulfonal	C7H16O4S2	CC[S](=O)(=O)C(C)(C)[S](=O)(=O)CC	228335	-1927	1866	-457	-3230	-1376	-1694	1812	-3465	459	-4097	-4610	1590
C-1040	methyclothiazide	C9H11Cl2N3O4S2	CN1C(CCl)NC2=C(C=C(C(=C2)Cl)[S](N)(=O)=O)[S]1(=O)=O	360244	-3780	-1499	4649	-3218	2092	2460	3719	3352	-1615	-46	1754	5996
G-589	Diethyldisulfide	C4H10S2	CCSSCC	122258	-2420	971	-4562	207	-3910	-5848	-2002	-3465	-578	-4097	-4610	-5697
A-6100	cerium dioxide	Ce.2O	O=[Ce]=O	172114	-9146	-11245	-2632	-4800	-9193	-7629	-2002	-3465	-3689	-4097	-4610	-2053
B-3808	2-heptanol	C7H16O	CCCCCC(C)O	116204	-1551	2550	-4796	-664	-3977	-4661	-3909	-57	459	-4097	-4610	-3538
A-117	2-phenoxyethyl 2-methylprop-2-enoate	C12H14O3	CC(=C)C(=O)OCCOc1ccccc1	206241	-2953	3	-1312	-215	-663	-507	-95	-3465	1496	-46	-1428	-1905
B-4020	2-nitroanisole	C7H7NO3	COc1ccccc1[N+]([O-])=O	153137	-1957	1811	-3367	-1315	-3397	-2881	-95	-3465	-1615	-46	-1428	-108
A-1060	2-amino-3,5-dimethylbenzene-1-sulfonic acid	C8H11NO3S	Cc1cc(C)c(N)c(c1)[S](O)(=O)=O	201247	-1820	2061	-1505	-2207	-1808	-1694	-95	3352	-2652	-46	-1428	2882
F-580	[4-(furan-2-carbonyl)-2-oxido-1,2,5-oxadiazol-2-ium-3-yl]-furan-2-ylmethanone	C12H6N2O6	C1=COC(=C1)C(=O)C2=NO[N+](=C2C(=O)C3=CC=CO3)[O-]	274188	-3850	-1626	1318	-2541	-355	2460	7534	-3465	459	8058	4937	6404
F-1081	1-cyclopropyl-6-fluoro-7-(2-methyl-3-methylaminoazetidin-1-yl)-4-oxoquinoline-3-	C18H20FN3O3	CNC1CN(C2=CC3=C(C=C2F)C(=O)C(C(=O)O)=CN3C2CC2)C1C	345374	-4570	-2934	4073	-621	4689	5427	3719	3352	459	4006	8119	2261
A-5106	2-oxo-N-[4-({4-[(2-oxoazepane-1-carbonyl)amino]phenyl}methyl)phenyl]azepane-1-ca	C27H32N4O4	O=C1CCCCCN1C(=O)Nc2ccc(Cc3ccc(NC(=O)N4CCCCCC4=O)cc3)cc2	476577	-7763	-8734	9151	5392	10902	11362	1812	3352	459	4006	8119	4849
B-3001	1,3,7-trichloronaphthalene	C10H5Cl3	Clc1ccc2cc(Cl)cc(Cl)c2c1	231509	-6556	-6540	-334	4736	-471	-1694	-5816	-3465	-3689	4006	1754	-5697
F-1141	2-(hydroxymethyl)-6-(2-naphthalen-1-ylethoxy)oxane-3,4,5-triol	C18H22O6	OCC1OC(OCCC2=C3C=CC=CC3=CC=C2)C(O)C(O)C1O	334368	-1110	3350	3647	-3974	3829	4834	5626	10169	1496	4006	4937	4909
A-2100	1-methyl-4-(propan-2-yl)cyclohexane	C10H20	CC1CCC(CC1)C(C)C	140270	-5355	-4359	-3865	2216	-2442	-3475	-5816	-3465	-2652	-4097	-1428	-5697
B-85	3-methyl-4-chlorophenol	C7H7ClO	Cc1cc(O)ccc1Cl	142585	-1570	2514	-3775	106	-3669	-4068	-3909	-57	-3689	-46	-1428	-3538
D-1712	butanoic acid, pentyl ester	C9H18O2	CCCCCOC(=O)CCC	158241	-2467	885	-3169	420	-2528	-2881	-2002	-3465	2533	-4097	-4610	-2890
F-867	7-chloro-4,6-dimethoxy-5'-methyl-3'-propoxyspiro[1-benzofuran-2,4'-cyclohex-2-en	C19H21ClO6	CCCOC1=CC(=O)CC(C)C12OC1=C(C2=O)C(OC)=CC(OC)=C1Cl	380824	-4520	-2843	5445	2447	5038	6021	5626	-3465	1496	-46	4937	1887
B-690	4-chloro-1-nitro-2(trifluoromethyl)benzene	C7H3ClF3NO2	[O-][N+](=O)c1ccc(Cl)cc1C(F)(F)F	225553	-3353	-724	-564	1834	-2873	-1101	-2002	-3465	-2652	-46	-1428	-1093
A-4073	4-bromo-1,2-dichlorobenzene	C6H3BrCl2	Clc1ccc(Br)cc1Cl	225900	-1011	3529	-551	2760	-2714	-4068	-5816	-3465	-3689	-46	-1428	-5697
B-3472	nitenpyram	C11H15ClN4O2	CCN(Cc1ccc(Cl)nc1)\C(NC)=C\[N+]([O-])=O	270720	492	6259	1184	-845	1118	1273	3719	-57	2533	-46	-1428	1912
A-4205	2-methylpropyl prop-2-enoate	C7H12O2	CC(C)COC(=O)C=C	128171	-1807	2084	-4333	-1754	-3951	-4068	-2002	-3465	-578	-4097	-4610	-2890
C-1477	1-(propoxycarbonyl)thiabendazole	C14H13N3O2S	CCCOC(=O)[N]1C2=C(C=CC=C2)N=C1C3=CSC=N3	287344	-3520	-1027	1827	2378	2391	2460	5626	-3465	-578	8058	4937	387
B-390	1,2,3-trichloropropane	C3H5Cl3	ClCC(Cl)CCl	147432	-1926	1869	-3588	-429	-4695	-5848	-5816	-3465	-1615	-4097	-4610	-5697
A-2677	10,13-dimethyl-17-(2-methyl-1,3-dioxolan-2-yl)-1,2,4,9,10,11,12,13,14,15,16,17-d	C25H36O4	CC1(OCCO1)C2CCC3C4=CC=C5CC6(CCC5(C)C4CCC23C)OCCO6	400559	-6700	-6803	6209	5099	7272	7801	1812	-3465	-2652	-4097	14484	-1757
B-2410	delmadinone acetate	C23H27ClO4	CC(=O)OC1(CCC2C3C=C(Cl)C4=CC(=O)C=CC4(C)C3CCC12C)C(C)=O	402918	-4945	-3616	6300	4221	6724	7207	1812	-3465	-1615	-4097	8119	753
B-1304	ethane, 1,1,1-trichloro-2,2-diethoxy-	C6H11Cl3O2	CCOC(OCC)C(Cl)(Cl)Cl	221511	-1646	2376	-721	866	-2234	-2881	-2002	-3465	459	-4097	-4610	-3727
E-27	1-hexyne	C6H10	CCCCC#C	82146	-2360	1080	-6114	-924	-5107	-5848	-5816	-3465	-1615	-4097	-4610	-5697
F-828	2-[1-(4-chlorobenzoyl)-5-methoxy-2-methylindol-3-yl]acetic acid	C19H16ClNO4	COC1=CC2=C(C=C1)N(C(=O)C1=CC=C(Cl)C=C1)C(C)=C2CC(=O)O	357793	-4770	-3297	4554	3084	5097	5427	1812	-57	459	8058	4937	1617
B-1720	methane, chloronitro-	CH2ClNO2	[O-][N+](=O)CCl	95485	-281	4856	-5598	-3481	-6718	-6442	-2002	-3465	-2652	-4097	-4610	-1093
A-1161	2-benzylheptan-1-ol	C14H22O	CCCCCC(CO)Cc1ccccc1	206329	-3843	-1614	-1308	2120	421	-507	-3909	-57	3570	-46	-1428	-3538
F-839	4-amino-~{N}-(1,11,11-trimethyl-3,5-diazatricyclo[6.2.1.0^{2,7}]undeca-2,4,6-tri	C18H22N4O2S	CC12CCC(C3=C1N=C(NS(=O)(=O)C1=CC=C(N)C=C1)N=C3)C2(C)C	358467	-4080	-2044	4580	1394	5257	5427	3719	3352	-578	4006	8119	4758
B-3091	cycloprothrin	C26H21Cl2NO4	CCOc1ccc(cc1)C2(CC2(Cl)Cl)C(=O)OC(C#N)c3cccc(Oc4ccccc4)c3	482363	-6724	-6847	9375	7957	9639	10175	3719	-3465	4607	8058	8119	1619
B-1314	benzoic acid, 2-benzoyl-, ethyl ester	C16H14O3	CCOC(=O)c1ccccc1C(=O)c2ccccc2	254285	-3405	-819	548	1507	1543	1866	-95	-3465	459	4006	1754	-1068
B-2720	benzamide, 3,5-dinitro-n-phenyl-n-hydroxy-	C13H9N3O6	ON(c1ccccc1)C(=O)c2cc(cc(c2)[N+]([O-])=O)[N+]([O-])=O	303230	-3637	-1239	2442	456	1923	3647	5626	-57	459	4006	1754	7837
B-2875	pendimethalin	C13H19N3O4	CCC(CC)Nc1c(cc(C)c(C)c1[N+]([O-])=O)[N+]([O-])=O	281312	-5972	-5480	1594	2692	2291	2460	3719	-57	2533	-46	-1428	4795
B-371	benzoic acid, anhydride	C14H10O3	O=C(OC(=O)c1ccccc1)c2ccccc2	226231	-4355	-2543	-538	730	82	680	-95	-3465	-1615	4006	1754	-1068
C-1775	n-butanoyl-n'-isonicotinoylhydrazine	C10H13N3O2	CCCC(=O)NNC(=O)C1=CC=NC=C1	207233	-320	4785	-1273	-3134	-1110	-507	-95	3352	-578	-46	-1428	1890
B-965	methylguanidine	C2H7N3	CN=C(N)N	73099	-1614	2435	-6464	-6452	-6110	-6442	-3909	3352	-3689	-4097	-4610	1176
A-4775	1-methoxy-4-methylbenzene	C8H10O	COc1ccc(C)cc1	122167	-2340	1117	-4565	-557	-3688	-4068	-3909	-3465	-2652	-46	-1428	-4712
E-673	4-aminoacetanilide	C8H10N2O	O=C(Nc(ccc(N)c1)c1)C	150181	-980	3586	-3481	-2027	-2563	-2881	-2002	3352	-2652	-46	-1428	186
C-1438	oxadiazon	C15H18Cl2N2O3	CC(C)OC1=C(Cl)C=C(Cl)C(=C1)N2N=C(OC2=O)C(C)(C)C	345226	-5540	-4696	4067	3633	3709	3647	3719	-3465	-578	4006	1754	414
B-939	ethisterone	C21H28O2	C[C@]12CCC(=O)C=C1CC[C@@H]3[C@@H]2CC[C@@]4(C)[C@H]3CC[C@@]4(O)C#C	312453	-5658	-4909	2799	3000	4301	4240	-2002	-57	-3689	-4097	8119	-1716
E-1267	Ethisterone	C21H28O2	C1C(=O)C=C2CCC3C4CCC(O)(C#C)C4(C)CCC3C2(C)C1	312453	-5660	-4914	2799	3000	4301	4240	-2002	-57	-3689	-4097	8119	-1716
A-4718	furan-2,5-dicarboxylic acid	C6H4O5	OC(=O)c1oc(cc1)C(O)=O	156093	-2240	1298	-3252	-3071	-4460	-2881	-95	3352	-1615	-46	-1428	3667
A-2951	2,2-bis(bromomethyl)propane-1,3-diol	C5H10Br2O2	OCC(CO)(CBr)CBr	261941	-1130	3313	844	-2936	-2709	-4068	-2002	3352	459	-4097	-4610	-1379
B-3953	cycloheptatriene	C7H8	C1C=CC=CC=C1	92141	-2172	1421	-5727	-453	-4550	-5255	-5816	-3465	-3689	-4097	-1428	-5697
A-4123	salicylonitrile	C7H5NO	Oc1ccccc1C#N	119123	-775	3958	-4683	-1958	-4431	-4068	-2002	-57	-3689	-46	-1428	-999
B-3042	5-methyl-hex-3-enoic acid	C7H12O2	CC(C)C=CCC(O)=O	128171	-1149	3280	-4333	-1183	-3915	-4068	-3909	-57	-578	-4097	-4610	-1716
B-3026	furalaxyl	C17H19NO4	COC(=O)C(C)N(C(=O)c1occc1)c2c(C)cccc2C	301342	-3117	-296	2369	1527	3153	3647	1812	-3465	459	4006	1754	680
A-4444	3a,4,7,7a-tetrahydro-1H-isoindole-1,3(2H)-dione	C8H9NO2	O=C1NC(=O)C2CC=CCC12	151165	-1093	3381	-3443	-3924	-3571	-2881	-2002	-57	-3689	-4097	1754	-770
C-2023	mepanipyrim;  2-anilino-4-methyl-6-(1-propynyl)pyrimidine	C14H13N3	CC#CC1=NC(=NC(=C1)C)NC2=CC=CC=C2	223279	-4600	-2989	-652	1140	1054	680	-95	-57	-1615	4006	1754	-1662
A-5206	tert-butyl hydroperoxide	C4H10O2	CC(C)(C)OO	90122	885	6973	-5806	-1938	-5847	-5848	-2002	-57	-3689	-4097	-4610	-2553
A-5457	methyl 2-[(4aS)-3,6-bis(diethylamino)-2,7-dimethyl-4aH-xanthen-9-yl]benzoate	C31H38N2O3	CCN(CC)C1=C[C@@H]2Oc3cc(N(CC)CC)c(C)cc3C(=C2C=C1C)c4ccccc4C(=O)OC	486656	-7687	-8595	9541	7720	12966	11955	3719	-3465	4607	4006	8119	-1214
A-5423	Heptanoic acid, ester with 2-ethyl-2-(hydroxymethyl)-1,3-propanediol pentanoate	C18H34O5	CCCCCCC(=O)OCC(CC)(CO)COC(=O)CCCC	330465	-5983	-5499	3496	2506	4228	4240	3719	-57	10830	-4097	-4610	2076
H-94	Decachlorodiphenyl ether	C12Cl10O	ClC1=C(Cl)C(Cl)=C(OC2=C(Cl)C(Cl)=C(Cl)C(Cl)=C2Cl)C(Cl)=C1Cl	514661	-12950	-18154	10625	14605	6204	4240	-3909	-3465	-1615	4006	1754	-4712
A-614	4-amino-2,5-dimethoxy-N-methylbenzenesulfonamide	C9H14N2O4S	CN[S](=O)(=O)c1cc(OC)c(N)cc1OC	246288	-3651	-1265	238	-3983	-285	86	3719	3352	459	-46	-1428	3977
C-1870	2,4-diaminopteridine	C6H6N6	NC1=NC2=C(N=CC=N2)C(=N1)N	162156	-2690	480	-3018	-5138	-2746	-2288	5626	3352	-3689	4006	1754	5359
B-3202	1,1'-biphenyl, 2,3,4',5-tetrachloro-	C12H6Cl4	Clc1ccc(cc1)c2cc(Cl)cc(Cl)c2Cl	291992	-6770	-6930	2007	6946	1489	86	-5816	-3465	-2652	4006	1754	-5697
H-25	Betamethasone	C28H37FO7	CCC(=O)OCC(=O)C1(OC(=O)CC)C(C)CC2C3CCC4=CC(=O)C=CC4(C)C3(F)C(O)CC21C	504595	-3770	-1481	10235	2876	10022	11955	7534	-57	2533	-4097	8119	5719
C-2500	4-(6,7-dimethoxyquinazolin-4-yl)piperazine-1-carbothioic acid (furan-2-ylmethyl)	C20H23N5O3S	COC1=CC2=C(C=C1OC)C(=NC=N2)N3CCN(CC3)C(=S)NCC4=CC=CO4	413503	-5630	-4859	6710	262	7947	7801	7534	-57	1496	8058	8119	2402
B-4319	ethane, [(iodomethyl)sulfonyl]-	C3H7IO2S	CC[S](=O)(=O)CI	234058	-971	3602	-235	-2810	-3594	-5255	-2002	-3465	-1615	-4097	-4610	-2053
A-5513	4-[9-(4-amino-3-chlorophenyl)-9H-fluoren-9-yl]-2-chloroaniline	C25H18Cl2N2	Nc1ccc(cc1Cl)C2(c3ccc(N)c(Cl)c3)c4ccccc4c5ccccc25	417339	-6904	-7174	6858	7994	9161	7801	-2002	3352	-1615	12110	11302	-143
C-2587	bromothymol  blue	C27H28Br2O5S	CC(C)C1=C(Br)C(=C(C)C=C1C2(O[S](=O)(=O)C3=C2C=CC=C3)C4=CC(=C(O)C(=C4C(C)C)Br)C)O	624391	-5180	-4042	14871	9842	12382	11362	3719	3352	459	8058	8119	3249
B-1172	methyldopa	C10H13NO4	C[C@](N)(Cc1ccc(O)c(O)c1)C(O)=O	211217	-1325	2960	-1119	-3513	-1269	-507	1812	10169	-578	-46	-1428	5379
B-1948	biphenyl, 3,4'-dichloro-	C12H8Cl2	Clc1ccc(cc1)c2cccc(Cl)c2	223102	-6400	-6258	-659	4472	-28	-1101	-5816	-3465	-2652	4006	1754	-5697
B-2070	ajmaline	C20H26N2O2	CC[C@@H]1[C@@H](O)N2[C@H]3C[C@@H]1C4C(O)[C@@]5(C[C@H]24)[C@H]3N(C)c6ccccc56	326440	-2827	232	3340	-1408	4489	4834	1812	3352	-2652	-46	17666	-687
E-997	Ajmaline	C20H26N2O2	c1ccc2N(C)C3C4CC5C(CC)C(O)N4C(C56)CC3(C6O)c2c1	326440	-2820	244	3340	-1408	4489	4834	1812	3352	-2652	-46	17666	-687
B-3278	teflubenzuron	C14H6Cl2F4N2O2	Fc1cccc(F)c1C(=O)NC(=O)Nc2cc(Cl)c(F)c(Cl)c2F	381112	-7302	-7896	5456	4191	2595	4834	-2002	3352	-1615	4006	1754	514
A-2692	1,6-bis(2-methylheptyl) hexanedioate	C22H42O4	CC(C)CCCCCOC(=O)CCCCC(=O)OCCCCCC(C)C	370574	-6870	-7111	5048	7133	6800	6021	1812	-3465	13941	-4097	-4610	-83
G-1107	t-Pentylbenzene	C11H16	CC(C)(C)Cc1ccccc1	148249	-4150	-2171	-3556	1850	-1890	-2881	-5816	-3465	-2652	-46	-1428	-5697
A-4154	4-cyanophenyl acetate	C9H7NO2	CC(=O)Oc1ccc(cc1)C#N	161160	-1799	2099	-3056	-1542	-2971	-2288	-95	-3465	-2652	-46	-1428	-351
B-2129	dimethirimol	C11H19N3O	CCCCC1=C(C)NC(=NC1=O)N(C)C	209293	-2242	1295	-1193	-1536	68	-507	-95	-57	459	-46	-1428	-469
C-944	azinphos-methyl;  methyl-azinphos	C10H12N3O3PS2	CO[P](=S)(OC)SCN1N=NC2=CC=CC=C2C1=O	317332	-4040	-1971	2988	-565	2666	1866	9441	-3465	1496	4006	1754	1372
B-3765	2-iodobenzoic acid	C7H5IO2	OC(=O)c1ccccc1I	248019	-2731	406	305	-584	-2418	-3475	-3909	-57	-2652	-46	-1428	-1716
B-3177	benalaxyl	C20H23NO3	COC(=O)C(C)N(C(=O)Cc1ccccc1)c2c(C)cccc2C	325408	-3944	-1797	3300	2163	4988	4834	-95	-3465	1496	4006	1754	-723
F-592	4-[(10,13-dimethyl-3-oxo-1,2,6,7,8,9,11,12,14,15,16,17-dodecahydrocyclopenta[a]p	C23H32O5	CC12CCC(=O)C=C1CCC1C2CCC2(C)C(OC(=O)CCC(=O)O)CCC12	388504	-5080	-3860	5742	3780	6265	7207	1812	-57	459	-4097	8119	2912
C-2568	2-sulfanilamido-4-(diphenyl-4-yl)thiazole	C21H17N3O2S2	NC1=CC=C(C=C1)[S](=O)(=O)NC2=NC(=CS2)C3=CC=C(C=C3)C4=CC=CC=C4	407520	-5610	-4823	6478	4850	7959	7207	3719	3352	1496	12110	8119	3383
H-231	Hexachlorobenzene	C6Cl6	ClC1=C(Cl)C(Cl)=C(Cl)C(Cl)=C1Cl	284784	-7560	-8364	1728	6264	-845	-2288	-5816	-3465	-3689	-46	-1428	-5697
F-72	3,3-diethylpiperidine-2,6-dione	C9H15NO2	CCC1(CC)CCC(=O)NC1=O	169224	-4530	-2861	-2744	-2023	-2527	-2288	-2002	-57	-1615	-4097	-1428	-770
A-3273	acid D,L-aspart	C4H7NO4	NC(CC(O)=O)C(O)=O	133103	-1229	3133	-4142	-6484	-5182	-4068	-95	6760	-578	-4097	-4610	5041
H-238	2,2',3,4,4',5'-Hexachlorobiphenyl	C12H4Cl6	ClC1=CC=C(C2=CC(Cl)=C(Cl)C(Cl)=C2Cl)C(Cl)=C1	360882	-8320	-9745	4673	9420	3006	1273	-5816	-3465	-2652	4006	1754	-5697
B-3779	cumic acid	C10H12O2	CC(C)c1ccc(cc1)C(O)=O	164204	-3036	-149	-2939	398	-2210	-2288	-3909	-57	-1615	-46	-1428	-1716
F-237	N-hexylsulfonylhexane-1-sulfonamide	C12H27NO4S2	CCCCCCS(=O)(=O)NS(=O)(=O)CCCCCC	313485	-2200	1370	2839	186	2560	1866	1812	-57	8756	-4097	-4610	2874
E-809	m-Aminoacetophenone	C8H9NO	c1ccc(N)cc1C(=O)C	135166	-1280	3041	-4062	-1565	-3214	-3475	-2002	-57	-2652	-46	-1428	-1098
B-4311	phenylhydroxylamine	C6H7NO	ONc1ccccc1	109128	-436	4574	-5070	-1534	-4578	-4661	-2002	3352	-2652	-46	-1428	-2254
B-3056	2,3',4,6-tetrachlorobiphenyl	C12H6Cl4	Clc1cccc(c1)c2c(Cl)cc(Cl)cc2Cl	291992	-7155	-7628	2007	6946	1489	86	-5816	-3465	-2652	4006	1754	-5697
B-2323	nicotinic acid, propyl ester	C9H11NO2	CCCOC(=O)c1cccnc1	165192	-1240	3113	-2900	-1230	-2616	-2288	-95	-3465	-578	-46	-1428	-1514
A-2857	(2S)-2-hydroxy-3-(phenylamino)propane-1-sulfonate	C9H13NO4S	O[C@@H](CNc1ccccc1)C[S]([O-])(=O)=O	230265	119	5582	-382	-4342	-997	-507	3719	3352	1496	-46	-1428	3850
B-1633	2,5-dihydroxybenzaldehyde	C7H6O3	Oc1ccc(O)c(C=O)c1	138122	-1000	3549	-3948	-2627	-4077	-3475	-95	3352	-2652	-46	-1428	443
B-2568	4(1h)-pyrimidinone, 5-bromo-	C4H3BrN2O	BrC1=CN=CNC1=O	174985	-447	4554	-2521	-3343	-4471	-4661	-2002	-57	-3689	-46	-1428	-814
F-100	N-(3-oxo-1H-2-benzofuran-5-yl)acetamide	C10H9NO3	CC(=O)NC1=CC2=C(C=C1)COC2=O	191186	-2600	644	-1894	-1860	-1850	-1101	-95	-57	-2652	-46	1754	215
A-4472	2-(4-methyl-5-oxo-4-propan-2-yl-1H-imidazol-2-yl)pyridine-3-carboxylic acid	C13H15N3O3	CC(C)C1(C)N=C(NC1=O)c2ncccc2C(O)=O	261281	-1364	2889	819	-2323	1065	1866	1812	3352	-578	-46	1754	4084
A-2565	Pigment Red 224	C24H8O6	O=C1OC(=O)c2ccc3c4ccc5C(=O)OC(=O)c6ccc(c7ccc1c2c37)c4c56	392322	-5594	-4793	5890	2362	7959	8394	5626	-3465	-3689	24266	17666	4395
A-2727	hexyl dodecanoate	C18H36O2	CCCCCCCCCCCC(=O)OCCCCCC	284484	-6755	-6903	1717	7066	3764	2460	-2002	-3465	11867	-4097	-4610	-2890
A-1814	1-phenylpyrazolidin-3-one	C9H10N2O	O=C1CCN(N1)c2ccccc2	162192	-1145	3287	-3016	-2594	-2353	-2288	-2002	-57	-2652	-46	1754	-2245
A-3539	6-chlorohexan-2-one	C6H11ClO	CC(=O)CCCCCl	134606	-1416	2795	-4084	-594	-4063	-4661	-3909	-3465	459	-4097	-4610	-3875
B-472	2-propenoic acid, 3-(4-methoxyphenyl)-, 2-ethoxy	C14H18O4	CCOCCOC(=O)/C=C/c1ccc(OC)cc1	250294	-2700	463	393	-19	1120	1273	1812	-3465	3570	-46	-1428	-920
A-825	5-methyl-1H-1,2,3-benzotriazole	C7H7N3	Cc1cccc2n[nH]nc12	133154	-1517	2611	-4140	-1953	-3552	-3475	-2002	-57	-3689	4006	1754	-1260
A-4969	cyclohexanethiol	C6H12S	SC1CCCCC1	116229	-3367	-750	-4795	-93	-3971	-5255	-3909	-57	-3689	-4097	-1428	-5697
B-4172	cyclophosphamide	C7H15Cl2N2O2P	ClCCN(CCCl)[P]1(=O)NCCCO1	261089	-815	3886	811	-784	-438	-1101	-2002	-57	1496	-4097	-1428	-1260
B-1980	2,3-dichloronitrobenzene	C6H3Cl2NO2	[O-][N+](=O)c1cccc(Cl)c1Cl	192001	-3488	-969	-1863	1143	-2872	-2881	-2002	-3465	-2652	-46	-1428	-1093
B-3873	o-nitrobenzaldehyde	C7H5NO3	[O-][N+](=O)c1ccccc1C=O	151121	-1814	2072	-3445	-1686	-3574	-2881	-95	-3465	-1615	-46	-1428	729
C-611	naproxen	C14H14O3	COC1=CC=C2C=C(C=CC2=C1)C(C)C(O)=O	230263	-3290	-609	-382	1398	676	680	-2002	-57	-578	4006	1754	-731
I-56	naproxen	C14H14O3	O=C(O)[C@@H](C)c1ccc2cc(ccc2c1)OC	230263	-4500	-2807	-382	1398	676	680	-2002	-57	-578	4006	1754	-731
F-625	ethyl 3-bromo-4-hydroxybenzoate	C9H9BrO3	CCOC(=O)C1=CC(Br)=C(O)C=C1	245072	-3390	-791	191	63	-1563	-1694	-95	-57	-1615	-46	-1428	-731
C-762	1-(4-chlorophenylsulfonyl)cycloheptanecarboxylic acid isopropyl ester	C17H23ClO4S	CC(C)OC(=O)C1(CCCCCC1)[S](=O)(=O)C2=CC=C(Cl)C=C2	358887	-5520	-4659	4596	3522	4272	4240	1812	-3465	459	-46	1754	753
B-1546	n-(hydroxymethyl)acrylamide	C4H7NO2	OCNC(=O)C=C	101105	810	6837	-5381	-5792	-5551	-5255	-2002	3352	-1615	-4097	-4610	-432
F-1027	(5-acetyloxy-11-carbamoyl-5,6-dihydrobenzo[b][1]benzazepin-6-yl) acetate	C19H18N2O5	CC(=O)OC1C2=C(C=CC=C2)N(C(N)=O)C2=C(C=CC=C2)C1OC(C)=O	354362	-3550	-1082	4421	1566	4775	6021	3719	-57	-1615	4006	4937	4861
A-2540	1-chlorooctane	C8H17Cl	CCCCCCCCCl	148677	-5172	-4028	-3539	2438	-2724	-4068	-5816	-3465	2533	-4097	-4610	-5697
C-638	methyl 2-(4-bromobenzenesulfonyl)acetate;  2-(4-bromobenzenesulfonyl)acetic acid	C9H9BrO4S	COC(=O)C[S](=O)(=O)C1=CC=C(Br)C=C1	293138	-2480	862	2051	-1708	-587	-507	1812	-3465	-578	-46	-1428	753
B-3462	2-thiophenesulfonamide, 4-(4-methoxybenzoyl)-	C12H11NO4S2	COc1ccc(cc1)C(=O)c2csc(c2)[S](N)(=O)=O	297357	-4473	-2758	2215	-1255	1519	1866	3719	-57	459	4006	1754	3530
A-3219	2-methylbenzene-1,4-diol	C7H8O2	Cc1cc(O)ccc1O	124139	-207	4989	-4489	-1688	-4176	-4068	-2002	3352	-3689	-46	-1428	-1379
A-5312	1-ethoxy-2-(2-methoxyethoxy)ethane	C7H16O3	CCOCCOCCOC	148202	829	6872	-3558	-3052	-3467	-3475	-95	-3465	3570	-4097	-4610	-2742
B-3432	halofenozide	C18H19ClN2O2	CC(C)(C)N(NC(=O)c1ccc(Cl)cc1)C(=O)c2ccccc2	330815	-4440	-2699	3510	3081	4421	4240	-2002	-57	-1615	4006	1754	-424
A-1488	(8R,9S,13S,14S,17S)-13-ethyl-3-methoxy-6,7,8,9,11,12,14,15,16,17-decahydrocyclop	C20H28O2	CC[C@]12CC[C@H]3[C@@H](CCc4cc(OC)ccc34)[C@@H]1CC[C@@H]2O	300442	-4876	-3489	2334	3794	3959	3647	-2002	-57	-1615	-46	8119	-2553
B-2529	benzenemethanol, 4-iodo-	C7H7IO	OCc1ccc(I)cc1	234036	-2746	379	-236	-974	-2575	-4068	-3909	-57	-2652	-46	-1428	-3538
A-5188	2,5-diphenyl-1,3-oxazole	C15H11NO	o1c(cnc1c2ccccc2)c3ccccc3	221259	-5553	-4720	-730	3238	801	680	-2002	-3465	-1615	8058	4937	-2919
A-2016	1,8-bis(phenylsulfanyl)-9,10-dihydroanthracene-9,10-dione	C26H16O2S2	O=C1c2cccc(Sc3ccccc3)c2C(=O)c4c(Sc5ccccc5)cccc14	424546	-5517	-4655	7137	8455	8902	8394	1812	-3465	459	12110	11302	-2053
A-1808	N-(4-amino-2,5-diethoxyphenyl)benzamide	C17H20N2O3	CCOc1cc(NC(=O)c2ccccc2)c(OCC)cc1N	300358	-2406	997	2331	1932	3861	3647	1812	3352	2533	4006	1754	2156
C-266	spiro-5,5-decamethylenebarbituric acid	C14H22N2O3	O=C1NC(=O)C2(CCCCCCCCCC2)C(=O)N1	266341	-4590	-2970	1014	-85	1241	1866	-95	3352	-3689	-4097	1754	2336
B-832	triethylene glycol butyl ether	C10H22O4	CCCCOCCOCCOCCO	206282	686	6611	-1310	-2782	-1156	-1101	1812	-57	7719	-4097	-4610	-583
C-1391	naproxen carbamoylmethyl ester;  naproxen  ester va	C16H17NO4	COC1=CC=C2C=C(C=CC2=C1)C(C)C(=O)OCC(N)=O	287315	-3930	-1772	1826	-601	2571	3053	1812	-57	1496	4006	1754	2693
A-5824	8-methylnonyl methacrylate	C14H26O2	CC(C)CCCCCCCOC(=O)C(C)=C	226360	-6056	-5633	-533	3416	943	86	-2002	-3465	5644	-4097	-4610	-2890
B-891	l-tyrosine, 3,5-dibromo-	C9H9Br2NO3	N[C@@H](Cc1cc(Br)c(O)c(Br)c1)C(O)=O	338983	-1928	1864	3826	-807	111	-507	-95	6760	-578	-46	-1428	3220
G-1032	RTI 11	C15H14N2O2	O2c1ccc(N)cc1N(C)C(=O)c3cc(C)ccc23 	254289	-3928	-1768	548	1252	1931	1866	-95	-57	-3689	4006	4937	233
A-6005	2,2'-biindole-3,3'(1H,1'H)-dione	C16H10N2O2	O=C1\C(Nc2ccccc12)=C/3Nc4ccccc4C3=O	262268	-6720	-6838	857	978	2079	2460	1812	3352	-3689	4006	8119	514
B-4622	dl-phenylalanine	C9H11NO2	NC(Cc1ccccc1)C(O)=O	165192	-1066	3430	-2900	-3137	-2472	-2288	-2002	3352	-578	-46	-1428	1061
A-2490	(1-ethoxy-1-oxopropan-2-yl) 5-[2-chloro-4-(trifluoromethyl)phenoxy]-2-nitrobenzo	C19H15ClF3NO7	CCOC(=O)C(C)OC(=O)c1cc(Oc2ccc(cc2Cl)C(F)(F)F)ccc1[N+]([O-])=O	461776	-6623	-6663	8578	5432	5913	8988	7534	-3465	3570	4006	1754	5506
B-3411	acetamide, 2-(benzoyloxy)-n,n-dipropyl-	C15H21NO3	CCCN(CCC)C(=O)COC(=O)c1ccccc1	263337	-2379	1045	898	367	1787	1866	-95	-3465	3570	-46	-1428	-723
B-1105	digallic acid	C14H10O9	OC(=O)c1cc(O)c(O)c(OC(=O)c2cc(O)c(O)c(O)c2)c1	322225	-2809	264	3177	-2207	1672	4240	9441	16986	-578	4006	1754	11885
C-438	busulfan;  busulphan;  1,4-di(methylsulfonyloxy)butane	C6H14O6S2	C[S](=O)(=O)OCCCCO[S](C)(=O)=O	246306	-2270	1243	239	-4882	-1705	-1101	5626	-3465	3570	-4097	-4610	3560
B-1317	2,4(1h,3h)-quinazolinedione, 6,8-dinitro-	C8H4N4O6	[O-][N+](=O)c1cc2C(=O)NC(=O)Nc2c(c1)[N+]([O-])=O	252142	-3206	-456	465	-4288	-543	1273	5626	3352	-1615	4006	1754	10525
A-2104	(2R)-heptan-2-yl 2-[(5-chloroquinolin-8-yl)oxy]acetate (2S)-heptan-2-yl 2-[(5-ch	C18H22ClNO3	CCCCCC(C)OC(=O)COc1ccc(Cl)c2cccnc12	335831	-5748	-5073	3704	4697	4521	4240	1812	-3465	4607	4006	1754	-529
C-2534	2-sulfamoyl-4-methyl-5-(4-acetamidobenzenesulfonylimido)-1,3,4-thiadiazoline; 5-	C11H13N5O5S3	CN1N=C(SC1=N[S](=O)(=O)C2=CC=C(NC(C)=O)C=C2)[S](N)(=O)=O	391456	-1690	2297	5856	-5530	3614	4834	9441	3352	459	4006	1754	10693
B-3361	3-pyridinecarboxylic acid, nonyl ester	C15H23NO2	CCCCCCCCCOC(=O)c1cccnc1	249354	-3096	-257	357	3201	1579	1273	-95	-3465	5644	-46	-1428	-1514
C-1710	4-hexylbenzoic acid	C13H18O2	CCCCCCC1=CC=C(C=C1)C(O)=O	206285	-3650	-1263	-1310	2290	-127	-507	-3909	-57	2533	-46	-1428	-1716
B-2005	2,4,6-trihydroxybenzophenone	C13H10O4	Oc1cc(O)c(c(O)c1)C(=O)c2ccccc2	230219	-1871	1968	-384	-499	-117	680	1812	6760	-1615	4006	1754	2602
E-66	9-methylanthracene	C15H12	c(c(c(c(c1ccc2)c2)C)ccc3)(c3)c1	192261	-5890	-5331	-1853	3792	622	-507	-5816	-3465	-3689	8058	4937	-5697
B-561	4-methyl-2-pentyl acetate	C8H16O2	CC(C)CC(C)OC(C)=O	144214	-2045	1652	-3712	-594	-3241	-3475	-2002	-3465	-578	-4097	-4610	-2890
A-3118	3-methylbut-3-en-1-ol	C5H10O	CC(=C)CCO	86134	19	5401	-5960	-2562	-5386	-5848	-3909	-57	-1615	-4097	-4610	-3538
H-399	Phenacetin	C10H13NO2	CCOC1=CC=C(NC(C)=O)C=C1	179219	-2300	1189	-2357	-482	-1540	-1694	-2002	-57	-578	-46	-1428	-1606
B-2223	propanoic acid, 2-hydroxy-, 1-methyl-2-oxo-2-(2-	C9H14O5	CC(O)C(=O)OC(C)C(=O)OCC=C	202206	-683	4126	-1468	-4297	-2074	-1101	3719	-57	1496	-4097	-4610	2076
G-613	Diosgenin	C27H42O3	C1C(O)CCC2(C)CC3CCC4(C)C5(C)CC6OCC(C)CC6OC5CC4C3C=C21	414630	-7320	-7928	6753	6078	8466	8394	-95	-57	-3689	-4097	14484	-1568
C-307	pteridine	C6H4N4	C1=NC2=C(N=C1)N=CN=C2	132126	20	5402	-4180	-3556	-4082	-3475	1812	-3465	-3689	4006	1754	-194
B-1583	1h-purine-2,6-dione, 7-butyl-3,7-dihydro-1,3-dim	C11H16N4O2	CCCCn1cnc2N(C)C(=O)N(C)C(=O)c12	236275	-1807	2084	-149	-3908	460	680	5626	-3465	-578	4006	1754	901
B-2054	butanedioic acid, tetraethyl-	C12H22O4	CCC(CC)(C(O)=O)C(CC)(CC)C(O)=O	230304	-2964	-18	-380	890	-119	86	-2002	3352	3570	-4097	-4610	2264
F-903	4-[3-[(2-methylpropylamino)methyl]benzoyl]thiophene-2-sulfonamide	C16H20N2O3S2	CC(C)CNCC1=CC=CC(C(=O)C2=CSC(S(N)(=O)=O)=C2)=C1	352481	-2050	1643	4348	140	4546	4240	3719	3352	3570	4006	1754	3829
A-4598	butyl prop-2-enoate	C7H12O2	CCCCOC(=O)C=C	128171	-1877	1956	-4333	-1481	-3940	-4068	-2002	-3465	459	-4097	-4610	-2890
B-1377	diethyl azelate	C13H24O4	CCOC(=O)CCCCCCCC(=O)OCC	244331	-2990	-64	163	1032	530	680	1812	-3465	6681	-4097	-4610	-83
B-1850	cdea	C6H12ClNO	CCN(CC)C(=O)CCl	149621	-243	4925	-3503	-2280	-3549	-4068	-3909	-3465	-578	-4097	-4610	-3529
B-3071	carbamimidothioic acid, trimethyl-, methyl ester	C5H12N2S	CSC(=NC)N(C)C	132232	-440	4567	-4176	-2653	-3259	-4661	-2002	-3465	-3689	-4097	-4610	-4032
B-4402	o-hydroxybenzyl alcohol	C7H8O2	OCc1ccccc1O	124139	-295	4831	-4489	-2676	-4248	-4068	-2002	3352	-2652	-46	-1428	-1379
F-1062	heptyl 2-(6-methoxynaphthalen-2-yl)propanoate	C21H28O3	CCCCCCCOC(=O)C(C)C1=CC=C2C=C(OC)C=CC2=C1	328452	-7120	-7565	3418	5996	5534	4834	-95	-3465	5644	4006	1754	-1905
A-5198	2-[2-(carboxymethoxy)ethoxy]acetic acid	C6H10O6	OC(=O)COCCOCC(O)=O	178140	671	6584	-2399	-5886	-3812	-2288	1812	3352	3570	-4097	-4610	4234
B-4128	2,2',3,5,5'-pentachlorobiphenyl	C12H5Cl5	Clc1ccc(Cl)c(c1)c2cc(Cl)cc(Cl)c2Cl	326437	-7820	-8837	3340	8183	2247	680	-5816	-3465	-2652	4006	1754	-5697
B-952	ethane, 1,1-difluoro-2-methoxy-	C3H6F2O	COCC(F)F	96076	-284	4851	-5575	-2651	-6693	-5848	-3909	-3465	-1615	-4097	-4610	-4712
A-1700	(2E)-1-(2,6,6-trimethylcyclohex-2-en-1-yl)but-2-en-1-one	C13H20O	C/C=C/C(=O)C1C(=CCCC1(C)C)C	192302	-3138	-333	-1851	2302	-303	-1101	-3909	-3465	-1615	-4097	-1428	-3875
B-1846	2h-purin-2-one, 1,3-dihydro-	C5H4N4O	O=C1Nc2nc[nH]c2C=N1	136114	-1714	2254	-4026	-5020	-4175	-3475	-95	3352	-3689	4006	1754	2246
A-5725	2,4,4-trimethylpentan-2-yl 2,2,3,5-tetramethylhexaneperoxoate 2,4,4-trimethylpen	C18H34O4	CC(C)(C)CCCCC1(OO1)C(=O)OC(C)(C)CC(C)(C)C	314466	-6971	-7295	2877	5132	3783	3647	1812	-3465	3570	-4097	-1428	-216
C-2187	1,4-dimethyl-2-propyl-1,2,3,4-tetrahydro-2,4a,9-triazaanthracen-10-one	C16H21N3O	CCCN1CC(C)N2C(=O)C3=C(C=CC=C3)N=C2C1C	271364	-2240	1298	1209	844	2863	2460	1812	-3465	-1615	4006	4937	-1628
A-870	2,2-dimethyl-3-methylidenebicyclo[2.2.1]heptane	C10H16	CC1(C)C2CCC(C2)C1=C	136238	-4472	-2755	-4021	1326	-2776	-3475	-5816	-3465	-3689	-4097	1754	-5697
A-1967	N,N'-(3,3'-dimethylbiphenyl-4,4'-diyl)bis(3-oxobutanamide)	C22H24N2O4	CC(=O)CC(=O)Nc1ccc(cc1C)c2ccc(NC(=O)CC(C)=O)c(C)c2	380444	-5325	-4305	5430	2854	7135	7207	1812	3352	3570	4006	1754	4158
C-2138	7-(ethoxycarboxymethyl)theophylline;  7-(ethoxycarbonyloxymethyl)theophylline	C11H14N4O5	CCOC(=O)OC[N]1C=NC2=C1C(=O)N(C)C(=O)N2C	282256	-1860	1988	1630	-5175	944	2460	11348	-3465	-578	4006	1754	4692
B-3562	2,2-dimethylpropane	C5H12	CC(C)(C)C	72151	-3337	-695	-6501	-465	-5596	-6442	-5816	-3465	-3689	-4097	-4610	-5697
F-162	2-(carbamoylamino)hexanoic acid	C7H14N2O3	CCCCC(NC(N)=O)C(=O)O	174200	-2160	1443	-2552	-3786	-2789	-2288	-2002	6760	1496	-4097	-4610	4166
A-4508	2-[(2-hydroxyethyl)(methyl)amino]ethan-1-ol	C5H13NO2	CN(CCO)CCO	119164	924	7044	-4682	-6427	-4606	-4661	-95	3352	459	-4097	-4610	-1033
A-249	methyl 2-phenylacetate	C9H10O2	COC(=O)Cc1ccccc1	150177	-2211	1350	-3481	-1696	-3017	-2881	-2002	-3465	-1615	-46	-1428	-2890
B-2405	piperidine, 3-propyl-,	C8H17N	CCCC1CCCNC1	127231	-1011	3530	-4369	-969	-3268	-4068	-3909	-57	-1615	-4097	-1428	-4413
B-131	acetone	C3H6O	CC(C)=O	58080	1236	7611	-7046	-3223	-6924	-7035	-3909	-3465	-3689	-4097	-4610	-3875
C-1570	3-iodocrotonic  acid (trans);  3-iodo-(e)-2-butenoic acid	C4H5IO2	C\C(I)=C\C(O)=O	211986	-1160	3259	-1089	-1682	-4039	-5255	-3909	-57	-2652	-4097	-4610	-1716
F-543	4-[(1-methoxy-1-oxo-3-phenylpropan-2-yl)amino]-4-oxo-3-[(2,2,2-trifluoroacetyl)a	C16H17F3N2O6	COC(=O)C(CC1=CC=CC=C1)NC(=O)C(CC(=O)O)NC(=O)C(F)(F)F	390314	-2660	535	5812	-3577	3368	6614	3719	6760	4607	-46	-1428	7302
C-1013	perylene	C20H12	C1=CC2=C3C(=C1)C=CC=C3C4=CC=CC5=CC=CC2=C45	252316	-8700	-10435	472	6510	3871	2460	-5816	-3465	-3689	16162	11302	-5697
B-287	4(1h)-quinolinone, 1-methyl-	C10H9NO	CN1C=CC(=O)c2ccccc12	159188	-982	3583	-3133	-1438	-1953	-2288	-2002	-3465	-3689	4006	1754	-3349
A-5013	1-[({[(tetradecyloxy)carbonyl]peroxy}carbonyl)oxy]tetradecane	C30H58O6	CCCCCCCCCCCCCCOC(=O)OOC(=O)OCCCCCCCCCCCCCC	514788	-4350	-2534	10630	15735	12860	11955	5626	-3465	23274	-4097	-4610	1887
A-4178	benzenesulfonyl chloride	C6H5ClO2S	Cl[S](=O)(=O)c1ccccc1	176624	-1885	1942	-2458	-1295	-3423	-3475	-2002	-3465	-2652	-46	-1428	-2053
B-1559	2h-1-benzopyran-2-one, 4-bromo-	C9H5BrO2	BrC1=CC(=O)Oc2ccccc12	225041	-1653	2363	-584	487	-1802	-2288	-2002	-3465	-3689	4006	1754	-2473
F-725	1-(4-chloronaphthalen-1-yl)-2-piperidin-1-ylethanol	C17H20ClNO	OC(CN1CCCCC1)C1=C2C=CC=CC2=C(Cl)C=C1	289806	-1550	2551	1922	3246	3350	2460	-2002	-57	-578	4006	4937	-3192
F-436	2-(3,5-diiodo-4-oxopyridin-1-yl)-~{N},~{N}-diethylacetamide	C11H14I2N2O2	CCN(CC)C(=O)CN1C=C(I)C(=O)C(I)=C1	460053	-3180	-410	8511	-705	3328	680	-95	-3465	459	-46	-1428	-1182
F-2	4-[(10-Methyl-9-anthryl)methyl]morpholine	C20H21NO	CC1=C2C=CC=CC2=C(CN2CCOCC2)C2=C1C=CC=C2	291394	-4400	-2625	1984	3475	4573	3647	-2002	-3465	-1615	8058	8119	-4366
C-2565	kni-727	C30H41N3O5S	CC1=C(OCC(=O)NC(CC2=CC=CC=C2)C(O)C(=O)N3CSC(C)(C)C3C(=O)NC(C)(C)C)C(=CC=C1)C	555741	-5010	-3733	12215	2021	14002	13735	5626	6760	5644	4006	4937	5826
B-879	iso-oxazole	C3H3NO	o1cccn1	69063	383	6061	-6621	-3073	-6902	-6442	-2002	-3465	-3689	-46	-1428	-2919
B-3540	ethyl (1-(4-methyl)phenylsulfonyl) cyclobutane c	C14H18O4S	CCOC(=O)C1(CCC1)[S](=O)(=O)c2ccc(C)cc2	282361	-2959	-9	1634	-82	1438	1866	1812	-3465	459	-46	1754	753
B-2790	butoxycarboxim	C7H14N2O4S	CNC(=O)O\N=C(/C)C(C)[S](C)(=O)=O	222266	-27	5317	-691	-4064	-1382	-1101	3719	-57	-578	-4097	-4610	3356
F-985	7-(3-aminoazetidin-1-yl)-1-cyclopropyl-6-fluoro-4-oxoquinoline-3-carboxylic acid	C16H16FN3O3	NC1CN(C2=CC3=C(C=C2F)C(=O)C(C(=O)O)=CN3C2CC2)C1	317320	-5320	-4296	2987	-1850	3255	4240	3719	3352	-578	4006	8119	3754
B-1179	oxiranemethanol	C3H6O2	OCC1CO1	74079	1130	7419	-6426	-5529	-6853	-6442	-2002	-57	-2652	-4097	-1428	-2201
A-569	2,4,4,7-tetramethyloct-6-en-3-one	C12H22O	CC(C)C(=O)C(C)(C)CC=C(C)C	182307	-3489	-971	-2238	2453	-668	-1694	-3909	-3465	459	-4097	-4610	-3875
C-2514	2-sulfamoyl-5-(2-nitrobenzenesulfonamido)-1,3,4-thiadiazole	C8H7N5O6S3	N[S](=O)(=O)C1=NN=C(N[S](=O)(=O)C2=C(C=CC=C2)[N+]([O-])=O)S1	365374	-1820	2060	4847	-4550	1984	3647	11348	3352	1496	4006	1754	13006
F-797	2-phenyl-5-(2-phenyl-1,3-dioxolan-4-yl)-1,3-dioxolane-4-carboxylic acid	C19H18O6	O=C(O)C1OC(C2=CC=CC=C2)OC1C1COC(C2=CC=CC=C2)O1	342347	-2450	916	3956	700	3708	5427	3719	-57	459	4006	8119	2224
C-2277	s6,9-bis(propanoyloxymethyl)-6-mercaptopurine	C13H16N4O4S	CCC(=O)OCSC1=NC=NC2=C1N=C[N]2COC(=O)CC	324362	-2780	317	3260	-1057	2533	3647	11348	-3465	3570	4006	1754	4570
B-1270	1-methylcyclohexene	C7H12	CC1=CCCCC1	96173	-3267	-568	-5571	395	-4521	-5255	-5816	-3465	-3689	-4097	-1428	-5697
B-771	8-quinolinol,5-chloro-	C9H6ClNO	Oc1ccc(Cl)c2cccnc12	179606	-3976	-1854	-2342	560	-2069	-2288	-2002	-57	-3689	4006	1754	-2162
A-1612	1,2-xylene	C8H10	Cc1ccccc1C	106168	-2819	246	-5185	10	-3962	-4661	-5816	-3465	-3689	-46	-1428	-5697
B-905	bromacil	C9H13BrN2O2	CCC(C)N1C(=O)NC(=C(Br)C1=O)C	261119	-2506	815	812	-1362	-503	-1101	-95	-57	-1615	-46	-1428	158
A-4533	ethanedioyl dichloride	C2Cl2O2	ClC(=O)C(Cl)=O	126926	896	6994	-4381	-3371	-6112	-5848	-2002	-3465	-2652	-4097	-4610	-2053
E-208	2,2',4,4',6,6'-PCB	C12H4Cl6	Clc1c(Cl)cc(Cl)cc1c2c(Cl)cc(Cl)cc2Cl	360882	-8710	-10453	4673	9420	3006	1273	-5816	-3465	-2652	4006	1754	-5697
F-698	1-tert-butyl-6-fluoro-4-oxo-7-piperazin-1-ylquinoline-3-carboxylic acid	C18H22FN3O3	CC(C)(C)N1C=C(C(=O)O)C(=O)C2=C1C=C(N1CCNCC1)C(F)=C2	347390	-3430	-864	4151	-558	5015	5427	3719	3352	-1615	4006	4937	2261
F-679	4-Amino-N-(2-methyl-1-naphthyl)benzenesulfonamide	C17H16N2O2S	CC1=C(NS(=O)(=O)C2=CC=C(N)C=C2)C2=C(C=CC=C2)C=C1	312394	-4500	-2807	2797	2334	4279	3647	-95	3352	-578	8058	4937	2007
B-1308	acenaphthylene, 1,2-dihydro-5-nitro-	C12H9NO2	[O-][N+](=O)c1ccc2CCc3cccc1c23	199209	-5340	-4333	-1584	1038	-617	-507	-2002	-3465	-2652	4006	4937	-1093
D-1574	usnic acid	C18H16O7	CC(=O)C1C(=O)C=C2Oc3c(C(C)=O)c(O)c(C)c(O)c3C2(C)C1=O	344319	-3537	-1058	4032	-1511	3433	5427	7534	3352	-1615	-46	4937	6893
C-2150	2,2',3,6'-tetrachlorobiphenyl	C12H6Cl4	ClC1=CC=CC(=C1Cl)C2=C(Cl)C=CC=C2Cl	291992	-6300	-6076	2007	6946	1489	86	-5816	-3465	-2652	4006	1754	-5697
B-1841	vamidothion	C8H18NO4PS2	CNC(=O)CCSCCS[P](=O)(OC)OC	287343	542	6350	1827	-584	1212	86	5626	-57	5644	-4097	-4610	1200
A-2625	2-Butenedioic acid (E)-, di-C12-18-alkyl esters	C34H64O4	CCCCCCCCCCCCCCCOC(=O)/C=C/C(=O)OCCCCCCCCCCCCCCC	536882	-6554	-6537	11485	16116	15196	13142	1812	-3465	27422	-4097	-4610	-83
I-2	2_amino_5_bromobenzoic_acid	C7H6BrNO2	Brc1cc(C(O)=O)c(N)cc1	216034	-3070	-210	-933	-1076	-2509	-2881	-2002	3352	-2652	-46	-1428	1061
B-993	caulophylline	C12H16N2O	CN1C[C@@H]2C[C@@H](C1)C3=CC=CC(=O)N3C2	204273	648	6543	-1388	-2652	-460	-507	-95	-3465	-3689	-46	4937	-3003
D-1074	benznidazole	C12H12N4O3	[O-][N+](=O)c1nccn1CC(=O)NCc2ccccc2	260253	-2813	257	779	-2253	770	1866	3719	-57	1496	4006	1754	3914
C-1074	malononitrile;  dicyanomethane	C3H2N2	N#CCC#N	66063	250	5820	-6737	-3548	-7002	-6442	-2002	-3465	-3689	-4097	-4610	-619
B-1812	bcpc	C11H14ClNO2	CCC(C)OC(=O)Nc1cccc(Cl)c1	227691	-3173	-396	-481	2629	-118	-507	-2002	-57	-578	-46	-1428	-1606
B-4375	carbon dioxide	CO2	O=C=O	44009	-1475	2687	-7590	-5455	-8642	-7629	-2002	-3465	-3689	-4097	-4610	-2053
A-1650	(2S)-2-{[(benzyloxy)carbonyl]amino}-2-cyclohexylacetic acid	C16H21NO4	OC(=O)[C@@H](NC(=O)OCc1ccccc1)C2CCCCC2	291347	-3285	-601	1982	1227	2374	3053	-95	3352	1496	-46	1754	2374
A-5464	1-(1-butoxypropan-2-yloxy)propan-2-ol	C10H22O3	CCCCOCC(C)OCC(C)O	190283	-653	4180	-1929	-1342	-1403	-1694	-95	-57	4607	-4097	-4610	-1568
B-954	3-aminopyridine	C5H6N2	Nc1cccnc1	94117	1026	7230	-5651	-3094	-5063	-5255	-2002	-57	-3689	-46	-1428	-1544
B-370	1,3-butanedione, 1-phenyl-	C10H10O2	CC(=O)CC(=O)c1ccccc1	162188	-2627	595	-3017	-851	-2425	-2288	-2002	-3465	-578	-46	-1428	-2053
A-901	1,2-benzisothiazol-3(2H)-one 1,1-dioxide	C7H5NO3S	O=C1N[S](=O)(=O)c2ccccc12	183188	-1672	2330	-2204	-4126	-3178	-2288	-95	-57	-3689	-46	1754	1052
A-4703	4-chloro-2-(trifluoromethyl)aniline	C7H5ClF3N	Nc1ccc(Cl)cc1C(F)(F)F	195571	-2293	1201	-1725	1217	-3213	-2288	-3909	-57	-3689	-46	-1428	-2920
F-435	2-(3,5-dibromo-4-oxopyridin-1-yl)-~{N},~{N}-diethylacetamide	C11H14Br2N2O2	CCN(CC)C(=O)CN1C=C(Br)C(=O)C(Br)=C1	366053	-2310	1171	4873	-107	1809	680	-95	-3465	459	-46	-1428	-1182
A-2814	4-(propan-2-yl)benzene-1-sulfonic acid	C9H12O3S	CC(C)c1ccc(cc1)[S](O)(=O)=O	200259	613	6479	-1543	-457	-1778	-1694	-2002	-57	-1615	-46	-1428	106
C-1546	(e)-1,2-diiodoethene;  1,2-diiodoethylene (trans)	C2H2I2	I\C=C\I	279846	-3220	-482	1537	56	-3771	-7035	-5816	-3465	-3689	-4097	-4610	-5697
E-139	1,2-diiodoethylene	C2H2I2	IC=CI	279846	-3220	-482	1537	56	-3771	-7035	-5816	-3465	-3689	-4097	-4610	-5697
B-1260	1,2-diiodoethene (cis)	C2H2I2	I\C=C/I	279846	-2781	315	1537	56	-3771	-7035	-5816	-3465	-3689	-4097	-4610	-5697
B-2171	1-cyclopentene-1-carboxylic acid, 2,3,3-trimethy	C9H14O2	CC1=C(CCC1(C)C)C(O)=O	154209	-2887	122	-3325	-171	-2837	-2881	-3909	-57	-2652	-4097	-1428	-1716
B-4232	3,5-Xylyl methylcarbamate	C10H13NO2	CNC(=O)Oc1cc(C)cc(C)c1	179219	-2581	678	-2357	-523	-1679	-1694	-2002	-57	-2652	-46	-1428	-1606
A-4335	2-(1-methylcarbamimidamido)acetic acid	C4H9N3O2	CN(CC(O)=O)C(N)=N	131135	-939	3661	-4218	-6440	-4528	-4068	-2002	6760	-1615	-4097	-4610	3952
A-2236	bis(2,4-dichloro-5-nitrophenyl) carbonate	C13H4Cl4N2O7	[O-][N+](=O)c1cc(OC(=O)Oc2cc(c(Cl)cc2Cl)[N+]([O-])=O)c(Cl)cc1Cl	441994	-6813	-7008	7812	6429	4663	6021	7534	-3465	459	4006	1754	7303
C-2249	2,4'-ddt	C14H9Cl5	ClC1=CC=C(C=C1)C(C2=C(Cl)C=CC=C2)C(Cl)(Cl)Cl	354491	-7130	-7583	4426	7946	3475	1866	-5816	-3465	-1615	4006	1754	-5697
C-144	5-methyl-5-(3-methyl-2-butenyl)barbituric  acid	C10H14N2O3	CC(C)=CCC1(C)C(=O)NC(=O)NC1=O	210233	-2600	644	-1157	-2997	-1249	-507	-95	3352	-1615	-4097	-1428	2336
G-476	Carbaryl	C12H11NO2	CNC(=O)Oc1cccc2ccccc12	201225	-3224	-489	-1506	492	-462	-507	-2002	-57	-2652	4006	1754	-1606
D-1552	benzene, 1-methoxy-2,4-dinitro-	C7H6N2O5	COc1ccc(cc1[N+]([O-])=O)[N+]([O-])=O	198134	-3107	-277	-1625	-1489	-2390	-1101	3719	-3465	-578	-46	-1428	4496
A-3540	4-(3-methyl-5-oxo-4,5-dihydro-1H-pyrazol-1-yl)benzenesulfonic acid	C10H10N2O4S	CC1=NN(C(=O)C1)c2ccc(cc2)[S](O)(=O)=O	254267	-1693	2292	547	-2370	-93	680	1812	-57	-1615	-46	1754	3592
B-4187	chlorpropham	C10H12ClNO2	CC(C)OC(=O)Nc1cccc(Cl)c1	213664	-3380	-774	-1024	1891	-817	-1101	-2002	-57	-1615	-46	-1428	-1606
B-732	1-[(2-aminoethyl)amino]-2-propanol	C5H14N2O	CC(O)CNCCN	118180	928	7050	-4720	-6403	-4312	-4661	-95	6760	459	-4097	-4610	523
A-1228	3-aminophenol	C6H7NO	Nc1cccc(O)c1	109128	-623	4234	-5070	-2506	-4477	-4661	-2002	3352	-3689	-46	-1428	-761
B-910	1-fluoronaphthalene	C10H7F	Fc1cccc2ccccc12	146164	-3453	-905	-3637	1289	-2753	-2881	-5816	-3465	-3689	4006	1754	-5697
F-661	N-Methylsulfonylcyclohexanesulfonamide	C7H15NO4S2	CS(=O)(=O)NS(=O)(=O)C1CCCCC1	241334	-330	4767	47	-3975	-1259	-1101	1812	-57	-578	-4097	-1428	2874
B-1361	m-nitrobenzyl alcohol	C7H7NO3	OCc1cccc(c1)[N+]([O-])=O	153137	-2414	981	-3367	-2292	-3493	-2881	-95	-57	-1615	-46	-1428	1066
A-365	dec-4-enal	C10H18O	CCCCC/C=C/CCC=O	154253	-3302	-631	-3324	1522	-2045	-2881	-3909	-3465	3570	-4097	-4610	-3875
E-63	acenaphthene	C12H10	c1ccc2cccc3c2c1CC3	154212	-4630	-3043	-3325	1212	-1625	-2288	-5816	-3465	-3689	4006	4937	-5697
F-904	4-[4-(butylaminomethyl)benzoyl]thiophene-2-sulfonamide	C16H20N2O3S2	CCCCNCC1=CC=C(C(=O)C2=CSC(S(N)(=O)=O)=C2)C=C1	352481	-2210	1352	4348	413	4557	4240	3719	3352	4607	4006	1754	3829
B-915	chlorogenic acid	C16H18O9	O[C@@H]1C[C@](O)(C[C@@H](OC(=O)\C=C\c2ccc(O)c(O)c2)[C@@H]1O)C(O)=O	354311	-947	3645	4419	-5573	3094	5427	9441	16986	459	-46	1754	11885
B-1414	methyl n-butyl ether	C5H12O	CCCCOC	88150	-991	3567	-5882	-1638	-5345	-5848	-3909	-3465	-578	-4097	-4610	-4712
D-1980	tetramethrin	C19H25NO4	CC(C)=C[C@@H]1[C@@H](C(=O)OCN2C(=O)C3=C(CCCC3)C2=O)C1(C)C	331412	-4858	-3457	3533	1262	3999	4834	1812	-3465	459	-4097	4937	1099
C-308	tetramethrin; phthaltrin	C19H25NO4	CC(C)=CC1C(C(=O)OCN2C(=O)C3=C(CCCC3)C2=O)C1(C)C	331412	-5260	-4187	3533	1262	3999	4834	1812	-3465	459	-4097	4937	1099
B-691	pyridaphenthion	C14H17N2O4PS	CCO[P](=S)(OCC)OC1=NN(C(=O)C=C1)c2ccccc2	340341	-3532	-1049	3878	1156	3924	3647	7534	-3465	3570	4006	1754	982
B-3757	3,5-dichlorobenzoic acid	C7H4Cl2O2	OC(=O)c1cc(Cl)cc(Cl)c1	191013	-3114	-289	-1901	745	-2826	-2881	-3909	-57	-2652	-46	-1428	-1716
G-127	2,2',3,4,6-PCB	C12H5Cl5	Clc1ccc(c(Cl)c1)c2c(Cl)ccc(Cl)c2Cl 	326437	-7430	-8128	3340	8183	2247	680	-5816	-3465	-2652	4006	1754	-5697
B-620	decanedioic acid	C10H18O4	OC(=O)CCCCCCCCC(O)=O	202250	-2306	1178	-1466	-41	-1496	-1101	-2002	3352	5644	-4097	-4610	2264
E-1280	phenytoin	C15H12N2O2	O=C1NC(=O)C(N1)(c2ccccc2)c3ccccc3	252273	-3990	-1881	470	-1000	1250	1866	-2002	3352	-1615	4006	4937	514
B-1263	2,2-dimethylpentane	C7H16	CCCC(C)(C)C	100205	-4358	-2548	-5415	1012	-4198	-5255	-5816	-3465	-2652	-4097	-4610	-5697
B-2947	1,1'-biphenyl, 2,2',3,3',4,5',6'-heptachloro-	C12H3Cl7	Clc1ccc(c(Cl)c1Cl)c2c(Cl)c(Cl)cc(Cl)c2Cl	395327	-8420	-9926	6006	10657	3764	1866	-5816	-3465	-2652	4006	1754	-5697
B-1344	3-chloropentane	C5H11Cl	CCC(Cl)CC	106596	-2631	588	-5168	219	-4824	-5848	-5816	-3465	-1615	-4097	-4610	-5697
B-530	octamethyltrisiloxane	C8H24O2Si3	C[Si](C)(C)O[Si](C)(C)O[Si](C)(C)C	236536	-6842	-7061	-139	2069	645	-1694	-2002	-3465	459	-4097	-4610	-3727
A-2001	1-(4-methoxyphenyl)-2-[(3-methoxyphenyl)sulfanyl]ethan-1-one	C16H16O3S	COc1ccc(cc1)C(=O)CSc2cccc(OC)c2	288368	-5285	-4232	1867	2614	2870	2460	1812	-3465	2533	4006	1754	-1905
A-969	1,2,3,4-tetrahydronaphthalene	C10H12	C1CCc2ccccc2C1	132206	-3567	-1113	-4177	506	-2877	-3475	-5816	-3465	-3689	-46	1754	-5697
B-3142	1,1'-biphenyl, 2,2',3,4,5',6-hexachloro-	C12H4Cl6	Clc1ccc(Cl)c(c1)c2c(Cl)cc(Cl)c(Cl)c2Cl	360882	-8010	-9182	4673	9420	3006	1273	-5816	-3465	-2652	4006	1754	-5697
E-1006	Chlortetracycline	C22H23ClN2O8	O=C(N)C(=C(O)C(N(C)C)C(C1(O)C(O)=C(C2C(O)(c(c3c(O)cc4)c4Cl)C)C3=O)C2)C1=O	478885	-2880	135	9240	-3519	7944	10175	11348	16986	-1615	-46	8119	13686
A-5065	7-chloro-5-(2-chlorophenyl)-2-oxo-2,3-dihydro-1H-1,4-benzodiazepin-3-yl acetate	C17H12Cl2N2O3	CC(=O)OC1N=C(c2ccccc2Cl)c3cc(Cl)ccc3NC1=O	363200	-5029	-3767	4763	2601	4639	4834	1812	-57	-1615	4006	4937	1534
B-1238	phenol, 3-(1,1-dimethylethyl)-	C10H14O	CC(C)(C)c1cccc(O)c1	150221	-1861	1985	-3480	741	-2313	-2881	-3909	-57	-3689	-46	-1428	-3538
C-1409	sulfamoxole;  2-sulfa-4,5-dimethyloxazole	C11H13N3O3S	CC1=C(C)N=C(N[S](=O)(=O)C2=CC=C(N)C=C2)O1	267310	-2220	1334	1052	-1181	841	1273	3719	3352	-578	4006	1754	4785
D-1433	1,2,4,5-benzenetetracarboxylic acid	C10H6O8	OC(=O)c1cc(C(O)=O)c(cc1C(O)=O)C(O)=O	254150	-1259	3079	543	-3443	-1182	1273	1812	10169	459	-46	-1428	10226
C-2109	1-amino-8-naphthalenesulfonic  acid	C10H9NO3S	NC1=CC=CC2=C1C(=CC=C2)[S](O)(=O)=O	223253	-3070	-210	-653	-1191	-592	-507	-95	3352	-2652	4006	1754	2882
A-198	N-(2-ethylhexyl)-7-methyloctanamide	C17H35NO	CCCCC(CC)CNC(=O)CCCCCC(C)C	269473	-5732	-5044	1136	4974	3354	1866	-3909	-57	8756	-4097	-4610	-2591
B-1009	salinazid	C13H11N3O2	O=C(NN\C=C/1C=CC=CC1=O)c2ccncc2	241250	-3684	-1324	43	-2656	624	1273	1812	3352	-578	-46	1754	1890
B-2814	9-octadecenoic acid, 12-(sulfooxy)-	C18H34O6S	CCCCCCC(CC=CCCCCCCCC(O)=O)O[S](O)(=O)=O	378531	-578	4316	5356	4938	5573	5427	1812	3352	13941	-4097	-4610	5071
B-2753	9-octadecenoic acid, 12-(sulfooxy)-, (z)-	C18H34O6S	CCCCCCC(C\C=C/CCCCCCCC(O)=O)O[S](O)(=O)=O	378531	-578	4316	5356	4938	5573	5427	1812	3352	13941	-4097	-4610	5071
B-2551	acetamide, n- 4- (2-pyridinylamino)sulfonyl phen	C13H13N3O3S	CC(=O)Nc1ccc(cc1)[S](=O)(=O)Nc2ccccn2	291332	-3716	-1383	1982	-866	2075	2460	1812	3352	459	4006	1754	3712
A-1288	1-bromopropane	C3H7Br	CCCBr	122993	-1711	2259	-4533	-959	-5754	-7035	-5816	-3465	-2652	-4097	-4610	-5697
C-2447	2-sulfamoyl-5-benzylsulfonylamido-1,3,4-thiadiazole; 5-benzylsulfonylamino-1,3,4	C9H10N4O4S3	N[S](=O)(=O)C1=NN=C(N[S](=O)(=O)CC2=CC=CC=C2)S1	334404	-2700	462	3648	-4109	1800	2460	7534	3352	1496	4006	1754	8402
B-3840	trichlorofluoromethane	CCl3F	FC(Cl)(Cl)Cl	137368	-2096	1558	-3977	-27	-6161	-6442	-5816	-3465	-3689	-4097	-4610	-5697
H-463	Tetrachloroethylene	C2Cl4	ClC(Cl)=C(Cl)Cl	165834	-2740	390	-2875	1458	-4792	-5848	-5816	-3465	-3689	-4097	-4610	-5697
A-1193	2-methyl-4-(2,2,3-trimethylcyclopent-3-en-1-yl)butan-1-ol	C13H24O	CC(CO)CCC1CC=C(C)C1(C)C	196334	-3843	-1613	-1695	2062	-145	-1101	-3909	-57	459	-4097	-1428	-3538
B-191	1,1,1-trifluoro-2-chloroethane	C2H2ClF3	FC(F)(F)CCl	118485	-1110	3350	-4708	-967	-6861	-5848	-5816	-3465	-3689	-4097	-4610	-5697
A-1407	ditolyl ether	C14H14O	Cc1ccccc1Oc2ccccc2C	198265	-4844	-3432	-1620	3403	52	-507	-3909	-3465	-1615	4006	1754	-4712
A-3543	1-(6-methyl-2-oxohexahydropyrimidin-4-yl)urea	C6H12N4O2	CC1CC(NC(N)=O)NC(=O)N1	172188	-1531	2585	-2630	-6107	-3003	-2288	-2002	10169	-2652	-4097	-1428	4575
A-4714	4-methyl-2-(2-methylprop-1-en-1-yl)oxane	C10H18O	CC1CCOC(C1)C=C(C)C	154253	-2224	1326	-3324	889	-2198	-2881	-3909	-3465	-2652	-4097	-1428	-4712
A-1503	tetramethylsilane	C4H12Si	C[Si](C)(C)C	88226	-3653	-1269	-5879	-651	-4978	-6442	-5816	-3465	-3689	-4097	-4610	-5697
A-1268	1-chloro-4-nitrobenzene	C6H4ClNO2	[O-][N+](=O)c1ccc(Cl)cc1	157556	-2812	259	-3196	-94	-3631	-3475	-2002	-3465	-2652	-46	-1428	-1093
F-547	N-(9H-Fluoren-2-yl)acetamide	C15H13NO	CC(=O)NC1=CC2=C(C=C1)C1=C(C=CC=C1)C2	223275	-4240	-2335	-652	1738	1045	680	-3909	-57	-2652	4006	4937	-2591
B-2758	2(1h)-pyrimidinone, 4-amino-5-ethyl-	C6H9N3O	CCC1=CNC(=O)N=C1N	139158	-1020	3514	-3908	-4512	-3549	-3475	-95	3352	-2652	-46	-1428	1962
A-3992	1,3-dioxepane	C5H10O2	C1CCOCOC1	102133	411	6112	-5341	-2891	-5463	-5255	-2002	-3465	-3689	-4097	-1428	-3727
B-65	sucrose	C12H22O11	OC[C@H]1O[C@H](O[C@]2(CO)O[C@H](CO)[C@@H](O)[C@@H]2O)[C@H](O)[C@@H](O)[C@@H]1O	342297	788	6797	3954	-14565	993	4240	15162	23803	1496	-4097	1754	14530
G-1066	Sucrose	C12H22O11	OCC2OC(OC1(CO)OC(CO)C(O)C1O)C(O)C(O)C2O 	342297	790	6801	3954	-14565	993	4240	15162	23803	1496	-4097	1754	14530
A-2674	2,5-bis(1,1-dimethylpropyl)benzene-1,4-diol	C16H26O2	CCC(C)(C)c1cc(O)c(cc1O)C(C)(C)CC	250382	-6496	-6431	397	4117	2168	1273	-2002	3352	459	-46	-1428	-1379
B-881	pyrimidine	C4H4N2	c1cncnc1	80090	1096	7357	-6194	-3448	-6065	-5848	-2002	-3465	-3689	-46	-1428	-2946
A-3883	2H,4H,4aH,5H,9bH-indeno[1,2-d][1,3]dioxine	C11H12O2	C1OCC2Cc3ccccc3C2O1	176215	-1656	2358	-2474	-745	-2090	-1694	-2002	-3465	-3689	-46	4937	-3727
B-4321	methyl benzenesulfonate	C7H8O3S	CO[S](=O)(=O)c1ccccc1	172205	-1742	2202	-2629	-2416	-3248	-2881	-95	-3465	-1615	-46	-1428	-1068
E-51	diphenylmethane	C13H12	c1ccccc1Cc2ccccc2	168239	-4170	-2208	-2782	1854	-968	-1694	-5816	-3465	-1615	4006	1754	-5697
A-3518	2,4-dimethylaniline	C8H11N	Cc1ccc(N)c(C)c1	121183	-1335	2941	-4603	-781	-3294	-4068	-3909	-57	-3689	-46	-1428	-2920
C-1846	pteridine-2-thione	C6H4N4S	S=C1NC2=C(C=N1)N=CC=N2	164193	-2680	499	-2939	-2301	-2963	-2881	1812	-57	-3689	4006	1754	115
A-693	3,3,5-trimethylcyclohexyl 2-methylprop-2-enoate	C13H22O2	CC1CC(CC(C)(C)C1)OC(=O)C(C)=C	210317	-4599	-2986	-1154	1936	-90	-507	-2002	-3465	-1615	-4097	-1428	-2890
B-1976	2,4,6-cycloheptatrien-1-one, 5-bromo-2-hydroxy-	C7H5BrO2	OC1=CC=C(Br)C=CC1=O	201019	-3563	-1105	-1514	-1483	-3030	-3475	-2002	-57	-3689	-46	-1428	-1716
C-1900	3,4,5-trichlorophenoxyacetic acid	C8H5Cl3O3	OC(=O)COC1=CC(=C(Cl)C(=C1)Cl)Cl	255484	-2940	26	594	1537	-1133	-1101	-2002	-57	-578	-46	-1428	-731
F-338	phenylmethyl N-[2-[(2-amino-2-oxoethyl)amino]-2-oxoethyl]carbamate	C12H15N3O4	NC(=O)CNC(=O)CNC(=O)OCC1=CC=CC=C1	265269	-2350	1098	973	-5270	719	1866	1812	6760	2533	-46	-1428	6098
B-1492	hexaethyl tetraphosphate	C12H30O13P4	CCO[P](=O)(OCC)O[P](=O)(OCC)O[P](=O)(OCC)O[P](=O)(OCC)OCC	506255	296	5903	10299	6417	6261	7801	18976	-3465	14978	-4097	-4610	10455
A-665	2,2-bis[(prop-2-enoyloxy)methyl]butyl prop-2-enoate	C15H20O6	CCC(COC(=O)C=C)(COC(=O)C=C)COC(=O)C=C	296319	-2773	330	2175	-1378	2136	3053	5626	-3465	6681	-4097	-4610	2723
B-3488	2-butenamide, n-(4-hydroxyphenyl)-	C10H11NO2	CC=CC(=O)Nc1ccc(O)cc1	177203	-2646	560	-2435	-741	-1595	-1694	-2002	3352	-1615	-46	-1428	-432
B-3102	dl-alanine, n-ethyl-	C5H11NO2	CCNC(C)C(O)=O	117148	652	6550	-4760	-4220	-4741	-4661	-2002	3352	-578	-4097	-4610	-432
B-2723	benzamide, n-[2-(1h-imidazol-4-yl)ethyl]-	C12H13N3O	O=C(NCCc1c[nH]cn1)c2ccccc2	215256	-634	4214	-963	-1734	-154	86	-2002	3352	459	4006	1754	469
C-2238	sulfatroxazole;  4,5-dimethyl-3-sulfaisoxazole	C11H13N3O3S	CC1=C(C)C(=NO1)N[S](=O)(=O)C2=CC=C(N)C=C2	267310	-2190	1388	1052	-1181	841	1273	3719	3352	-578	4006	1754	4785
A-5072	2,4a,5,8a-tetramethyl-1,2,3,4,4a,7,8,8a-octahydronaphthalen-1-yl formate	C15H24O2	CC1CCC2(C)C(=CCCC2(C)C1OC=O)C	236355	-5031	-3772	-146	2674	977	680	-2002	-3465	-1615	-4097	1754	-2890
B-2677	phosphoric acid, bis(methylphenyl) phenyl ester	C20H19O4P	Cc1ccc(O[P](=O)(Oc2ccccc2)Oc3ccccc3C)cc1	354342	-6373	-6209	4420	6910	5482	5427	1812	-3465	2533	8058	4937	-920
A-1756	bis-O-(benzylidene)-D-glucitol	C20H20O6	O[C@]12COC(O[C@@H]1[C@H]3OC(OC[C@H]3O2)c4ccccc4)c5ccccc5	356374	-4438	-2694	4499	8	4202	6021	5626	-57	-1615	4006	11302	1387
C-621	isopropyl  2-(4-chlorophenylsulfonyl)acetate; 2-(4-chlorophenylsulfonyl)acetic a	C11H13ClO4S	CC(C)OC(=O)C[S](=O)(=O)C1=CC=C(Cl)C=C1	276741	-2410	989	1417	-441	401	680	1812	-3465	459	-46	-1428	753
B-2865	acetamide, 2-cyano-n-methyl-n- (methylamino)carb	C6H9N3O2	CNC(=O)N(C)C(=O)CC#N	155157	171	5676	-3289	-4922	-3729	-2881	-95	-57	-2652	-4097	-4610	2115
B-1719	benzenemethanol, 2,4-dichloro-	C7H6Cl2O	OCc1ccc(Cl)cc1Cl	177030	-2248	1283	-2442	355	-2983	-3475	-3909	-57	-2652	-46	-1428	-3538
A-5107	{4-[(4-methylphenyl)sulfanyl]phenyl}(phenyl)methanone	C20H16OS	Cc1ccc(Sc2ccc(cc2)C(=O)c3ccccc3)cc1	304414	-7615	-8465	2488	5829	4472	3647	-2002	-3465	459	8058	4937	-3875
B-2522	1-pentene, 5-isothiocyanato-	C6H9NS	C=CCCCN=C=S	127212	-2900	98	-4370	-459	-3446	-4661	-2002	-3465	459	-4097	-4610	-4378
B-2606	2h-1,4-benzoxazin-3(4h)-one, 4-methyl-	C9H9NO2	CN1C(=O)COc2ccccc12	163176	-2144	1471	-2978	-2378	-2534	-2288	-2002	-3465	-3689	-46	1754	-2544
B-1324	propanedioic acid, oxo-, diethyl ester	C7H10O5	CCOC(=O)C(=O)C(=O)OCC	174152	512	6295	-2554	-4953	-3606	-2288	3719	-3465	459	-4097	-4610	1738
B-4577	17-alpha-hydroxyprogesterone	C21H30O3	CC(=O)[C@@]1(O)CC[C@H]2[C@@H]3CCC4=CC(=O)CC[C@]4(C)[C@H]3CC[C@]12C	330468	-4708	-3184	3496	2916	4581	4834	-95	-57	-2652	-4097	8119	106
E-411	17-a-hydroxyprogesterone	C21H30O3	CC(=O)C3(O)CCC4C2CCC1=CC(=O)CCC1(C)C2CCC34C	330468	-4710	-3188	3496	2916	4581	4834	-95	-57	-2652	-4097	8119	106
F-416	Methyl 4-dimethylaminobenzoate	C10H13NO2	COC(=O)C1=CC=C(N(C)C)C=C1	179219	-3050	-173	-2357	-1437	-1511	-1694	-95	-3465	-1615	-46	-1428	-2544
B-3385	phthalic acid, 4-nitro-, 2-methyl ester	C9H7NO6	COC(=O)c1cc(ccc1C([O-])=O)[N+]([O-])=O	224148	-1721	2240	-619	-4833	-2017	86	5626	-3465	-578	-46	-1428	5996
B-1933	phosphonic acid, (1-hydroxyethylidene)bis-	C2H8O7P2	CC(O)([P](O)(O)=O)[P](O)(O)=O	206027	525	6319	-1320	-6229	-4145	-2881	-95	13578	-1615	-4097	-4610	8741
F-761	Benzyl phenyl(sulfooxy)acetate	C15H14O6S	O=C(OCC1=CC=CC=C1)C(OS(=O)(=O)O)C1=CC=CC=C1	322338	-1500	2642	3182	-14	2418	3647	3719	-57	2533	4006	1754	3897
B-1998	[1,2,5]selenadiazolo[3,4-d]pyrimidine-5,7(4h,6h)	C6H6N4O2Se	CN1C(=O)N(C)c2n[se]nc2C1=O	245100	-2299	1190	192	-7977	-2290	-1694	5626	-3465	-3689	4006	1754	1750
B-1151	n-hexadecane	C16H34	CCCCCCCCCCCCCCCC	226448	-8401	-9891	-530	7931	2105	86	-5816	-3465	9793	-4097	-4610	-5697
F-26	3-methyl-1-benzothiophene 1,1-dioxide	C9H8O2S	CC1=CS(=O)(=O)C2=C1C=CC=C2	180228	-2670	517	-2318	-877	-2242	-2288	-2002	-3465	-3689	-46	1754	-2053
A-6050	2,3-dihydroxypropyl tetradecanoate	C17H34O4	CCCCCCCCCCCCCC(=O)OCC(O)CO	302455	-7398	-8070	2412	2434	3489	3053	1812	3352	11867	-4097	-4610	1428
A-4466	cyclohex-3-ene-1-carbaldehyde	C7H10O	O=CC1CCC=CC1	110156	-978	3590	-5030	-1432	-4473	-4661	-3909	-3465	-2652	-4097	-1428	-3875
C-2321	3-[2-(n-methylguanidino)-acetylamino]-n-(5-sulfamoyl-[1,3,4]thiadiazol-2-yl)prop	C9H16N8O4S2	CN(CC(=O)NCCC(=O)NC1=NN=C(S1)[S](N)(=O)=O)C(N)=N	364413	-1130	3314	4810	-9167	3028	4240	9441	13578	3570	-46	-1428	15354
F-887	2-[(~{Z})-(2-hydroxynaphthalen-1-yl)methylideneamino]guanidine	C12H12N4O	N=C(N)NN=CC1=C2C=CC=CC2=CC=C1O	228255	-2460	898	-460	-1771	934	680	-95	10169	-1615	4006	1754	4387
B-487	s-butylacetate	C6H12O2	CCC(C)OC(C)=O	116160	-1273	3054	-4798	-1799	-4628	-4661	-2002	-3465	-1615	-4097	-4610	-2890
E-1064	2,2',5-PCB	C12H7Cl3	c1cccc(Cl)c1c2c(Cl)ccc(Cl)c2	257547	-6020	-5567	674	5709	730	-507	-5816	-3465	-2652	4006	1754	-5697
B-2953	1,1'-biphenyl, 2,2',3,4,4',5,5',6-octachloro-	C12H2Cl8	Clc1cc(Cl)c(cc1Cl)c2c(Cl)c(Cl)c(Cl)c(Cl)c2Cl	429772	-9500	-11888	7339	11894	4523	2460	-5816	-3465	-2652	4006	1754	-5697
B-1766	propanoic acid, 4-nitrophenyl ester	C9H9NO4	CCC(=O)Oc1ccc(cc1)[N+]([O-])=O	195174	-3892	-1704	-1740	-734	-1978	-1101	1812	-3465	-578	-46	-1428	1714
A-930	4-(2-methylbutan-2-yl)cyclohexan-1-one	C11H20O	CCC(C)(C)C1CCC(=O)CC1	168280	-2657	541	-2781	1673	-1673	-2288	-3909	-3465	-1615	-4097	-1428	-3875
A-3084	2-methylprop-2-enoyl 2-methylprop-2-enoate	C8H10O3	CC(=C)C(=O)OC(=O)C(C)=C	154165	-197	5009	-3327	-2063	-3234	-2881	-95	-3465	-1615	-4097	-4610	-1068
A-388	2-chloro-6-(trichloromethyl)pyridine	C6H3Cl4N	Clc1cccc(n1)C(Cl)(Cl)Cl	230909	-3506	-1002	-357	2392	-2059	-2881	-3909	-3465	-3689	-46	-1428	-4321
A-709	2-methyl-6-methylideneoct-7-en-2-yl acetate	C12H20O2	CC(=O)OC(C)(C)CCCC(=C)C=C	196290	-3597	-1168	-1697	1784	-462	-1101	-2002	-3465	2533	-4097	-4610	-2890
E-1205	L-Asparagine	C4H8N2O3	O=C(O)C(N)CC(=O)N	132119	-740	4022	-4180	-7618	-4946	-4068	-95	6760	-578	-4097	-4610	5659
B-3197	aclonifen	C12H9ClN2O3	Nc1c(Cl)c(Oc2ccccc2)ccc1[N+]([O-])=O	264668	-5025	-3760	950	2508	1052	1273	1812	-57	-578	4006	1754	2669
I-66	phenobarbital	C12H12N2O3	C1(NC(C(c2ccccc2)(C(=O)N1)CC)=O)=O	232239	-2290	1207	-305	-3024	-302	680	-95	3352	-1615	-46	1754	2336
C-1676	methyl  2,6-dimethyl-2-(1-cyclohexen-1-yl)malonurate	C13H20N2O4	CNC(=O)NC(=O)C(C)(C(=O)OC)C1=CCCCC1	268313	-2680	499	1091	-2227	1088	1866	1812	3352	-578	-4097	-1428	3321
A-2350	4,6-dichloro-5-nitro-2-(propylsulfanyl)pyrimidine	C7H7Cl2N3O2S	CCCSc1nc(Cl)c(c(Cl)n1)[N+]([O-])=O	268125	-4387	-2602	1083	1695	-358	-507	3719	-3465	459	-46	-1428	1658
A-519	3-{6,6-dimethylbicyclo[3.1.1]hept-2-en-2-yl}propanal	C12H18O	CC1(C)C2CC=C(CCC=O)C1C2	178275	-3466	-929	-2394	1249	-1319	-1694	-3909	-3465	-578	-4097	4937	-3875
A-3306	3-(dodecyldimethylazaniumyl)-2-hydroxypropane-1-sulfonate	C17H37NO4S	CCCCCCCCCCCC[N+](C)(C)CC(O)C[S]([O-])(=O)=O	351553	287	5886	4312	1120	4871	4240	1812	-57	11867	-4097	-4610	2566
C-244	methyl  4-methoxybenzoate	C9H10O3	COC(=O)C1=CC=C(OC)C=C1	166176	-2340	1116	-2862	-1545	-2688	-2288	-95	-3465	-1615	-46	-1428	-1905
C-2463	midazolam	C18H13ClFN3	CC1=NC=C2CN=C(C3=C(F)C=CC=C3)C4=C(C=CC(=C4)Cl)[N]12	325774	-4130	-2135	3314	3836	4083	4240	-95	-3465	-2652	8058	8119	-2476
G-26	1,2-Dichlorotetrafluoroethane	C2Cl2F4	FC(F)(Cl)C(F)(F)Cl	170920	-2740	390	-2679	665	-6130	-4661	-5816	-3465	-2652	-4097	-4610	-5697
F-1165	Eburnamenine-14-carboxylic acid, ethyl ester, (3alpha,16alpha)-	C22H26N2O2	CCOC(=O)C1=CC2(CC)CCCN3CCC4=C(C32)N1C1=C4C=CC=C1	350462	-4840	-3424	4270	3503	6168	6021	1812	-3465	-578	4006	11302	-2018
B-4447	creatinine	C4H7N3O	CN1CC(=O)N=C1N	113120	-150	5094	-4916	-6673	-4970	-4661	-95	-57	-3689	-4097	-1428	567
A-1884	1-(2-furyl)methanamine	C5H7NO	NCc1occc1	97117	1013	7205	-5535	-2953	-5373	-5255	-2002	-57	-2652	-46	-1428	-1518
B-3321	glutamic acid, n-(2-cyanoethyl)-	C8H12N2O4	OC(=O)CC[C@H](NCCC#N)C(O)=O	200194	-1302	3002	-1546	-4714	-2356	-1101	1812	6760	3570	-4097	-4610	6087
A-2363	2-azabicyclo[2.2.1]hept-5-en-3-one	C6H7NO	O=C1NC2CC1C=C2	109128	936	7066	-5070	-4235	-4983	-4661	-3909	-57	-3689	-4097	1754	-2591
B-1525	methoproptryne	C11H21N5OS	COCCCNc1nc(NC(C)C)nc(SC)n1	271390	-2928	47	1210	-825	2008	1273	7534	3352	4607	-46	-1428	1983
B-3461	transfluthrin	C15H12Cl2F4O2	CC1(C)[C@H](C=C(Cl)Cl)[C@H]1C(=O)OCc2c(F)c(F)cc(F)c2F	371157	-6814	-7009	5071	4883	2201	4240	-2002	-3465	459	-46	1754	-2890
C-1322	transfluthrin	C15H12Cl2F4O2	CC1(C)C(C=C(Cl)Cl)C1C(=O)OCC2=C(F)C(=CC(=C2F)F)F	371157	-6810	-7002	5071	4883	2201	4240	-2002	-3465	459	-46	1754	-2890
A-1879	6-ethoxy-2,2,4-trimethyl-1,2-dihydroquinoline	C14H19NO	CCOc1ccc2NC(C)(C)C=C(C)c2c1	217312	-3333	-687	-883	2640	1041	86	-2002	-57	-1615	-46	1754	-3428
B-4225	molinate	C9H17NOS	CCSC(=O)N1CCCCCC1	187308	-2286	1214	-2044	828	-1290	-2288	-2002	-3465	-2652	-4097	-1428	-3529
B-1977	1,2,5,6,9,10-hexabromocyclododecane	C12H18Br6	BrC1CCC(Br)C(Br)CCC(Br)C(Br)CCC1Br	641700	-7873	-8932	15541	8753	6345	1273	-5816	-3465	-3689	-4097	-1428	-5697
G-524	Coumachlor	C19H15ClO4	CC(=O)CC(c1ccc(Cl)cc1)c2c(O)c3ccccc3oc2=O	342778	-5839	-5239	3973	3720	4642	4834	1812	-57	459	8058	4937	1508
A-2551	2-dodecylhexadecan-1-ol	C28H58O	CCCCCCCCCCCCCCC(CO)CCCCCCCCCCCC	410771	-5614	-4829	6604	14575	10697	7801	-3909	-57	22237	-4097	-4610	-3538
A-3296	diethyl sulfate	C4H10O4S	CCO[S](=O)(=O)OCC	154187	-1343	2927	-3326	-3775	-4529	-4068	1812	-3465	459	-4097	-4610	-83
C-2572	n-phosphorylated cimicoxib;  n-[4-(4-chloro-5-(3-fluoro-4-methoxyphenyl)imidazol	C16H14ClFN3O6PS	COC1=C(F)C=C(C=C1)C2=C(Cl)N=C[N]2C3=CC=C(C=C3)[S](=O)(=O)N[P](O)(O)=O	461795	-2550	735	8579	782	6178	7801	5626	6760	2533	8058	4937	8257
A-2151	N-(1,3-benzothiazol-2-ylsulfanyl)cyclohexanamine	C13H16N2S2	C1CCC(CC1)NSc2sc3ccccc3n2	264419	-5917	-5381	940	3649	2029	680	1812	-57	-578	4006	4937	-3037
A-2308	2,2-dimethyl-1,3-dihydroperimidine	C13H14N2	CC1(C)Nc2cccc3cccc(N1)c23	198269	-2930	45	-1620	2111	483	-507	-2002	3352	-3689	4006	4937	-3129
D-1451	1,3-dichloro-2-propanol	C3H6Cl2O	OC(CCl)CCl	128986	-115	5157	-4301	-2789	-5245	-5848	-3909	-57	-1615	-4097	-4610	-3538
D-1581	narceine	C23H27NO8	COc1ccc(C(=O)Cc2c(CCN(C)C)cc3OCOc3c2OC)c(C(O)=O)c1OC	445468	-2535	762	7947	702	8150	9581	9441	-57	6681	4006	4937	5376
F-53	5,5-dimethyl-2-phenyl-3H-imidazol-4-one	C11H12N2O	CC1(C)N=C(C2=CC=CC=C2)NC1=O	188230	-850	3822	-2009	-1811	-1042	-1101	-2002	-57	-2652	-46	1754	-1272
B-99	dieldrin	C12H8Cl6O	ClC1=C(Cl)C2(Cl)C3C4CC(C5OC45)C3C1(Cl)C2(Cl)Cl	380913	-6291	-6059	5448	4133	2345	1866	-3909	-3465	-3689	-4097	11302	-4360
B-1622	cycloate	C11H21NOS	CCSC(=O)N(CC)C1CCCCC1	215362	-3404	-816	-959	2302	105	-1101	-2002	-3465	-578	-4097	-1428	-3529
A-4998	[2-methyl-2-(2-methylpropyl)-1,3-dioxolan-4-yl]methanol	C9H18O3	CC(C)CC1(C)OCC(CO)O1	174240	-706	4084	-2550	-2161	-2470	-2288	-95	-57	-578	-4097	-1428	-1568
C-2212	1-[3-(aziridin-1-yl)-4,6-dinitrobenzoyl]piperidine	C14H16N4O5	[O-][N+](=O)C1=C(C=C(C(=O)N2CCCCC2)C(=C1)[N+]([O-])=O)N3CC3	320305	-3170	-391	3103	-661	2973	4240	5626	-3465	459	-46	4937	6000
A-2359	ethyl 3,5-dichloro-4-{[(hexadecyloxy)carbonyl]oxy}benzoate	C26H40Cl2O5	CCCCCCCCCCCCCCCCOC(=O)Oc1c(Cl)cc(cc1Cl)C(=O)OCC	503507	-7134	-7590	10193	13003	10996	10175	3719	-3465	14978	-46	-1428	902
B-2579	2-butanol, 3,3-dimethyl-, (.+-.)-	C6H14O	CC(O)C(C)(C)C	102177	-624	4233	-5339	-1675	-4686	-5255	-3909	-57	-3689	-4097	-4610	-3538
A-659	pyridine-3-carboxamide	C6H6N2O	NC(=O)c1cccnc1	122127	612	6478	-4567	-4009	-4441	-4068	-2002	-57	-2652	-46	-1428	277
F-1185	N-(2-hydroxyoxolan-3-yl)-4-methyl-2-(phenylcarbamothioylamino)pentanamide	C17H25N3O3S	CC(C)CC(NC(=S)NC1=CC=CC=C1)C(=O)NC1CCOC1O	351472	-2370	1062	4309	-1300	5369	4834	1812	10169	2533	-46	1754	3120
A-5266	O,O-bis(2-methylphenyl) hydrogen dithiophosphate	C14H15O2PS2	Cc1ccccc1O[P](S)(=S)Oc2ccccc2C	310380	-1061	3440	2719	4955	3755	1866	-95	-57	459	4006	1754	-3727
B-4614	desethylatrazine	C6H10ClN5	CC(C)Nc1nc(N)nc(Cl)n1	187634	-2706	451	-2032	-2595	-2132	-2288	3719	3352	-1615	-46	-1428	2491
A-4642	ethyl [(4-methylphenyl)sulfonyl]carbamate	C10H13NO4S	CCOC(=O)N[S](=O)(=O)c1ccc(C)cc1	243284	-2243	1292	122	-1644	-540	86	1812	-57	-578	-46	-1428	2037
C-415	4-chloro-3-nitrobenzoic  acid	C7H4ClNO4	OC(=O)C1=CC=C(Cl)C(=C1)[N+]([O-])=O	201565	-2760	353	-1493	-666	-2577	-1694	-95	-57	-1615	-46	-1428	2888
B-1015	ethanone, 1-(4-hydroxy-3-methoxyphenyl)-	C9H10O3	COc1cc(ccc1O)C(C)=O	166176	-1522	2602	-2862	-1315	-2638	-2288	-95	-57	-1615	-46	-1428	-731
F-614	4-(3,6-dihydroxy-10,13-dimethyl-2,3,4,5,6,7,8,9,11,12,14,15,16,17-tetradecahydro	C24H40O4	CC(CCC(=O)O)C1CCC2C3CC(O)C4CC(O)CCC4(C)C3CCC12C	392580	-4820	-3388	5900	4127	7050	7207	-95	6760	459	-4097	8119	2602
F-1109	5-(2-chlorophenyl)-7-nitro-1,3-dihydro-1,4-benzodiazepin-2-one	C15H10ClN3O3	C1C(=O)NC2=C(C=C(C=C2)[N+](=O)[O-])C(=N1)C3=CC=CC=C3Cl	315716	-4410	-2643	2925	1400	3270	3647	1812	-57	-1615	4006	4937	3332
A-5625	C.i. Pigment Orange 43	C26H12N4O2	O=C1n2c3ccccc3nc2c4ccc5C(=O)n6c7ccccc7nc6c8ccc1c4c58	412408	-7758	-8724	6667	3873	9736	9581	5626	-3465	-3689	28318	20849	1639
B-125	o-phenanthroline	C12H8N2	c1cnc2c(c1)ccc3cccnc23	180210	-1826	2050	-2319	918	-763	-1101	-2002	-3465	-3689	8058	4937	-2946
B-538	acetamide, 2-cyano-	C3H4N2O	NC(=O)CC#N	84078	189	5710	-6039	-5514	-6459	-5848	-2002	-57	-2652	-4097	-4610	1441
A-1506	3,5,5-trimethylhexyl acetate	C11H22O2	CC(CCOC(C)=O)CC(C)(C)C	186295	-3989	-1879	-2084	1351	-1151	-1694	-2002	-3465	459	-4097	-4610	-2890
B-886	demeton-o	C8H19O3PS2	CCO[P](=S)(OCC)OCCSCC	258345	-3634	-1234	705	1430	667	-1101	3719	-3465	5644	-4097	-4610	-2742
B-2599	prynachlor	C12H12ClNO	CC(C#C)N(C(=O)CCl)c1ccccc1	221687	-2647	559	-714	-34	130	-507	-3909	-3465	-578	-46	-1428	-3529
B-1651	carmine	C22H20O13	Cc1c(C(O)=O)c(O)cc2C(=O)c3c(O)c(O)c(C4OC(CO)C(O)C(O)C4O)c(O)c3C(=O)c12	492389	-2578	683	9763	-6611	7380	11362	17069	27212	-578	4006	8119	20184
A-2690	1,3-bis[(2-ethylhexanoyl)oxy]propan-2-yl 2-ethylhexanoate	C27H50O6	CCCCC(CC)C(=O)OCC(COC(=O)C(CC)CCCC)OC(=O)C(CC)CCCC	470691	-6974	-7300	8923	8208	10543	10175	5626	-3465	17052	-4097	-4610	2723
C-1114	isopropyl  2,2-diethylmalonurate	C11H20N2O4	CCC(CC)(C(=O)NC(N)=O)C(=O)OC(C)C	244291	-2770	335	161	-2572	-18	680	1812	3352	1496	-4097	-4610	4814
A-6091	3-{2-[(3Z)-5-cyano-1,4-dimethyl-2,6-dioxo-1,2,3,6-tetrahydropyridin-3-ylidene]hy	C20H16N4O5S	CN1C(=O)C(=N/Nc2cccc(O[S](=O)(=O)c3ccccc3)c2)\C(=C(C#N)C1=O)C	424438	-8783	-10585	7133	-449	6929	8394	9441	-57	1496	4006	4937	8063
A-4519	2-sulfanylethan-1-ol	C2H6OS	OCCS	78136	1107	7377	-6269	-4524	-6230	-7035	-2002	3352	-2652	-4097	-4610	-3538
A-27	oxiran-2-ylmethyl 2,2-dimethyloctanoate	C13H24O3	CCC(C)(CCC(C)C)C(=O)OCC1CO1	228332	-3513	-1015	-457	914	164	86	-95	-3465	3570	-4097	-1428	-1553
C-1388	2,5-bis(acetoxymethyl)allopurinol	C11H12N4O5	CC(=O)OC[N]1C=C2C(=O)N(COC(C)=O)C=NC2=N1	280240	-1990	1752	1552	-5043	490	2460	11348	-3465	459	4006	1754	5542
A-811	(2E,6E)-3,7-dimethylnona-2,6-dienenitrile	C11H17N	CC/C(C)=C/CC/C(C)=C/C#N	163264	-3590	-1154	-2975	2451	-1428	-2288	-3909	-3465	459	-4097	-4610	-3158
B-1913	chipcote	CN.CH3.Hg	C[Hg]C#N	241643	-82	5217	58	-3218	-7663	-7035	-3909	-3465	-3689	-4097	-4610	-3158
B-4558	1,1-diethoxyethane	C6H14O2	CCOC(C)OCC	118176	-429	4587	-4720	-1690	-4447	-4661	-2002	-3465	459	-4097	-4610	-3727
C-2153	3,3',4,4'-tetrachlorodiphenyl  ether	C12H6Cl4O	ClC1=C(Cl)C=C(OC2=CC=C(Cl)C(=C2)Cl)C=C1	307991	-6980	-7311	2626	7183	1652	680	-3909	-3465	-1615	4006	1754	-4712
C-9	glycine	C2H5NO2	NCC(O)=O	75067	920	7037	-6388	-6187	-6873	-6442	-2002	3352	-2652	-4097	-4610	1061
B-2871	tris(1,3-dichloropropyl) phosphate	C9H15Cl6O4P	ClCCC(Cl)O[P](=O)(OC(Cl)CCCl)OC(Cl)CCCl	430907	-3634	-1235	7383	6489	3590	2460	1812	-3465	8756	-4097	-4610	-920
G-1020	Quinonamid	C13H8Cl3NO3	ClC(Cl)CC(=O)NC2=C(Cl)C(=O)c1ccccc1C2=O	332570	-5030	-3769	3578	999	2143	2460	-95	-57	-578	-46	1754	1052
B-2782	dimefuron	C15H19ClN4O3	CN(C)C(=O)Nc1ccc(N2N=C(OC2=O)C(C)(C)C)c(Cl)c1	338795	-4326	-2491	3818	1083	4002	4240	3719	-57	-1615	4006	1754	2880
B-4054	tetrahydropyran	C5H10O	C1CCOCC1	86134	-31	5310	-5960	-2104	-5665	-5848	-3909	-3465	-3689	-4097	-1428	-4712
C-1583	cantharidin	C10H12O4	CC12C3CCC(O3)C1(C)C(=O)OC2=O	196202	-3820	-1572	-1700	-3132	-2555	-1101	1812	-3465	-3689	-4097	4937	-83
B-48	cantharidin	C10H12O4	C[C@@]12[C@H]3CC[C@H](O3)[C@]1(C)C(=O)OC2=O	196202	-3816	-1564	-1700	-3132	-2555	-1101	1812	-3465	-3689	-4097	4937	-83
A-2118	(5E)-5-[(4-chlorophenyl)methylidene]-2,2-dimethylcyclopentan-1-one	C14H15ClO	CC1(C)CC\C(=C/c2ccc(Cl)cc2)C1=O	234726	-5672	-4935	-209	3435	812	86	-3909	-3465	-2652	-46	1754	-3875
B-781	3,5-diiodosalicylic acid	C7H4I2O3	OC(=O)c1cc(I)cc(I)c1O	389914	-3307	-640	5797	3	-240	-2288	-2002	3352	-2652	-46	-1428	443
A-2733	tetradecyl octadec-9-enoate	C32H62O2	CCCCCCCCCCCCCCOC(=O)CCCCCCC\C=C/CCCCCCCC	478846	-6981	-7313	9239	16981	13537	10768	-2002	-3465	25348	-4097	-4610	-2890
C-2323	2,2',3,4',5,6-hexachlorodiphenyl  ether	C12H4Cl6O	ClC1=CC(=C(OC2=C(Cl)C(=CC(=C2Cl)Cl)Cl)C=C1)Cl	376881	-8420	-9926	5292	9657	3169	1866	-3909	-3465	-1615	4006	1754	-4712
B-670	ethoate methyl	C6H14NO3PS2	CCNC(=O)CS[P](=S)(OC)OC	243290	-1457	2720	122	-1751	-400	-1694	3719	-57	2533	-4097	-4610	-621
B-1899	benz(a)anthracene-7-methyl	C19H14	Cc1c2ccccc2cc3c4ccccc4ccc13	242321	-7343	-7970	85	5976	3272	1866	-5816	-3465	-3689	12110	8119	-5697
B-1122	1,2-dimethylhydrazine	C2H8N2	CNNC	60100	1221	7584	-6967	-5599	-6657	-7035	-2002	3352	-2652	-4097	-4610	-3129
B-177	bromoform	CHBr3	BrC(Br)Br	252731	-1911	1895	488	297	-4772	-7035	-5816	-3465	-3689	-4097	-4610	-5697
B-738	n-decane	C10H22	CCCCCCCCCC	142286	-6437	-6325	-3787	3500	-2090	-3475	-5816	-3465	3570	-4097	-4610	-5697
B-3434	cyclanilide	C11H9Cl2NO3	OC(=O)C1CC1C(=O)Nc2ccc(Cl)cc2Cl	274103	-3870	-1662	1315	671	339	680	-2002	3352	-578	-46	1754	1389
A-1154	pentyl formate	C6H12O2	CCCCCOC=O	116160	-1602	2456	-4798	-1796	-4625	-4661	-2002	-3465	1496	-4097	-4610	-2890
C-1179	fenobucarb	C12H17NO2	CCC(C)C1=C(OC(=O)NC)C=CC=C1	207273	-2530	771	-1272	1174	-281	-507	-2002	-57	-578	-46	-1428	-1606
B-1527	lorazepam	C15H10Cl2N2O2	OC1N=C(c2ccccc2Cl)c3cc(Cl)ccc3NC1=O	321163	-3604	-1179	3136	1521	3194	3053	-95	3352	-2652	4006	4937	887
F-339	arildone	C20H29ClO4	CCC(=O)C(CCCCCCOC1=C(Cl)C=C(OC)C=C1)C(=O)CC	368901	-5270	-4205	4984	5593	5842	5427	1812	-3465	9793	-46	-1428	-83
B-3032	1(3h)-isobenzofuranone, 3-methyl-6-nitro-	C9H7NO4	CC1OC(=O)c2cc(ccc12)[N+]([O-])=O	193158	-2616	615	-1818	-893	-2295	-1101	1812	-3465	-2652	-46	1754	1714
A-1599	5-[(5-sulfanylidene-4,5-dihydro-1,3,4-thiadiazol-2-yl)disulfanyl]-2,3-dihydro-1,	C4H2N4S6	S=C1NN=C(SSC2=NNC(=S)S2)S1	298490	-3252	-541	2259	2302	640	-1101	9441	3352	-578	4006	1754	425
A-4074	butyldimethylamine	C6H15N	CCCC[NH+](C)C	102201	-667	4154	-5338	-4481	-4467	-5255	-5816	-57	-578	-4097	-4610	-5223
B-2333	arsenic acid	AsH3O4	O[As](O)(O)=O	141942	619	6490	-3800	-8459	-7418	-6442	-3909	6760	-3689	-4097	-4610	2602
H-453	1,2,3,4-Tetrachlorodibenzo-p-dioxin	C12H4Cl4O2	ClC1=C(Cl)C(Cl)=C2OC3=CC=CC=C3OC2=C1Cl	321974	-8770	-10562	3167	7383	1663	1273	-2002	-3465	-3689	4006	4937	-3727
B-662	chlorendic acid	C9H4Cl6O4	OC(=O)C1C(C(O)=O)C2(Cl)C(=C(Cl)C1(Cl)C2(Cl)Cl)Cl	388845	-2046	1651	5755	1771	1590	1866	-2002	3352	-1615	-4097	1754	2264
C-1350	n-acetylacyclovir	C10H13N5O4	CC(=O)NC1=NC2=C(N=C[N]2COCCO)C(=O)N1	267245	-1920	1879	1049	-6159	515	1866	7534	6760	1496	4006	1754	7337
A-2732	octyl octanoate	C16H32O2	CCCCCCCCOC(=O)CCCCCCC	256430	-6710	-6821	631	5589	2366	1273	-2002	-3465	9793	-4097	-4610	-2890
G-1079	testosterone acetate	C21H30O3	CC(=O)OC3CCC4C2CCC1=CC(=O)CCC1(C)C2CCC34C 	330468	-5184	-4049	3496	4074	4569	4834	-95	-3465	-2652	-4097	8119	-1068
C-2174	5'-propanoylidoxuridine; 5'-propanoyl-5-iodo-2'-deoxyuridine; 5'-propanoyl-idu	C12H15IN2O6	CCC(=O)OCC1OC(CC1O)N2C=C(I)C(=O)NC2=O	410164	-2460	898	6581	-4837	2686	3053	7534	3352	459	-46	1754	6108
A-2779	N-octadecyloctadecanamide	C36H73NO	CCCCCCCCCCCCCCCCCCNC(=O)CCCCCCCCCCCCCCCCC	535986	-7729	-8672	11450	19551	16658	13142	-3909	-57	30533	-4097	-4610	-2591
A-1091	2,6-di-tert-butylphenol	C14H22O	CC(C)(C)c1cccc(c1O)C(C)(C)C	206329	-4714	-3195	-1308	3198	518	-507	-3909	-57	-3689	-46	-1428	-3538
F-166	2-[(2-aminoacetyl)amino]-4-methylpentanoic acid	C8H16N2O3	CC(C)CC(NC(=O)CN)C(=O)O	188227	-430	4585	-2009	-5182	-2121	-1694	-95	6760	1496	-4097	-4610	4166
A-2489	N-{5-[bis(prop-2-en-1-yl)amino]-2-[(E)-2-(2-chloro-4,6-dinitrophenyl)diazen-1-yl	C21H21ClN6O6	COc1cc(N=Nc2c(Cl)cc(cc2[N+]([O-])=O)[N+]([O-])=O)c(NC(C)=O)cc1N(CC=C)CC=C	488888	-4388	-2604	9627	6473	10108	10768	11348	-57	7719	4006	1754	10585
A-4517	2-methylpropan-2-ol	C4H10O	CC(C)(C)O	74123	1130	7418	-6425	-2879	-6074	-6442	-3909	-57	-3689	-4097	-4610	-3538
A-556	13-ethyl-3-methoxy-4,6,7,8,9,11,12,13,14,15,16,17-dodecahydro-1H-cyclopenta[a]ph	C20H30O2	CC[C@]12CC[C@H]3[C@@H](CCC4=C3CC=C(C4)OC)[C@@H]1CC[C@@H]2O	302458	-4703	-3175	2412	4347	3962	3647	-2002	-57	-1615	-4097	8119	-2553
B-1987	2-(p-chlorophenoxy)propionic acid	C9H9ClO3	CC(Oc1ccc(Cl)cc1)C(O)=O	200621	-2135	1488	-1529	-201	-1954	-1694	-2002	-57	-578	-46	-1428	-731
A-5211	3-sulfanylpropanoic acid	C3H6O2S	OC(=O)CCS	106146	755	6737	-5185	-3610	-5448	-5848	-2002	3352	-1615	-4097	-4610	-1716
A-1781	4-(propan-2-yl)cyclohexan-1-ol	C9H18O	CC(C)C1CCC(O)CC1	142242	-2068	1610	-3788	-198	-2920	-3475	-3909	-57	-2652	-4097	-1428	-3538
B-903	2-chlorovinyl diethyl phosphate	C6H12ClO4P	CCO[P](=O)(OCC)O\C=C\Cl	214585	-1332	2947	-989	1128	-2294	-2288	1812	-3465	2533	-4097	-4610	-920
B-3901	diethyl succinate	C8H14O4	CCOC(=O)CCC(=O)OCC	174196	-960	3622	-2552	-2660	-2966	-2288	1812	-3465	1496	-4097	-4610	-83
B-2006	di-d-fructofuranose 1,2':2,1'-dianhydride	C12H20O10	OC[C@H]1OC2(COC3(CO2)O[C@H](CO)[C@@H](O)[C@@H]3O)[C@@H](O)[C@@H]1O	324282	-6	5355	3257	-12582	488	3647	13255	16986	-1615	-4097	4937	11197
A-409	butyl acetate	C6H12O2	CCCCOC(C)=O	116160	-1220	3150	-4798	-1796	-4625	-4661	-2002	-3465	-578	-4097	-4610	-2890
C-1819	hyocholic  acid	C24H40O5	CC(CCC(O)=O)C1CCC2C3C(O)C(O)C4CC(O)CCC4(C)C3CCC12C	408579	-4350	-2534	6519	2178	7260	7801	1812	10169	459	-4097	8119	4761
A-4305	5,8,11,13,16,19-hexaoxatricosane	C17H36O6	CCCCOCCOCCOCOCCOCCOCCCC	336469	-1302	3002	3728	654	4206	4240	5626	-3465	17052	-4097	-4610	213
A-3943	but-2-yne-1,4-diol	C4H6O2	OCC#CCO	86090	1536	8156	-5962	-6292	-6077	-5848	-2002	3352	-3689	-4097	-4610	-1379
D-1627	ethene, (2,2,2-trifluoroethoxy)-	C4H5F3O	FC(F)(F)COC=C	126077	-1478	2682	-4414	-1116	-6039	-4661	-3909	-3465	-1615	-4097	-4610	-4712
B-97	acetamide	C2H5NO	CC(N)=O	59068	1581	8237	-7007	-5313	-7149	-7035	-3909	-57	-3689	-4097	-4610	-1098
C-222	5-methylsalicylic  acid	C8H8O3	CC1=CC(=C(O)C=C1)C(O)=O	152149	-2760	353	-3405	-1702	-3374	-2881	-2002	3352	-2652	-46	-1428	443
B-856	1,3-bis(2-chloroet)-1-nitrosourea	C5H9Cl2N3O2	ClCCNC(=O)N(CCCl)N=O	214052	-1728	2227	-1009	-2160	-2233	-2288	-95	-57	1496	-4097	-4610	895
A-1015	3,7-dimethyloctan-3-ol	C10H22O	CCC(C)(O)CCCC(C)C	158285	-2694	473	-3168	1279	-1890	-2881	-3909	-57	1496	-4097	-4610	-3538
B-2177	2-pyrrolidinecarboxamide, 5-oxo-n-phenyl-	C11H12N2O2	O=C1CCC(N1)C(=O)Nc2ccccc2	204229	-1328	2954	-1389	-2640	-886	-507	-2002	3352	-1615	-46	1754	514
H-438	2,2',4,4'-Tetrachlorobenzyl 5-toluene	C14H10Cl4	CC1=C(Cl)C=C(Cl)C(CC2=CC=C(Cl)C=C2Cl)=C1	320046	-7490	-8237	3093	7385	2783	1273	-5816	-3465	-1615	4006	1754	-5697
A-242	5-nitro-1,3-dihydro-2H-benzimidazol-2-one	C7H5N3O3	[O-][N+](=O)c1ccc2NC(=O)Nc2c1	179135	-3274	-580	-2361	-2903	-2500	-1694	-95	3352	-2652	4006	1754	4099
B-4150	3-methyl-4'-nitrodiphenyl ether	C13H11NO3	Cc1cccc(Oc2ccc(cc2)[N+]([O-])=O)c1	229235	-4661	-3100	-422	2645	343	680	-95	-3465	-578	4006	1754	-108
B-343	1-bromonaphthalene	C10H7Br	Brc1cccc2ccccc12	207070	-4347	-2529	-1280	2469	-1580	-2881	-5816	-3465	-3689	4006	1754	-5697
C-2239	proxicromil analog ii;  deshydroxyproxicromil	C17H18O4	CCCC1=C2CCCCC2=CC3=C1OC(=CC3=O)C(O)=O	286327	-1900	1915	1788	1939	2725	3053	-95	-57	-578	4006	4937	1508
B-1003	2-amino-1-phenyl-propan-1-ol	C9H13NO	C[C@H](N)[C@@H](O)c1ccccc1	151209	-879	3770	-3441	-2330	-2579	-2881	-2002	3352	-1615	-46	-1428	-761
B-2156	butanedioic acid, (diphenylmethylene)-, 1-ethyl	C19H18O4	CCOC(=O)C(CC(O)=O)=C(c1ccccc1)c2ccccc2	310349	-2191	1387	2718	2325	3892	4240	-95	-57	2533	4006	1754	1091
A-5866	2-[(E)-2-(4-chloro-2-nitrophenyl)diazen-1-yl]-3-oxo-N-(2-oxo-2,3-dihydro-1H-1,3-	C17H13ClN6O5	CC(=O)C(N=Nc1ccc(Cl)cc1[N+]([O-])=O)C(=O)Nc2ccc3NC(=O)Nc3c2	416781	-7474	-8208	6837	1514	6443	7801	7534	6760	2533	8058	4937	11664
B-1242	melibiose	C12H22O11	OCC1OC(OCC2OC(O)C(O)C(O)C2O)C(O)C(O)C1O	342297	466	6211	3954	-14568	989	4240	15162	23803	459	-4097	1754	14530
A-1360	4-methyl-2-nitroaniline	C7H8N2O2	Cc1ccc(N)c(c1)[N+]([O-])=O	152153	-1860	1988	-3405	-1538	-3004	-2881	-95	-57	-2652	-46	-1428	1684
C-1276	n-(2-benzoyloxyacetyl)-n-methylglycineamide	C12H14N2O4	CN(CC(N)=O)C(=O)COC(=O)C1=CC=CC=C1	250254	-920	3695	392	-4753	223	1273	1812	-57	1496	-46	-1428	3876
B-4342	(2,4-dimethylphenyl)phosphonic acid	C8H11O3P	Cc1ccc(c(C)c1)[P](O)(O)=O	186147	-1094	3379	-2089	-2256	-2194	-2288	-3909	3352	-2652	-46	-1428	443
B-3992	4-bromo-1-butene	C4H7Br	BrCCC=C	135004	-2247	1284	-4069	-645	-5069	-6442	-5816	-3465	-1615	-4097	-4610	-5697
B-3683	diphenylamine	C12H11N	N(c1ccccc1)c2ccccc2	169227	-3504	-998	-2744	2143	-896	-1694	-3909	-57	-1615	4006	1754	-4413
I-45	hydroflumethiazide	C8H8F3N3O4S2	S1(=O)(=O)NCNc2c1cc(S(=O)(N)=O)c(c2)C(F)(F)F	331297	-2970	-28	3528	-4324	-69	2460	3719	6760	-2652	-46	1754	6934
A-5627	1,4-bis[(2,4,6-trimethylphenyl)amino]-9,10-dihydroanthracene-9,10-dione	C32H30N2O2	Cc1cc(C)c(Nc2ccc(Nc3c(C)cc(C)cc3C)c4C(=O)c5ccccc5C(=O)c24)c(C)c1	474604	-7825	-8846	9074	10415	12951	11955	1812	3352	459	12110	11302	514
A-1233	1,3-dichloro-2-methylbenzene	C7H6Cl2	Cc1c(Cl)cccc1Cl	161031	-3792	-1521	-3061	1900	-3163	-4068	-5816	-3465	-3689	-46	-1428	-5697
B-882	cycloheptane	C7H14	C1CCCCCC1	98189	-3515	-1018	-5493	819	-4507	-5255	-5816	-3465	-3689	-4097	-1428	-5697
B-1579	3-methyl-n-oxidepyridine	C6H7NO	CC1=CC=C[NH++]([O-])[CH-]1	110136	962	7113	-5031	-4342	-4627	-4661	-3909	-3465	-3689	-4097	-1428	-2446
C-1330	o-acetylacyclovir	C10H13N5O4	CC(=O)OCCOC[N]1C=NC2=C1N=C(N)NC2=O	267245	-2700	462	1049	-5791	463	1866	9441	3352	1496	4006	1754	7656
B-2423	propionic acid, 3-propoxy-, methyl ester	C7H14O3	CCCOCCC(=O)OC	146186	-633	4216	-3636	-2503	-3686	-3475	-95	-3465	1496	-4097	-4610	-1905
B-4154	azobenzene	C12H10N2	c1ccc(cc1)N=Nc2ccccc2	182226	-4454	-2724	-2241	3415	-761	-1101	-2002	-3465	-1615	4006	1754	-3059
A-4648	N,N-dimethylnonanamide	C11H23NO	CCCCCCCCC(=O)N(C)C	185311	-2144	1472	-2122	998	-817	-1694	-3909	-3465	3570	-4097	-4610	-3529
B-1865	1,8-nonadiyne	C9H12	C#CCCCCCC#C	120195	-2983	-52	-4642	-179	-3230	-4068	-5816	-3465	459	-4097	-4610	-5697
A-1870	2-({3-[bis(carboxymethyl)amino]propyl}(carboxymethyl)amino)acetic acid	C11H18N2O8	OC(=O)CN(CCCN(CC(O)=O)CC(O)=O)CC(O)=O	306271	-1469	2698	2560	-7533	902	3053	5626	10169	8756	-4097	-4610	10917
A-1787	Glycerol, propoxylated, esters with acrylic acid	C21H32O9	C=CC(=O)OCCCOCC(COCCCOC(=O)C=C)OCCCOC(=O)C=C	428478	-2553	730	7289	-1013	7058	8394	11348	-3465	17052	-4097	-4610	5678
A-2566	O,O,O-tris(4-nitrophenyl) thiophosphate	C18H12N3O9PS	[O-][N+](=O)c1ccc(O[P](=S)(Oc2ccc(cc2)[N+]([O-])=O)Oc3ccc(cc3)[N+]([O-])=O)cc1	477347	-5679	-4948	9181	5441	8081	9581	13255	-3465	5644	8058	4937	11070
A-1579	2,3-dihydro-1,2-benzothiazol-3-one	C7H5NOS	O=C1NSc2ccccc12	151190	-1947	1829	-3442	-1341	-2974	-3475	-2002	-57	-3689	4006	1754	-2190
A-465	(2,4,6-trimethylcyclohex-3-en-1-yl)methanol	C10H18O	CC1CC(=CC(C)C1CO)C	154253	-2371	1059	-3324	-153	-2242	-2881	-3909	-57	-2652	-4097	-1428	-3538
B-3473	fenazaquin	C20H22N2O	CC(C)(C)c1ccc(CCOc2ncnc3ccccc23)cc1	306409	-6144	-5792	2565	4261	4814	4240	-95	-3465	459	8058	4937	-1961
B-1480	octachlorocyclopentene	C5Cl8	ClC1=C(Cl)C(Cl)(Cl)C(Cl)(Cl)C1(Cl)Cl	343679	-6536	-6505	4007	5514	-6	-1694	-5816	-3465	-3689	-4097	-1428	-5697
B-2083	4-pyrimidone	C4H4N2O	O=C1NC=NC=C1	96089	586	6430	-5575	-4786	-5637	-5255	-2002	-57	-3689	-46	-1428	-814
B-4370	thiocyanic acid, 1,2,3-propanetriyl ester	C6H5N3S3	N#CSCC(CSC#N)SC#N	215328	-1935	1851	-960	-568	-1355	-2288	5626	-3465	1496	-4097	-4610	1920
F-900	4-(heptyl-methylamino)diazenylbenzoic acid	C15H23N3O2	CCCCCCCN(C)N=NC1=CC=C(C(=O)O)C=C1	277368	-3390	-791	1441	3763	2607	2460	-95	-57	5644	-46	-1428	1268
B-66	1,2-propanediol	C3H8O2	CC(O)CO	76095	1119	7397	-6348	-5563	-6559	-6442	-2002	3352	-2652	-4097	-4610	-1379
A-285	ethanethiol	C2H6S	CCS	62137	-846	3830	-6889	-2578	-6444	-7629	-3909	-57	-3689	-4097	-4610	-5697
B-607	2-chloroethyl vinyl ether	C4H7ClO	ClCCOC=C	106552	-2395	1016	-5170	-1728	-5332	-5848	-3909	-3465	-578	-4097	-4610	-4712
B-1099	2-propanol, 1,3-diiodo-	C3H6I2O	OC(CI)CI	311888	-1397	2829	2777	-2046	-2772	-5848	-3909	-57	-1615	-4097	-4610	-3538
A-5696	3-hydroxy-4-[(E)-2-(2-methyl-4-nitrophenyl)diazen-1-yl]-N-(2-methylphenyl)naphth	C25H20N4O4	Cc1ccccc1NC(=O)C2=Cc3ccccc3C(=N/Nc4ccc(cc4C)[N+]([O-])=O)/C2=O	440459	-7981	-9129	7753	4419	9863	10175	5626	3352	1496	8058	8119	6437
B-2436	3-(2-methylphenoxy)pyridazine	C11H10N2O	Cc1ccccc1Oc2cccnn2	186214	-1969	1790	-2087	529	-1333	-1101	-95	-3465	-1615	4006	1754	-1961
B-2597	tonalid	C18H26O	CC1CC(C)(C)c2cc(C(C)=O)c(C)cc2C1(C)C	258405	-5315	-4288	707	4722	2866	1866	-3909	-3465	-2652	-46	1754	-3875
B-4037	butyramide	C4H9NO	CCCC(N)=O	87122	272	5860	-5922	-3836	-5751	-5848	-3909	-57	-1615	-4097	-4610	-1098
G-882	norbormide	C33H25N3O3	OC(C1=CC2C5C(C1C2=C(c3ccccc3)c4ccccn4)C(=O)NC5=O)(c6ccccc6)c7ccccn7 	511581	-3931	-1773	10505	3770	12641	13735	3719	3352	1496	12110	17666	4141
B-4552	phenyl-4-aminosalicylate	C13H11NO3	Nc1ccc(c(O)c1)C(=O)Oc2ccccc2	229235	-4515	-2835	-422	-198	278	680	1812	3352	-1615	4006	1754	2046
B-1285	1,1-dichloro-1-nitropropane	C3H5Cl2NO2	CCC(Cl)(Cl)[N+]([O-])=O	157984	-1500	2642	-3179	-934	-4597	-4661	-2002	-3465	-1615	-4097	-4610	-1093
A-2762	trans-4-ethyl-4'-(4-propylcyclohexyl)-1,1'-biphenyl	C23H30	CCCC1CCC(CC1)c2ccc(cc2)c3ccc(CC)cc3	306493	-7185	-7684	2568	8882	5871	4240	-5816	-3465	1496	4006	4937	-5697
A-3035	5-chloro-1-(piperidin-4-yl)-2,3-dihydro-1H-1,3-benzodiazol-2-one	C12H14ClN3O	Clc1ccc2N(C3CC[NH2+]CC3)C(=O)Nc2c1	252725	-2663	529	487	-2682	820	680	-2002	3352	-2652	4006	4937	109
C-1054	dicumarol;  dicoumarol	C19H12O6	OC1=C(CC2=C(O)C3=CC=CC=C3OC2=O)C(=O)OC4=C1C=CC=C4	336299	-4270	-2389	3722	1142	4394	5427	5626	3352	-1615	12110	8119	5069
B-4199	disulfoton	C8H19O2PS3	CCO[P](=S)(OCC)SCCSCC	274413	-4226	-2310	1327	2787	1652	-1101	3719	-3465	5644	-4097	-4610	-3727
B-1822	4-methyloctane	C9H20	CCCCC(C)CCC	128259	-6047	-5617	-4330	2489	-2799	-4068	-5816	-3465	1496	-4097	-4610	-5697
A-5161	1,3-dihydroxypropan-2-yl 2-sulfanylacetate 2,3-dihydroxypropyl 2-sulfanylacetate	C5H10O4S	OCC(O)COC(=O)CS	166198	779	6781	-2861	-6598	-3661	-3475	3719	6760	459	-4097	-4610	1428
G-707	gentisin	C14H14O5	c1c(O)C2C(=O)C3cc(O)ccC3OC2cc1(OC)	262261	-2943	21	856	-1411	639	1866	3719	3352	-2652	-4097	4937	2413
A-176	1,2-dibutyl benzene-1,2-dicarboxylate	C16H22O4	CCCCOC(=O)c1ccccc1C(=O)OCCCC	278348	-4388	-2603	1479	2465	2231	2460	1812	-3465	4607	-46	-1428	-83
A-4283	1,1,1,3,3,3-hexachloroacetone	C3Cl6O	ClC(Cl)(Cl)C(=O)C(Cl)(Cl)Cl	264750	-1180	3223	953	1889	-2498	-3475	-3909	-3465	-3689	-4097	-4610	-3875
F-1118	5-fluoro-1-(phenylmethyl)pyrimidine-2,4-dione	C11H9FN2O2	O=C1NC(=O)N(CC2=CC=CC=C2)C=C1F	220203	-2650	553	-771	-2980	-797	86	-95	-57	-1615	4006	1754	158
B-384	3,4-xylidine	C8H11N	Cc1ccc(N)cc1C	121183	-1504	2635	-4603	-781	-3294	-4068	-3909	-57	-3689	-46	-1428	-2920
A-2743	(E)-N,6,6-trimethyl-N-(naphthalen-1-ylmethyl)hept-2-en-4-yn-1-amine	C21H25N	CN(C\C=C\C#CC(C)(C)C)Cc1cccc2ccccc12	291438	-4465	-2743	1986	4883	5234	3647	-3909	-3465	459	4006	1754	-5351
B-226	triethyl citrate	C12H20O7	CCOC(=O)CC(O)(CC(=O)OCC)C(=O)OCC	276285	-628	4224	1399	-3996	302	1866	7534	-57	4607	-4097	-4610	4882
B-2093	1,3-propanediamine, n-phenyl-	C9H14N2	NCCCNc1ccccc1	150225	-1654	2361	-3480	-1611	-2041	-2881	-2002	3352	459	-46	-1428	-1636
B-2413	4-bromo-trans-crotonic acid	C4H5BrO2	OC(=O)\C=C\CBr	164986	-740	4021	-2908	-2415	-4772	-5255	-3909	-57	-1615	-4097	-4610	-1716
B-3591	1-methylphenanthrene	C15H12	Cc1cccc2c1ccc3ccccc23	192261	-5854	-5266	-1853	3792	622	-507	-5816	-3465	-3689	8058	4937	-5697
A-4029	2-(dimethylamino)ethyl acrylate	C7H13NO2	CN(C)CCOC(=O)C=C	143186	224	5773	-3752	-3826	-3388	-3475	-95	-3465	459	-4097	-4610	-2544
B-601	n-pentylamine	C5H13N	CCCCCN	87166	1060	7290	-5920	-2201	-5073	-5848	-3909	-57	-578	-4097	-4610	-2920
C-2270	tetcyclacis	C13H12ClN5	ClC1=CC=C(C=C1)N2N=NC3C4CC(C5N=NC45)C23	273727	-4870	-3479	1300	1550	1258	1866	3719	-3465	-2652	-46	11302	-75
C-2201	flumequine	C14H12FNO3	CC1CCC2=CC(=CC3=C2N1C=C(C(O)=O)C3=O)F	261252	-3740	-1427	817	91	919	1866	-95	-57	-2652	4006	4937	632
A-792	2-phenylethyl pivalate	C13H18O2	CC(C)(C)C(=O)OCCc1ccccc1	206285	-3675	-1309	-1310	985	-231	-507	-2002	-3465	-578	-46	-1428	-2890
B-1659	2,6-dimethyl-n-nitrosomorpholine	C6H12N2O2	CC1CN(CC(C)O1)N=O	144174	-66	5247	-3714	-2879	-3741	-3475	-95	-3465	-2652	-4097	-1428	-1225
F-477	5-(carbamoylamino)-4,5-dihydroxy-2-oxoimidazolidine-4-carboxylic acid	C5H8N4O6	NC(=O)NC1(O)NC(=O)NC1(O)C(=O)O	220141	-370	4694	-774	-11190	-3053	-507	3719	20395	-1615	-4097	-1428	12873
A-826	3-amino-2-hydroxy-5-nitrobenzene-1-sulfonic acid	C6H6N2O6S	Nc1cc(cc(c1O)[S](O)(=O)=O)[N+]([O-])=O	234189	-1766	2158	-230	-4106	-1983	-507	5626	6760	-1615	-46	-1428	9645
B-2889	tricyclazole	C9H7N3S	Cc1cccc2sc3nncn3c12	189243	-2073	1601	-1969	-86	-1359	-1694	1812	-3465	-3689	8058	4937	-2475
F-590	2-acetamido-3-(2,6-dichlorophenyl)sulfanylpropanoic acid	C11H11Cl2NO3S	CC(=O)NC(CSC1=C(Cl)C=CC=C1Cl)C(=O)O	308186	-2310	1171	2634	713	1566	1273	-95	3352	1496	-46	-1428	1389
B-1706	bromoxynil octanoate	C15H17Br2NO2	CCCCCCCC(=O)Oc1c(Br)cc(cc1Br)C#N	403114	-6702	-6807	6308	5776	3556	2460	-95	-3465	3570	-46	-1428	-351
C-1909	2-benzoyloxy-(n-cyclohexyl)acetamide;  n-cyclohexyl-2-benzoyloxyacetamide	C15H19NO3	O=C(COC(=O)C1=CC=CC=C1)NC2CCCCC2	261321	-3900	-1717	820	-11	1462	1866	-95	-57	459	-46	1754	215
B-4442	primidone	C12H14N2O2	CCC1(C(=O)NCNC1=O)c2ccccc2	218256	-2640	571	-847	-3332	-382	86	-2002	3352	-1615	-46	1754	514
C-2101	1-amino-5-naphthalenesulfonic  acid	C10H9NO3S	NC1=CC=CC2=C1C=CC=C2[S](O)(=O)=O	223253	-2350	1098	-653	-1191	-592	-507	-95	3352	-2652	4006	1754	2882
A-1729	(aminooxy)sulfonic acid	H3NO4S	NO[S](O)(=O)=O	113094	75	5503	-4917	-6850	-6854	-5848	1812	3352	-2652	-4097	-4610	3867
B-2153	(2,5-dioxoimidazolidin-4-yl)acetic acid	C5H6N2O4	OC(=O)CC1NC(=O)NC1=O	158113	-1152	3274	-3174	-6870	-4447	-2881	-95	6760	-1615	-4097	-1428	4495
B-1550	3-hexyne	C6H10	CCC#CCC	82146	-2168	1429	-6114	-924	-5107	-5848	-5816	-3465	-3689	-4097	-4610	-5697
B-2280	nicotinic acid, butyl ester	C10H13NO2	CCCCOC(=O)c1cccnc1	179219	-1837	2030	-2357	-491	-1917	-1694	-95	-3465	459	-46	-1428	-1514
A-3505	triethyl phosphate	C6H15O4P	CCO[P](=O)(OCC)OCC	182156	439	6162	-2244	-178	-2968	-2881	1812	-3465	2533	-4097	-4610	-920
C-1488	2,2',3,3',4,5,6'-heptachlorodiphenyl  ether	C12H3Cl7O	ClC1=CC=C(Cl)C(=C1Cl)OC2=C(Cl)C(=C(Cl)C(=C2)Cl)Cl	411326	-8890	-10780	6625	10894	3928	2460	-3909	-3465	-1615	4006	1754	-4712
C-1580	cycluron; 3-cyclooctyl-1,1-dimethylurea	C11H22N2O	CN(C)C(=O)NC1CCCCCCC1	198310	-2260	1261	-1619	137	-569	-1101	-3909	-57	-2652	-4097	-1428	-2245
F-397	2-(1,3-dioxoisoindol-2-yl)-2-methylbutanoic acid	C13H13NO4	CCC(C)(C(=O)O)N1C(=O)C2=C(C=CC=C2)C1=O	247250	-1910	1897	275	-1443	180	1273	-95	-57	-578	-46	1754	2273
C-1793	isoguanine;  6-amino-3h-purin-2-one	C5H5N5O	NC1=NC(=O)NC2=C1N=C[NH]2	151129	-3380	-773	-3445	-5811	-3507	-2881	1812	6760	-3689	4006	1754	5023
A-1429	2-(3,8-dimethyl-1,2,3,4,5,6,7,8-octahydroazulen-5-yl)propan-2-yl acetate	C17H28O2	CC1CCC(CC2=C1CCC2C)C(C)(C)OC(C)=O	264409	-5023	-3756	940	4151	2375	1866	-2002	-3465	-1615	-4097	1754	-2890
F-646	2-nitro-3-phenylphenol	C12H9NO3	C1=CC=C(C=C1)C2=C(C(=CC=C2)O)[N+](=O)[O-]	215208	-3950	-1808	-965	1267	-286	86	-95	-57	-1615	4006	1754	1066
F-363	N-[2-(5-methoxy-1H-indol-3-yl)ethyl]acetamide	C13H16N2O2	COC1=CC2=C(C=C1)NC=C2CCNC(C)=O	232283	-5090	-3878	-304	-839	780	680	-2002	3352	459	4006	1754	79
C-254	5-tert-butyl-5-(3-methylbut-2-enyl)barbituric  acid	C13H20N2O3	CC(C)=CCC1(C(=O)NC(=O)NC1=O)C(C)(C)C	252314	-3550	-1082	471	-1054	838	1273	-95	3352	-1615	-4097	-1428	2336
A-208	1-(2-ethylbutyl)cyclohexane-1-carbonitrile	C13H23N	CCC(CC)CC1(CCCCC1)C#N	193334	-6587	-6598	-1811	3765	-343	-1101	-3909	-3465	459	-4097	-1428	-3158
G-1122	Trichloroacetonitrile	C2Cl3N	ClC(Cl)(Cl)C#N	144388	-2168	1428	-3705	-791	-5479	-5848	-3909	-3465	-3689	-4097	-4610	-3158
C-2192	2,2',4,5-tetrachlorodiphenyl  ether	C12H6Cl4O	ClC1=C(OC2=CC(=C(Cl)C=C2Cl)Cl)C=CC=C1	307991	-7000	-7347	2626	7183	1652	680	-3909	-3465	-1615	4006	1754	-4712
C-1962	4-[(1-methyl-2-methoxy)ethoxy]carboxyacetanilide; 4-[(2-methoxy-1-methylethyloxy	C13H17NO5	COCC(C)OC(=O)OC1=CC=C(NC(C)=O)C=C1	267281	-2480	862	1051	-195	1076	1866	3719	-57	1496	-46	-1428	2185
B-2151	1h-purine-2,6-dione, 8-ethyl-3,7-dihydro-1,3,7-t	C10H14N4O2	CCc1nc2N(C)C(=O)N(C)C(=O)c2n1C	222248	-1569	2517	-692	-5234	-229	86	5626	-3465	-2652	4006	1754	901
F-213	5,5-dimethyl-3-(phenylmethyl)imidazolidine-2,4-dione	C12H14N2O2	CC1(C)NC(=O)N(CC2=CC=CC=C2)C1=O	218256	-1800	2097	-847	-1479	-376	86	-2002	-57	-1615	-46	1754	-424
B-2157	6h-purin-6-one, 2-chloro-1,7-dihydro-7-methyl-,	C6H7ClN6	Cn1cnc2nc(Cl)nc(NN)c12	198617	-1143	3291	-1607	-3778	-1963	-1694	5626	3352	-2652	4006	1754	3017
B-2887	bupirimate	C13H24N4O3S	CCCCc1c(C)nc(NCC)nc1O[S](=O)(=O)N(C)C	316427	-4158	-2186	2953	-1048	3133	3053	5626	-57	4607	-46	-1428	3312
A-3186	2-butyl-2-ethylpropane-1,3-diol	C9H20O2	CCCCC(CC)(CO)CO	160257	-1260	3077	-3091	-1402	-2372	-2881	-2002	3352	2533	-4097	-4610	-1379
B-3456	l-altraric acid	C6H10O8	O[C@@H]([C@@H](O)[C@@H](O)C(O)=O)[C@@H](O)C(O)=O	210138	200	5729	-1161	-10788	-3450	-1101	5626	16986	1496	-4097	-4610	10900
B-1076	allaric acid	C6H10O8	O[C@H]([C@H](O)[C@H](O)C(O)=O)[C@@H](O)C(O)=O	210138	-322	4780	-1161	-10788	-3450	-1101	5626	16986	1496	-4097	-4610	10900
E-42	1,4-diethylbenzene	C10H14	c1cc(CC)ccc1CC	134222	-3750	-1445	-4099	972	-2557	-3475	-5816	-3465	-1615	-46	-1428	-5697
B-1690	nereistoxin	C5H11NS2	CN(C)C1CSSC1	149284	-1873	1964	-3516	-1867	-2982	-4661	-95	-3465	-2652	-4097	-1428	-5351
G-838	Metoxuron	C10H13ClN2O2	COc1ccc(NC(=O)N(C)C)cc1Cl	228679	-2564	709	-443	273	-208	-507	-2002	-57	-1615	-46	-1428	-1260
A-1692	1,1,2,2,3,3,4,4,4-nonafluoro-N-(2-hydroxyethyl)-N-methylbutane-1-sulfonamide	C7H8F9NO3S	CN(CCO)[S](=O)(=O)C(F)(F)C(F)(F)C(F)(F)C(F)(F)F	357194	-3404	-816	4530	-1197	-1901	3053	-95	-57	2533	-4097	-4610	451
F-663	Octyl 3-bromo-4-hydroxybenzoate	C15H21BrO3	CCCCCCCCOC(=O)C1=CC(Br)=C(O)C=C1	329234	-4520	-2843	3448	4494	2632	1866	-95	-57	4607	-46	-1428	-731
A-851	1,4-dimethyl 2-aminobenzene-1,4-dicarboxylate	C10H11NO4	COC(=O)c1ccc(c(N)c1)C(=O)OC	209201	-3719	-1388	-1197	-2756	-1295	-507	3719	-57	-1615	-46	-1428	2693
B-2039	d-gluconic acid, hydrazide	C6H14N2O6	NNC(=O)C(O)C(O)C(O)C(O)CO	210186	-498	4461	-1159	-13035	-2823	-1101	7534	20395	1496	-4097	-4610	10980
B-205	camphor	C10H16O	CC1(C)C2CCC1(C)C(=O)C2	152237	-1978	1773	-3402	196	-2703	-2881	-3909	-3465	-3689	-4097	1754	-3875
B-958	(1r,4r)-(+)-camphor	C10H16O	CC1(C)[C@H]2CC[C@@]1(C)C(=O)C2	152237	-3182	-414	-3402	196	-2703	-2881	-3909	-3465	-3689	-4097	1754	-3875
A-4907	3-(2-hydroxyethyl)-1,2,3,4-tetrahydroquinazoline-2,4-dione	C10H10N2O3	OCCN1C(=O)Nc2ccccc2C1=O	206201	-3113	-288	-1313	-4952	-934	-507	1812	3352	-1615	4006	1754	2317
B-2095	n-phenylphthalamic acid	C14H11NO3	OC(=O)c1ccccc1C(=O)Nc2ccccc2	241246	-4081	-2047	43	642	865	1273	-2002	3352	-578	4006	1754	1389
B-1417	1,3-propanediol, diacetate	C7H12O4	CC(=O)OCCCOC(C)=O	160169	-205	4994	-3095	-3399	-3665	-2881	1812	-3465	459	-4097	-4610	-83
B-1771	3,4-dichlorobenzyl methylcarbamate	C9H9Cl2NO2	CNC(=O)OCc1ccc(Cl)c(Cl)c1	234082	-3139	-335	-234	1044	-966	-1101	-2002	-57	-1615	-46	-1428	-1606
A-2476	methyl 2-({4-[2-(2-cyano-4-nitrophenyl)diazen-1-yl]-3-acetamidophenyl}(2-methoxy	C21H20N6O7	COC(=O)CN(CC(=O)OC)c1ccc(N=Nc2ccc(cc2C#N)[N+]([O-])=O)c(NC(C)=O)c1	468426	-5194	-4066	8835	1315	8614	10768	15162	-57	5644	4006	1754	13149
B-4229	3-i-pr-5-mephenyl-n-me carbamate	C12H17NO2	CNC(=O)Oc1cc(C)cc(c1)C(C)C	207273	-3358	-732	-1272	1020	-263	-507	-2002	-57	-1615	-46	-1428	-1606
B-1761	benzthiazuron	C9H9N3OS	CNC(=O)Nc1sc2ccccc2n1	207258	-4237	-2330	-1272	-474	-664	-1101	-95	3352	-2652	4006	1754	68
A-1256	1-methoxy-2-methylbenzene	C8H10O	COc1ccccc1C	122167	-2689	482	-4565	-557	-3688	-4068	-3909	-3465	-2652	-46	-1428	-4712
A-4768	(1S-endo)-1,7,7-trimethylbicyclo[2.2.1]heptan-2-ol	C10H18O	CC1(C)[C@@H]2CC[C@]1(C)[C@H](O)C2	154253	-2421	970	-3324	-198	-2551	-2881	-3909	-57	-3689	-4097	1754	-3538
B-1038	borneol	C10H18O	CC1(C)C2CCC1(C)C(O)C2	154253	-2320	1152	-3324	-198	-2551	-2881	-3909	-57	-3689	-4097	1754	-3538
B-957	d-borneol	C10H18O	CC1(C)C2CCC1(C)[C@@H](O)C2	154253	-2319	1154	-3324	-198	-2551	-2881	-3909	-57	-3689	-4097	1754	-3538
C-992	2,2',3,3',4,4',5,5'-octachlorobiphenyl	C12H2Cl8	ClC1=CC(=C(Cl)C(=C1Cl)Cl)C2=CC(=C(Cl)C(=C2Cl)Cl)Cl	429772	-9160	-11270	7339	11894	4523	2460	-5816	-3465	-2652	4006	1754	-5697
A-4549	trifluoroacetic acid	C2HF3O2	OC(=O)C(F)(F)F	114022	943	7079	-4881	-3152	-7328	-5255	-3909	-57	-3689	-4097	-4610	-1716
B-2296	chloramben, methyl ester	C8H7Cl2NO2	COC(=O)c1cc(Cl)cc(N)c1Cl	220055	-3263	-561	-777	121	-1495	-1694	-95	-57	-2652	-46	-1428	-113
C-1066	flupyrsulfuron-methyl	C15H14F3N5O7S	COC(=O)C1=CC=C(N=C1[S](=O)(=O)NC(=O)NC2=NC(=CC(=N2)OC)OC)C(F)(F)F	465366	-3890	-1699	8717	-2070	4992	8988	13255	3352	2533	4006	1754	11240
B-1736	phenol, 4-chloro-3,5-dimethyl-2-(phenylmethyl)-	C15H15ClO	Cc1cc(O)c(Cc2ccccc2)c(C)c1Cl	246737	-4301	-2445	256	3701	1477	680	-3909	-57	-1615	4006	1754	-3538
C-922	n1-(2,3-dichlorophenyl)sulfanilamide	C12H10Cl2N2O2S	NC1=CC=C(C=C1)[S](=O)(=O)NC2=CC=CC(=C2Cl)Cl	317197	-4730	-3225	2983	2041	2429	1866	-95	3352	-578	4006	1754	2007
C-1204	3-acetoxymethyl-5-fluorouracil	C7H7FN2O4	CC(=O)OCN1C(=O)NC=C(F)C1=O	202141	-1200	3186	-1470	-5872	-2883	-1101	3719	-57	-1615	-46	-1428	2965
F-1099	7-chloro-3,4-dihydro-1H-1,4-benzodiazepine-2,5-dione	C9H7ClN2O2	O=C1CNC(=O)C2=C(C=CC(Cl)=C2)N1	210620	-3050	-173	-1142	-2416	-1464	-1101	-2002	3352	-3689	-46	1754	514
A-4130	6-hydroxy-1,4-dihydropyrimidin-4-one	C4H4N2O2	OC1=CC(=O)NC=N1	112088	-1587	2483	-4955	-5343	-5385	-4661	-95	3352	-3689	-46	-1428	1345
B-502	1-propanol, 2-(2-hydroxypropoxy)-	C6H14O3	CC(O)COC(C)CO	134175	872	6950	-4101	-4796	-4225	-4068	-95	3352	459	-4097	-4610	-394
B-3362	fosthiazate	C9H18NO3PS2	CCO[P](=O)(SC(C)CC)N1CCSC1=O	283355	-1459	2716	1673	2903	1370	86	3719	-3465	2533	-4097	-1428	-723
B-2202	5-oxo-3-phenyl-hexanoic acid	C12H14O3	CC(=O)CC(CC(O)=O)c1ccccc1	206241	-1446	2739	-1312	-140	-810	-507	-2002	-57	1496	-46	-1428	106
A-1474	hexyl 2-hydroxybenzoate	C13H18O3	CCCCCCOC(=O)c1ccccc1O	222284	-5046	-3798	-691	1574	67	86	-95	-57	2533	-46	-1428	-731
A-4667	ethyl 2-phenylacetate	C10H12O2	CCOC(=O)Cc1ccccc1	164204	-2136	1486	-2939	-958	-2318	-2288	-2002	-3465	-578	-46	-1428	-2890
B-3533	isopropyl (1-(4-nitro)phenylsulfonyl) cyclohexan	C16H21NO6S	CC(C)OC(=O)C1(CCCCC1)[S](=O)(=O)c2ccc(cc2)[N+]([O-])=O	355412	-4880	-3496	4462	1372	3822	4834	5626	-3465	1496	-46	1754	5357
F-988	7-(3-amino-3-methylazetidin-1-yl)-8-chloro-1-cyclopropyl-6-fluoro-4-oxoquinoline	C17H17ClFN3O3	CC1(N)CN(C2=C(Cl)C3=C(C=C2F)C(=O)C(C(=O)O)=CN3C2CC2)C1	365792	-5330	-4314	4863	126	4713	5427	3719	3352	-578	4006	8119	3754
B-1384	3,3-dimethyl-1-butanol	C6H14O	CC(C)(C)CCO	102177	-1131	3312	-5339	-1672	-4683	-5255	-3909	-57	-2652	-4097	-4610	-3538
A-5437	(2S)-2-amino-6-octanamidohexanoic acid	C14H28N2O3	CCCCCCCC(=O)NCCCC[C@H](N)C(O)=O	272389	58	5470	1248	-479	2084	1866	-95	6760	8756	-4097	-4610	4166
A-3067	2-(4-bromo-3-hydroxyquinolin-2-yl)-2,3-dihydro-1H-indene-1,3-dione	C18H10BrNO3	Oc1c(Br)c2ccccc2nc1C3C(=O)c4ccccc4C3=O	368186	-4867	-3474	4956	2968	4068	4240	1812	-57	-2652	8058	8119	1481
B-1918	butanoic acid, 4-nitrophenyl ester	C10H11NO4	CCCC(=O)Oc1ccc(cc1)[N+]([O-])=O	209201	-3940	-1791	-1197	4	-1279	-507	1812	-3465	459	-46	-1428	1714
A-4337	3-[(2-ethylhexyl)oxy]propan-1-amine	C11H25NO	CCCCC(CC)COCCCN	187327	-1097	3374	-2044	511	-649	-1694	-2002	-57	5644	-4097	-4610	-1935
A-2846	3-(morpholin-4-yl)propane-1-sulfonic acid	C7H15NO4S	[O-][S](=O)(=O)CCC[NH+]1CCOCC1	209267	456	6194	-1194	-8445	-2502	-1694	1812	-57	459	-4097	-1428	1866
B-2868	oxadiargyl	C15H14Cl2N2O3	CC(C)(C)C1=NN(C(=O)O1)c2cc(OCC#C)c(Cl)cc2Cl	341194	-5965	-5467	3911	2165	3492	3647	3719	-3465	-578	4006	1754	414
F-220	hydroxy-[1-[hydroxy(oxo)azaniumyl]oxybutan-2-yloxy]-oxoazanium	C4H10N2O6	CCC(CO[N+](=O)O)O[N+](=O)O	182132	-1890	1933	-2245	-4418	-4564	-2288	1812	3352	2533	-4097	-4610	4877
D-1704	glybuthiazole	C12H16N4O2S2	CC(C)(C)c1sc(N[S](=O)(=O)c2ccc(N)cc2)nn1	312420	-3740	-1427	2798	-150	2754	2460	5626	3352	-578	4006	1754	4758
B-3333	pyran, 2,2'-oxybis[tetrahydro-6-methyl-	C12H22O3	CC1CCCC(O1)OC2CCCC(C)O2	214305	-1108	3353	-1000	1013	-701	-507	-95	-3465	-1615	-4097	1754	-2742
B-1295	1,2-dibromo-1-chloroethane	C2H3Br2Cl	ClC(Br)CBr	222307	-2555	726	-690	81	-4501	-6442	-5816	-3465	-2652	-4097	-4610	-5697
B-1472	2(1h)-pyridinone, 1-methyl-	C6H7NO	CN1C=CC=CC1=O	109128	962	7113	-5070	-3621	-4603	-4661	-2002	-3465	-3689	-46	-1428	-3349
B-2588	urea, 1-ethyl-1-o-tolyl-	C10H14N2O	CCN(C(N)=O)c1ccccc1C	178235	-210	4985	-2395	-754	-1257	-1694	-3909	-57	-1615	-46	-1428	-752
B-1815	2,7-dichloronaphthalene	C10H6Cl2	Clc1ccc2ccc(Cl)cc2c1	197064	-5922	-5389	-1667	3499	-1229	-2288	-5816	-3465	-3689	4006	1754	-5697
C-2476	2-sulfamoyl-5-(4'-anisyl)sulfonylamido-1,3,4-thiadiazole; 5-(4-methoxybenzenesul	C9H10N4O5S3	COC1=CC=C(C=C1)[S](=O)(=O)NC2=NN=C(S2)[S](N)(=O)=O	350403	-2250	1279	4268	-4360	1968	3053	9441	3352	1496	4006	1754	9387
D-1932	hyenanchin	C15H18O7	CC(=C)C1(O)[C@H]2OC(=O)[C@@H]1[C@]3(O)[C@H]4O[C@H]4[C@]5(CO5)[C@]3(C)[C@@H]2O	310302	-1420	2787	2716	-7195	1129	3647	7534	6760	-2652	-4097	11302	6261
F-852	4-[3-(dimethylaminomethyl)-4-hydroxybenzoyl]thiophene-2-sulfonamide	C14H16N2O4S2	CN(C)CC1=C(O)C=CC(C(=O)C2=CSC(S(N)(=O)=O)=C2)=C1	340426	-1540	2569	3882	-1712	3412	3647	5626	3352	1496	4006	1754	5050
C-764	4-hydroxy-7-oxo-4,5,6,7-tetrahydro-2-sulfamoylthieno[2,3-b]thiopyran	C7H9NO4S3	N[S](=O)(=O)C1=CC2=C(S1)[S](=O)CCC2O	267353	-1350	2914	1054	-4464	-839	-507	3719	3352	-2652	-46	1754	4704
A-3077	2,2,4-trimethylhexanedioic acid; 2,4,4-trimethylhexanedioic acid	C9H16O4	CC(CC(O)=O)CC(C)(C)C(O)=O	188223	-279	4859	-2009	-1325	-2216	-1694	-2002	3352	1496	-4097	-4610	2264
B-3347	pyridaben	C19H25ClN2OS	CC(C)(C)N1N=CC(=C(Cl)C1=O)SCc2ccc(cc2)C(C)(C)C	364942	-7483	-8225	4830	5572	6226	4834	1812	-3465	-578	4006	1754	-1973
B-296	diphenyl phthalate	C20H14O4	O=C(Oc1ccccc1)c2ccccc2C(=O)Oc3ccccc3	318328	-6589	-6601	3026	3458	4112	4834	1812	-3465	459	8058	4937	-83
F-171	2-amino-3-(2-amino-3-hydroxy-3-oxopropyl)sulfanylpropanoic acid	C6H12N2O4S	NC(CSCC(N)C(=O)O)C(=O)O	208239	-2560	716	-1234	-7108	-2050	-1694	3719	10169	2533	-4097	-4610	7818
F-261	2-[(4-hydroxyphenyl)diazenyl]benzoic acid	C13H10N2O3	O=C(O)C1=C(N=NC2=CC=C(O)C=C2)C=CC=C1	242234	-3330	-682	81	2286	545	1273	1812	3352	-578	4006	1754	3081
B-1929	n,n'-bis-phenylacetyl-cystine	C22H24N2O6S2	OC(=O)C(CSSCC(NC(=O)Cc1ccccc1)C(O)=O)NC(=O)Cc2ccccc2	476576	-1833	2037	9151	-579	9426	9581	5626	10169	9793	4006	1754	8476
B-3055	1-[[2-(2,4-dichlorophenyl)-4-ethyl-1,3-dioxolan-	C14H15Cl2N3O2	CCC1COC(Cn2cncn2)(O1)c3ccc(Cl)cc3Cl	328199	-3613	-1196	3408	1827	2603	3053	3719	-3465	459	4006	4937	-449
A-77	6H-dibenzo[c,e][1,2]oxaphosphinine 6-oxide	C12H8O2P	O=[P+]1Oc2ccccc2c3ccccc13	215168	-1780	2134	-966	3844	-115	-507	-2002	-3465	-3689	8058	4937	-2473
B-1927	phosphoric acid, butyl diethyl ester	C8H19O4P	CCCCO[P](=O)(OCC)OCC	210210	-1147	3283	-1158	1299	-1570	-1694	1812	-3465	4607	-4097	-4610	-920
B-4317	terbufos sulfone	C9H21O4PS3	CCO[P](=S)(OCC)SC[S](=O)(=O)C(C)(C)C	320438	-2895	108	3108	1684	2511	680	5626	-3465	3570	-4097	-4610	-83
B-3566	benz(a)anthracene	C18H12	c1ccc2cc3c(ccc4ccccc34)cc2c1	228294	-7385	-8047	-458	5392	2555	1273	-5816	-3465	-3689	12110	8119	-5697
C-1248	isobutyl  5-fluorouracil-1-carboxylate;  1-isobutoxycarbonyl-5-fluorouracil	C9H11FN2O4	CC(C)COC(=O)N1C=C(F)C(=O)NC1=O	230195	-1890	1933	-385	-3751	-1396	86	3719	-57	-1615	-46	-1428	2965
A-558	2-benzoyl-5-methoxyphenol	C14H12O3	COc1ccc(c(O)c1)C(=O)c2ccccc2	228247	-4580	-2953	-460	632	371	680	-95	-57	-578	4006	1754	-731
B-3535	me (1-(4-bromo)phenylsulfonyl) cyclobutane carbo	C12H13BrO4S	COC(=O)C1(CCC1)[S](=O)(=O)c2ccc(Br)cc2	333203	-3550	-1082	3602	39	1187	1273	1812	-3465	-578	-46	1754	753
A-1797	isooctyl acrylate	C11H20O2	CC(C)CCCCCOC(=O)C=C	184279	-4171	-2209	-2162	1200	-1154	-1694	-2002	-3465	3570	-4097	-4610	-2890
A-6030	1,1'-methylenebis(4-fluorobenzene)	C13H10F2	Fc1ccc(Cc2ccc(F)cc2)cc1	204219	-6912	-7188	-1390	2381	-981	-507	-5816	-3465	-1615	4006	1754	-5697
B-2037	2-butanamine, 3,3-dimethyl-	C6H15N	C[C@H]([NH3+])C(C)(C)C	102201	986	7157	-5338	-3095	-4585	-5255	-5816	-57	-3689	-4097	-4610	-2747
F-406	4-(2,4-Dichlorophenoxy)-2-methoxy-1-nitrobenzene	C13H9Cl2NO4	COC1=C(C=CC(=C1)OC2=C(C=C(C=C2)Cl)Cl)[N+](=O)[O-]	314124	-5910	-5368	2864	4552	2135	2460	1812	-3465	459	4006	1754	877
B-527	sarin	C4H10FO2P	CC(C)O[P](C)(F)=O	140094	854	6916	-3872	-178	-4728	-4661	-2002	-3465	-1615	-4097	-4610	-2890
A-6085	1,8-dihydroxy-4-nitro-5-(phenylamino)-9,10-dihydroanthracene-9,10-dione	C20H12N2O6	Oc1ccc(Nc2ccccc2)c3C(=O)c4c(c(O)ccc4[N+]([O-])=O)C(=O)c13	376324	-8646	-10337	5271	2323	5659	7207	7534	6760	-578	8058	8119	8152
A-4604	2-(2-amino-1,3-thiazol-4-yl)acetic acid	C5H6N2O2S	Nc1scc(CC(O)=O)n1	158182	-1982	1767	-3172	-3683	-3667	-3475	1812	3352	-1615	-46	-1428	2436
C-1601	cycloserine;  4-aminoisoxazolidine-3-one	C3H6N2O2	NC1CONC1=O	102093	-10	5348	-5342	-7426	-6059	-5255	-95	3352	-3689	-4097	-1428	1171
B-4140	formanilide	C7H7NO	O=CNc1ccccc1	121139	-678	4134	-4605	-1975	-3930	-4068	-3909	-57	-1615	-46	-1428	-2591
C-2570	4-[2-(4-tosylureido)pyrimidin-4-yl-amino]benzenesulfonamide	C18H18N6O5S2	CC1=CC=C(C=C1)[S](=O)(=O)NC(=O)NC2=NC(=CC=N2)NC3=CC=C(C=C3)[S](N)(=O)=O	462513	-4300	-2444	8606	-1158	7807	8988	9441	10169	2533	8058	4937	12791
A-1431	11-ethyl-5-methylpentadecanoic acid	C18H36O2	CCCCC(CC)CCCCCC(C)CCCC(O)=O	284484	-5056	-3817	1717	7092	3779	2460	-3909	-57	10830	-4097	-4610	-1716
A-2026	2,2-dimethylpropane-1,3-diyl dibenzoate	C19H20O4	CC(C)(COC(=O)c1ccccc1)COC(=O)c2ccccc2	312365	-5423	-4483	2796	2704	3807	4240	1812	-3465	2533	4006	1754	-83
C-2508	minocycline	C23H27N3O7	CN(C)C1C2CC3CC4=C(C=CC(=C4C(=O)C3=C(O)C2(O)C(=O)C(=C1O)C(N)=O)O)N(C)C	457483	-940	3659	8412	-3997	8466	10175	11348	13578	-578	-46	8119	11872
A-3181	3-oxo-N-phenylbutanamide	C10H11NO2	CC(=O)CC(=O)Nc1ccccc1	177203	-1299	3007	-2435	-1314	-1774	-1694	-2002	-57	-578	-46	-1428	-770
C-1437	2,3',4,4',5,5'-hexachlorodiphenyl  ether	C12H4Cl6O	ClC1=CC(=C(OC2=CC(=C(Cl)C(=C2)Cl)Cl)C=C1Cl)Cl	376881	-8720	-10471	5292	9657	3169	1866	-3909	-3465	-1615	4006	1754	-4712
A-496	1-phenylpropan-1-ol	C9H12O	CCC(O)c1ccccc1	136194	-2340	1115	-4023	-318	-3088	-3475	-3909	-57	-1615	-46	-1428	-3538
A-3174	bis(prop-2-en-1-yl)amine	C6H11N	C=CCNCC=C	97161	-79	5222	-5533	-2556	-4364	-5255	-3909	-57	459	-4097	-4610	-4413
A-2721	ditetradecyl but-2-enedioate	C32H60O4	CCCCCCCCCCCCCCOC(=O)\C=C\C(=O)OCCCCCCCCCCCCCC	508828	-7008	-7361	10399	14639	13798	11955	1812	-3465	25348	-4097	-4610	-83
B-4281	acridine	C13H9N	c1ccc2nc3ccccc3cc2c1	179222	-3669	-1298	-2357	2063	-430	-1101	-3909	-3465	-3689	8058	4937	-4321
A-1865	4-(2-aminoethyl)phenol	C8H11NO	NCCc1ccc(O)cc1	137182	-1116	3339	-3984	-2659	-3213	-3475	-2002	3352	-1615	-46	-1428	-761
A-3548	4,4'-methylenebis(cyclohexylamine)	C13H26N2	NC1CCC(CC1)CC2CCC(N)CC2	210365	-1624	2416	-1152	215	363	-507	-2002	3352	-1615	-4097	1754	-143
A-2761	tetradecyl tetradecanoate	C28H56O2	CCCCCCCCCCCCCCOC(=O)CCCCCCCCCCCCC	424754	-7327	-7941	7145	14451	10755	8394	-2002	-3465	22237	-4097	-4610	-2890
B-3861	1-chloroheptane	C7H15Cl	CCCCCCCCl	134650	-3996	-1891	-4082	1699	-3423	-4661	-5816	-3465	1496	-4097	-4610	-5697
A-1628	3,7-dimethyloct-6-en-1-yl formate	C11H20O2	CC(CCOC=O)CCC=C(C)C	184279	-4056	-2000	-2162	1200	-1154	-1694	-2002	-3465	3570	-4097	-4610	-2890
A-5584	N-(4-chlorophenyl)-2-[(4-methyl-2-nitrophenyl)diazenyl]-3-oxobutanamide	C17H15ClN4O4	CC(=O)C(N=Nc1ccc(C)cc1[N+]([O-])=O)C(=O)Nc2ccc(Cl)cc2	374784	-7605	-8447	5211	3670	5271	6021	5626	-57	2533	4006	1754	6472
B-1501	2,5-dimethyl-2,4-hexadiene	C8H14	CC(C)=CC=C(C)C	110200	-3537	-1058	-5029	1175	-3516	-4661	-5816	-3465	-2652	-4097	-4610	-5697
B-4503	sulfaperine	C11H12N4O2S	Cc1cnc(N[S](=O)(=O)c2ccc(N)cc2)nc1	264310	-2820	244	936	-2139	961	1273	3719	3352	-578	4006	1754	4758
B-313	n-acetyl-dl-tryptophan	C13H14N2O3	CC(=O)N[C@@H](Cc1c[nH]c2ccccc12)C([O-])=O	245258	-2312	1167	198	-4417	383	1273	-95	3352	459	4006	1754	3376
F-1164	2-acetamido-3-(1H-indol-3-yl)propanoic acid	C13H14N2O3	CC(=O)NC(CC1=CNC2=C1C=CC=C2)C(=O)O	246266	-2310	1171	237	-1890	781	1273	-2002	6760	459	4006	1754	3074
I-77	sparfloxacin	C19H22F2N4O3	C[C@H]1CN(C[C@@H](C)N1)C1=C(F)C2=C(C(=O)C(=CN2C2CC2)C(O)=O)C(N)=C1F	392406	-3370	-755	5893	-410	6050	7207	5626	6760	-578	4006	8119	5038
C-2456	sparfloxacin	C19H22F2N4O3	CC1CN(CC(C)N1)C2=C(F)C3=C(C(=C2F)N)C(=O)C(=CN3C4CC4)C(O)=O	392406	-3370	-755	5893	-410	6050	7207	5626	6760	-578	4006	8119	5038
F-1125	[1-[(6-chloropyridin-3-yl)methyl]-3-methylimidazolidin-2-ylidene]cyanamide	C11H12ClN5	CN1CCN(CC2=CN=C(Cl)C=C2)C1=NC#N	249705	-2130	1497	371	-1853	492	680	-95	-3465	-1615	-46	1754	228
D-1542	1,2-ethanediamine, n-(2-aminoethyl)-n'- 2-	C8H23N5	NCCNCCNCCNCCN	189307	723	6679	-1967	-8756	-813	-1694	3719	13578	6681	-4097	-4610	3708
B-247	2,3-dichloropropene	C3H4Cl2	ClCC(Cl)=C	110971	-1713	2255	-4999	-606	-5507	-6442	-5816	-3465	-2652	-4097	-4610	-5697
A-2007	1-methyl-4-(propan-2-yl)cyclohex-1-ene	C10H18	CC(C)C1CCC(=CC1)C	138254	-5010	-3734	-3943	2065	-2445	-3475	-5816	-3465	-2652	-4097	-1428	-5697
A-1119	N-(4-carbamoylphenyl)-4-nitrobenzamide	C14H11N3O4	NC(=O)c1ccc(NC(=O)c2ccc(cc2)[N+]([O-])=O)cc1	285259	-4937	-3600	1747	-666	2108	3053	1812	3352	459	4006	1754	6611
B-4580	fluoromethalone	C22H29FO4	C[C@H]1C[C@H]2[C@@H]3CC[C@](O)(C(C)=O)[C@@]3(C)C[C@H](O)[C@]2(F)[C@@]4(C)C=CC(=O)C=C14	376468	-4099	-2078	5276	1184	5519	6614	1812	3352	-2652	-4097	8119	2264
C-530	fluoromethasone;  fluorometholone	C22H29FO4	CC1CC2C3CCC(O)(C(C)=O)C3(C)CC(O)C2(F)C4(C)C=CC(=O)C=C14	376468	-4100	-2080	5276	1184	5519	6614	1812	3352	-2652	-4097	8119	2264
C-1672	benzoylformic  acid;  phenylglyoxylic  acid	C8H6O3	OC(=O)C(=O)C1=CC=CC=C1	150133	-370	4694	-3483	-2545	-3585	-2881	-2002	-57	-1615	-46	-1428	106
F-767	4-Chloro-N,N-dimethylbenzamide	C9H10ClNO	CN(C)C(=O)C1=CC=C(Cl)C=C1	183638	-1000	3550	-2186	-485	-1910	-2288	-3909	-3465	-2652	-46	-1428	-3529
A-1158	2,3,5,6-tetrachloropyridine	C5HCl4N	Clc1cc(Cl)c(Cl)nc1Cl	216882	-3861	-1647	-900	2645	-2696	-3475	-3909	-3465	-3689	-46	-1428	-4321
A-9	4-({4-[bis(oxiran-2-ylmethyl)amino]phenyl}methyl)-N,N-bis(oxiran-2-ylmethyl)anil	C25H30N2O4	C1OC1CN(CC2CO2)c3ccc(Cc4ccc(cc4)N(CC5CO5)CC6CO6)cc3	422525	-4662	-3101	7059	355	8629	8988	5626	-3465	8756	4006	14484	344
B-3718	2,4-dibromophenol	C6H4Br2O	Oc1ccc(Br)cc1Br	251905	-2122	1511	456	1172	-2813	-4068	-3909	-57	-3689	-46	-1428	-3538
C-2358	6-(2,2-dimethylpropanoyloxy)-2-sulfamoylbenzothiazole	C12H14N2O4S2	CC(C)(C)C(=O)OC1=CC2=C(C=C1)N=C(S2)[S](N)(=O)=O	314388	-3730	-1408	2874	-763	2119	2460	5626	-57	-1615	4006	1754	4906
A-189	4,4,13,13-tetraethoxy-3,14-dioxa-8,9-dithia-4,13-disilahexadecane	C18H42O6S2Si2	CCO[Si](CCCSSCCC[Si](OCC)(OCC)OCC)(OCC)OCC	474834	-5677	-4944	9083	5578	9530	7207	9441	-3465	18089	-4097	-4610	213
B-2936	cyclohexylmercapto-acetic acid	C8H14O2S	OC(=O)CSC1CCCCC1	174265	-1338	2936	-2549	-305	-2289	-2881	-2002	-57	-578	-4097	-1428	-1716
A-1336	prop-2-en-1-yl 2-methylprop-2-enoate	C7H10O2	CC(=C)C(=O)OCC=C	126155	-1758	2172	-4411	-1905	-3954	-4068	-2002	-3465	-578	-4097	-4610	-2890
B-2243	allyxycarb [bsi:iso]	C16H22N2O2	CNC(=O)Oc1cc(C)c(N(CC=C)CC=C)c(C)c1	274364	-3593	-1160	1325	1707	3259	2460	-95	-57	2533	-46	-1428	-1260
C-2384	sulfaproxyline	C16H18N2O4S	CC(C)OC1=CC=C(C=C1)C(=O)N[S](=O)(=O)C2=CC=C(N)C=C2	334397	-4300	-2444	3648	-234	3880	4240	3719	3352	1496	4006	1754	4814
C-939	3-(acetyloxymethyl)phenytoin	C18H16N2O4	CC(=O)OCN1C(=O)NC(C1=O)(C2=CC=CC=C2)C3=CC=CC=C3	324336	-4470	-2752	3259	-559	3572	4834	1812	-57	459	4006	4937	2383
B-1474	benzenamine, n,3-dimethyl-	C8H11N	CNc1cccc(C)c1	121183	-2050	1643	-4603	-495	-3234	-4068	-3909	-57	-2652	-46	-1428	-4413
A-535	3-hydroxy-N-(2-methylphenyl)naphthalene-2-carboxamide	C18H15NO2	Cc1ccccc1NC(=O)c2cc3ccccc3cc2O	277323	-4623	-3031	1439	3423	3431	3053	-2002	3352	-1615	8058	4937	-432
B-1526	2,4-bis((3-methoxypropyl)amino)-6-(methylthio)-s	C12H23N5O2S	COCCCNc1nc(NCCCOC)nc(SC)n1	301416	-3479	-953	2372	-1529	2951	2460	9441	3352	7719	-46	-1428	2968
D-1082	disperse violet 1	C14H10N2O2	Nc1ccc(N)c2C(=O)c3ccccc3C(=O)c12	238246	-5859	-5275	-73	-1272	982	1273	1812	3352	-3689	4006	4937	3500
B-1445	4h-1,3,5-dithiazine, dihydro-2,4,6-trimethyl-,	C6H13NS2	CC1NC(C)SC(C)S1	163311	-1368	2882	-2973	-386	-2329	-4068	-95	-57	-3689	-4097	-1428	-4413
B-3284	diniconazole	C15H17Cl2N3O	CC(C)(C)C(O)\C(=C/c1ccc(Cl)cc1Cl)n2cncn2	326227	-4912	-3554	3332	3203	3638	3053	1812	-57	-578	4006	1754	-261
C-1067	methotrexate	C20H22N8O5	CN(CC1=NC2=C(N=C1)N=C(N)N=C2N)C3=CC=C(C=C3)C(=O)NC(CCC(O)=O)C(O)=O	454447	-4000	-1899	8294	-3842	8506	10175	13255	13578	5644	8058	4937	16772
B-1878	oxythioquinox	C10H6N2OS2	Cc1ccc2nc3SC(=O)Sc3nc2c1	234305	-5370	-4387	-225	524	260	-507	3719	-3465	-3689	8058	4937	-1124
C-959	3-(propanoyloxymethyl)phenytoin	C19H18N2O4	CCC(=O)OCN1C(=O)NC(C1=O)(C2=CC=CC=C2)C3=CC=CC=C3	338363	-4910	-3552	3802	179	4271	5427	1812	-57	1496	4006	4937	2383
B-938	benzoic acid, 2-(trifluoromethyl)-	C8H5F3O2	OC(=O)c1ccccc1C(F)(F)F	190120	-1598	2464	-1936	200	-3586	-1694	-3909	-57	-2652	-46	-1428	-1716
B-426	methyl gallate	C8H8O5	COC(=O)c1cc(O)c(O)c(O)c1	184147	-1240	3114	-2167	-3233	-2924	-1694	3719	6760	-2652	-46	-1428	3587
A-5182	nonanoic acid	C9H18O2	CCCCCCCCC(O)=O	158241	-2722	422	-3169	991	-2492	-2881	-3909	-57	3570	-4097	-4610	-1716
D-1807	5-nonanol	C9H20O	CCCCC(O)CCCC	144258	-2490	844	-3710	813	-2578	-3475	-3909	-57	2533	-4097	-4610	-3538
B-3964	benzo(b)thiophene	C8H6S	s1ccc2ccccc12	134203	-3014	-108	-4100	1142	-3068	-4068	-3909	-3465	-3689	4006	1754	-5697
E-1251	Benzoin	C13H10O2	c1ccccc1C(=O)Oc2ccccc2	198221	-2850	190	-1622	1150	-642	-507	-2002	-3465	-1615	4006	1754	-2890
B-2553	pteridine, 2-(methylamino)-	C7H7N5	CNc1ncc2nccnc2n1	161168	-1712	2256	-3056	-3477	-2636	-2288	3719	-57	-2652	4006	1754	1089
B-4253	iprobenfos	C13H21O3PS	CC(C)O[P](=O)(OC(C)C)SCc1ccccc1	288349	-2858	175	1866	4884	2377	1273	1812	-3465	3570	-46	-1428	-1905
F-763	8-hydroxy-5,7-dinitronaphthalene-2-sulfonic acid	C10H6N2O8S	C1=CC2=C(C=C1S(=O)(=O)O)C(=C(C=C2[N+](=O)[O-])[N+](=O)[O-])O	314231	-2540	753	2868	-1305	1007	3053	7534	3352	-578	4006	1754	11472
C-2073	n-isonicotinoyl-n'-(phenylacetyl)hydrazine	C14H13N3O2	O=C(CC1=CC=CC=C1)NNC(=O)C2=CC=NC=C2	255277	-2470	880	586	-2296	1197	1866	-95	3352	-578	4006	1754	1890
A-1286	1,3-diphenylthiourea	C13H12N2S	S=C(Nc1ccccc1)Nc2ccccc2	228320	-3972	-1847	-457	2267	1611	86	-3909	3352	-1615	4006	1754	-3129
B-870	14h-dibenzo[a,j]phenothiazine	C20H13NS	N1c2c(Sc3ccc4ccccc4c13)ccc5ccccc25	299398	-7908	-8997	2294	7389	5029	3647	-2002	-57	-3689	12110	11302	-4413
F-753	9-(methoxymethoxy)-3-methyl-2,4,4~{a},5,6,7,7~{a},13-octahydro-1~{H}-4,12-methan	C19H25NO4	COCOC1=C2OC3C(O)CCC4C5CC(=C2C43CCN5C)C=C1	331412	-1960	1806	3533	-1134	4001	4834	3719	-57	-578	-46	11302	-237
C-1986	2,3,4,6-tetrachlorophenoxyacetic  acid	C8H4Cl4O3	OC(=O)COC1=C(Cl)C(=C(Cl)C=C1Cl)Cl	289929	-3410	-827	1927	2774	-374	-507	-2002	-57	-578	-46	-1428	-731
A-5202	N-butyl-2,2,6,6-tetramethylpiperidin-4-amine	C13H28N2	CCCCNC1CC(C)(C)NC(C)(C)C1	212381	575	6409	-1074	733	778	-507	-2002	3352	459	-4097	-1428	-3129
A-5849	hexyl 2-[4-(diethylamino)-2-hydroxybenzoyl]benzoate	C24H31NO4	CCCCCCOC(=O)c1ccccc1C(=O)c2ccc(cc2O)N(CC)CC	397515	-7395	-8065	6091	5506	8158	7801	3719	-57	7719	4006	1754	1436
A-503	Alkenes, C9-11, C10-rich	C10H16	CC/C=C/CC/C=C/C=C	136238	-3342	-704	-4021	2228	-2132	-3475	-5816	-3465	1496	-4097	-4610	-5697
G-1069	Sulfanilamide	C6H8N2O2S	Nc1ccc(cc1)S(N)(=O)=O	172209	-1340	2932	-2629	-4509	-3007	-2881	-95	3352	-2652	-46	-1428	3500
B-137	hypoxanthine	C5H4N4O	O=C1N=CNc2nc[nH]c12	136114	-2289	1209	-4026	-5020	-4175	-3475	-95	3352	-3689	4006	1754	2246
F-481	4-Amino-N-(6-iodo-3-pyridinyl)benzenesulfonamide	C11H10IN3O2S	NC1=CC=C(S(=O)(=O)NC2=CN=C(I)C=C2)C=C1	375191	-1810	2079	5227	-433	2503	1273	1812	3352	-578	4006	1754	3383
E-392	ditolyl_ether	C14H14O	Cc1cccc(c1)Oc2cccc(c2)C	198265	-4850	-3443	-1620	3403	52	-507	-3909	-3465	-1615	4006	1754	-4712
A-5884	4-[(4-chloro-2-nitrophenyl)diazenyl]-3-hydroxy-N-(2-methylphenyl)-2-naphthamide	C24H17ClN4O4	Cc1ccccc1NC(=O)C2=Cc3ccccc3C(=N/Nc4ccc(Cl)cc4[N+]([O-])=O)/C2=O	460877	-7563	-8370	8543	5073	9905	10175	5626	3352	1496	8058	8119	6437
B-3421	benzenesulfonamide, 4-[(5-hydroxypentyl)thio]-	C11H17NO3S2	N[S](=O)(=O)c1ccc(SCCCCCO)cc1	275395	-2662	532	1365	-1343	1119	680	1812	3352	3570	-46	-1428	2882
B-3921	3-pentanone	C5H10O	CCC(=O)CC	86134	-253	4906	-5960	-1746	-5526	-5848	-3909	-3465	-1615	-4097	-4610	-3875
B-4591	allobarbital	C10H12N2O3	C=CCC1(CC=C)C(=O)NC(=O)NC1=O	208217	-2061	1623	-1235	-3421	-1263	-507	-95	3352	459	-4097	-1428	2336
C-1298	n,n-dimethyl-2-[(2-acetoxy)benzoyloxy]acetamide	C13H15NO5	CN(C)C(=O)COC(=O)C1=CC=CC=C1OC(C)=O	265265	-1550	2551	973	-2728	703	1866	3719	-3465	459	-46	-1428	2084
F-814	N-{(E)-[5-(Hydroxymethyl)-2-methyl-3-oxo-4(3H)-pyridinylidene]methyl}-L-valine	C13H18N2O4	CC1=NC=C(CO)C(C=NC(C(=O)O)C(C)C)=C1O	266297	-1600	2460	1013	-2238	1262	1866	3719	6760	1496	-46	-1428	5296
A-1011	2,2',2'',2'''-(ethane-1,2-diyldinitrilo)tetraacetonitrile	C10H12N6	N#CCN(CCN(CC#N)CC#N)CC#N	216248	-2820	244	-924	-4947	-1023	86	5626	-3465	3570	-4097	-4610	5150
C-2413	coroxon	C14H16ClO6P	CCO[P](=O)(OCC)OC1=CC2=C(C=C1)C(=C(Cl)C(=O)O2)C	346703	-3180	-410	4124	3818	3275	3647	5626	-3465	2533	4006	1754	2304
C-2408	n4-acetyl-n1-(1-ethyl-2-oxopyrimidin-4-yl)sulfanilamide; 4-(n4-acetylsulfanilami	C14H16N4O4S	CCN1C=CC(=NC1=O)N[S](=O)(=O)C2=CC=C(NC(C)=O)C=C2	336373	-2710	444	3725	-2415	3579	4240	5626	3352	1496	4006	1754	6059
A-3865	2-Ethylhexyl (2S)-2-hydroxypropanoate	C11H22O3	CCCCC(CC)COC(=O)[C@H](C)O	202294	-2674	510	-1464	-324	-930	-1101	-95	-57	3570	-4097	-4610	-731
A-4816	2-ethylhexyl 2-hydroxypropanoate	C11H22O3	CCCCC(CC)COC(=O)C(C)O	202294	-2674	510	-1464	-324	-930	-1101	-95	-57	3570	-4097	-4610	-731
A-4156	(2S)-2-(1,3-dioxoisoindol-2-yl)pentanedioic acid	C13H11NO6	OC(=O)CC[C@H](N1C(=O)c2ccccc2C1=O)C(O)=O	277232	-1446	2739	1436	-3213	477	2460	1812	3352	1496	-46	1754	6254
B-2216	2h-azepin-2-one, 1-benzoylhexahydro-	C13H15NO2	O=C1CCCCCN1C(=O)c2ccccc2	217268	-2167	1431	-885	-130	-171	86	-2002	-3465	-2652	-46	1754	-1708
C-2303	2,3,3',4,4',5'-hexachlorodiphenyl  ether	C12H4Cl6O	ClC1=C(Cl)C(=C(OC2=CC(=C(Cl)C(=C2)Cl)Cl)C=C1)Cl	376881	-8490	-10053	5292	9657	3169	1866	-3909	-3465	-1615	4006	1754	-4712
C-1697	5-phenyl-2,4-pentadienoic  acid	C11H10O2	OC(=O)/C=C/C=C/C1=CC=CC=C1	174199	-3640	-1245	-2552	81	-1489	-1694	-3909	-57	-578	-46	-1428	-1716
B-2115	benzoic acid, 2-(acetyloxy)-, 4-(acetylamino)phe	C17H15NO5	CC(=O)Nc1ccc(OC(=O)c2ccccc2OC(C)=O)cc1	313309	-4195	-2253	2832	930	3236	4240	3719	-57	459	4006	1754	3022
C-777	methyl 4-nitrophenylsulfonylcyclopropylcarboxylate; 1-(4-nitrophenylsulfonyl)cyc	C11H11NO6S	COC(=O)C1CC1[S](=O)(=O)C2=CC=C(C=C2)[N+]([O-])=O	285277	-3380	-773	1747	-2590	319	1866	5626	-3465	459	-46	1754	5357
F-184	N-(2-Bromo-4-methylpentanoyl)alanylalanine	C12H21BrN2O4	CC(C)CC(Br)C(=O)NC(C)C(=O)NC(C)C(=O)O	337214	-1430	2769	3757	-2666	1958	1866	-95	6760	3570	-4097	-4610	4495
F-993	7-(3-amino-3-methylazetidin-1-yl)-1-cyclopropyl-6,8-difluoro-4-oxoquinoline-3-ca	C17H17F2N3O3	CC1(N)CN(C2=C(F)C3=C(C=C2F)C(=O)C(C(=O)O)=CN3C2CC2)C1	349337	-5640	-4877	4226	-848	3948	5427	3719	3352	-578	4006	8119	3754
B-1675	1-propoxy-2-propanol	C6H14O2	CCCOCC(C)O	118176	928	7050	-4720	-2848	-4436	-4661	-2002	-57	459	-4097	-4610	-2553
B-3366	1(3h)-isobenzofuranone, 3,3-dimethyl-6-nitro-	C10H9NO4	CC1(C)OC(=O)c2cc(ccc12)[N+]([O-])=O	207185	-3052	-176	-1275	-564	-1597	-507	1812	-3465	-2652	-46	1754	1714
A-4522	4-hydroxybenzenesulfonic acid	C6H6O4S	Oc1ccc(cc1)[S](O)(=O)=O	174177	759	6744	-2553	-3141	-3659	-2881	-95	3352	-2652	-46	-1428	2264
B-842	d-tartaric acid	C4H6O6	O[C@@H]([C@H](O)C(O)=O)C(O)=O	150086	824	6862	-3485	-8369	-5269	-3475	1812	10169	-578	-4097	-4610	6582
A-679	1-(butan-2-yl)-4-{4-[4-(4-hydroxyphenyl)piperazin-1-yl]phenyl}-4,5-dihydro-1H-1,	C22H27N5O2	CCC(C)N1N=CN(C1=O)c2ccc(cc2)N3CCN(CC3)c4ccc(O)cc4	393491	-4829	-3404	5935	1399	8066	7801	7534	-57	1496	8058	8119	1403
C-2235	1,3-dipropyl-8-cyclopentylxanthine	C16H24N4O2	CCCN1C(=O)N(CCC)C2=C([NH]C(=N2)C3CCCC3)C1=O	304394	-4960	-3642	2487	125	3682	3647	3719	-57	1496	4006	4937	2060
B-3260	imazamethabenz (isomer mix)	C16H20N2O3	COC(=O)c1ccc(C)cc1C2=NC(C)(C(C)C)C(=O)N2	288347	-2460	898	1866	-427	2779	3053	1812	-57	-578	-46	1754	1534
B-86	dl-methionine	C5H11NO2S	CSCCC(N)C(O)=O	149215	-659	4168	-3519	-4064	-3554	-4068	-95	3352	459	-4097	-4610	1061
A-1750	4-(propan-2-yl)cyclohexyl propanoate	C12H22O2	CCC(=O)OC1CCC(CC1)C(C)C	198306	-4173	-2214	-1619	1621	-775	-1101	-2002	-3465	-578	-4097	-1428	-2890
B-981	2,4,6-trimethylbenzoic acid	C10H12O2	Cc1cc(C)c(c(C)c1)C(O)=O	164204	-2357	1086	-2939	23	-2191	-2288	-3909	-57	-2652	-46	-1428	-1716
B-277	benzoic acid, 2- bis(4-hydroxyphenyl)methyl -	C20H16O4	Oc1ccc(cc1)C(c2ccc(O)cc2)c3ccccc3C(O)=O	320344	-3263	-560	3104	3177	4311	4834	-95	6760	459	8058	4937	2602
A-5094	dibutylbis(dodecylsulfanyl)stannane	2C12H26S.2C4H9.Sn	CCCCCCCCCCCCS[Sn](CCCC)(CCCC)SCCCCCCCCCCCC	635741	-6295	-6068	15311	20897	16913	11362	-2002	-3465	27422	-4097	-4610	-5697
G-281	3-Heptanoyloxymethylphenytoin	C23H26N2O4	O=C1N(COC(=O)CCCCCC)C(=O)C(N1)(c2ccccc2)c3ccccc3	394471	-6301	-6078	5973	3133	7067	7801	1812	-57	5644	4006	4937	2383
C-753	carbamazepine	C15H12N2O	NC(=O)N1C2=C(C=CC=C2)C=CC3=C1C=CC=C3	236274	-3290	-609	-149	2062	1733	1273	-3909	-57	-3689	4006	4937	-752
C-2593	iodipamide;  adipiodone	C20H14I6N2O6	OC(=O)C1=C(I)C(=C(I)C=C1I)NC(=O)CCCCC(=O)NC2=C(I)C=C(I)C(=C2I)C(O)=O	1139764	-3390	-791	32768	8614	17677	10768	1812	10169	5644	4006	1754	8476
D-1860	benzenesulfonamide, 4-amino-n-(6-ethoxy-3-pyrid-	C12H14N4O3S	CCOc1ccc(N[S](=O)(=O)c2ccc(N)cc2)nn1	294336	-2427	958	2098	-1968	1935	2460	5626	3352	1496	4006	1754	5744
F-1186	7-chloro-3',4,6-trimethoxy-5'-methylspiro[1-benzofuran-2,6'-cyclohex-2-ene]-1',3	C17H17ClO6	COC1=CC(=O)C2(OC3=C(C2=O)C(OC)=CC(OC)=C3Cl)C(C)C1	352770	-4400	-2625	4359	970	3640	4834	5626	-3465	-578	-46	4937	1887
B-2303	n-methyl-n-nitrosoacetamide	C3H6N2O2	CN(N=O)C(C)=O	102093	-768	3970	-5342	-4074	-5730	-5255	-95	-3465	-2652	-4097	-4610	-389
C-2050	quinclorac; 3,7-dichloro-8-carboxyquinoline; 3,7-dichloro-8-quinolinecarboxylic 	C10H5Cl2NO2	OC(=O)C1=C(Cl)C=CC2=C1N=CC(=C2)Cl	242061	-3570	-1118	75	1783	-509	-507	-2002	-57	-2652	4006	1754	-341
A-1002	9-Methylnonadecane	C20H42	CCCCCCCCCCC(C)CCCCCCCC	282556	-6451	-6350	1642	10612	4890	2460	-5816	-3465	12904	-4097	-4610	-5697
C-2411	4-(4-bromo-2-fluorophenylamino)-1,5-dimethyl-6-oxo-1,6-dihydropyridine-3-carboxy	C15H15BrFN3O3	CONC(=O)C1=CN(C)C(=O)C(=C1NC2=CC=C(Br)C=C2F)C	384205	-3280	-591	5576	629	3966	4240	3719	3352	459	4006	1754	2025
C-2361	naproxen,  ester 3a	C22H27NO6	COC1=CC2=CC=C(C=C2C=C1)C(C)C(=O)OCCOC(=O)CN3CCOCC3	401459	-4300	-2444	6244	137	6966	7801	7534	-3465	4607	4006	4937	2232
B-3927	5-methyl-2-hexanone	C7H14O	CC(C)CCC(C)=O	114188	-1325	2959	-4874	-542	-4139	-4661	-3909	-3465	-578	-4097	-4610	-3875
C-1113	2-methyl-4(5)-nitroimidazole	C4H5N3O2	CC1=NC=C([NH]1)[N+]([O-])=O	127103	-1630	2406	-4374	-3165	-4861	-4068	-95	-57	-2652	-46	-1428	1968
F-1083	7-(3-amino-2-methylazetidin-1-yl)-8-chloro-1-cyclopropyl-6-fluoro-4-oxoquinoline	C17H17ClFN3O3	CC1C(N)CN1C1=C(Cl)C2=C(C=C1F)C(=O)C(C(=O)O)=CN2C1CC1	365792	-4480	-2771	4863	123	4710	5427	3719	3352	-578	4006	8119	3754
A-5786	ethyl 2-cyanoprop-2-enoate	C6H7NO2	CCOC(=O)C(=C)C#N	125127	-6717	-6834	-4451	-3159	-4648	-4068	-95	-3465	-1615	-4097	-4610	-351
B-2605	benzoic acid, 5-bromo-2-chloro-	C7H4BrClO2	[O-]C(=O)c1cc(Br)ccc1Cl	234456	-1952	1821	-220	-1575	-2817	-2881	-2002	-3465	-2652	-46	-1428	-1414
F-842	N-hydroxy-7-methyl-1,3,3~{a},4,5,6-hexahydrobenzo[de]isoquinoline-2-carboximidam	C14H19N3O	CC1=CC=C2CN(C(N)=NO)CC3CCCC1=C23	245326	-1200	3186	201	-688	1301	1273	-2002	3352	-3689	-46	4937	904
B-2839	etrimfos	C10H17N2O4PS	CCOc1cc(O[P](=S)(OC)OC)nc(CC)n1	292297	-3864	-1651	2019	68	1427	1273	7534	-3465	3570	-46	-1428	994
D-1401	2-nitropropane	C3H7NO2	CC(C)[N+]([O-])=O	89094	-615	4249	-5845	-3079	-6050	-5848	-2002	-3465	-2652	-4097	-4610	-1093
A-842	pentyl pentanoate	C10H20O2	CCCCCOC(=O)CCCC	172268	-3624	-1217	-2626	1158	-1829	-2288	-2002	-3465	3570	-4097	-4610	-2890
B-2590	1,2-pentanediol, 1-phenyl-2-propyl-	C14H22O2	CCCC(O)(CCC)C(O)c1ccccc1	222328	-2648	557	-689	1426	618	86	-2002	3352	2533	-46	-1428	-1379
F-48	3-(2-oxopyridin-1-yl)propanoic acid	C8H9NO3	O=C(O)CCN1C=CC=CC1=O	167164	-600	4276	-2824	-3739	-2897	-2288	-95	-57	-578	-46	-1428	632
G-542	Cyclooctanol	C8H16O	OC1CCCCCCC1	128215	-1290	3023	-4331	-391	-3598	-4068	-3909	-57	-3689	-4097	-1428	-3538
B-1619	1,2-benzenediol, 4-(2-propenyl)-	C9H10O2	Oc1ccc(CC=C)cc1O	150177	-779	3952	-3481	-893	-2788	-2881	-2002	3352	-1615	-46	-1428	-1379
C-923	pefloxacin	C17H20FN3O3	CCN1C=C(C(O)=O)C(=O)C2=C1C=C(N3CCN(C)CC3)C(=C2)F	333363	-1470	2696	3608	-1302	4304	4834	3719	-57	-578	4006	4937	1323
B-4287	diazinon	C12H21N2O3PS	CCO[P](=S)(OCC)Oc1cc(C)nc(n1)C(C)C	304352	-3881	-1683	2485	2436	2565	1866	5626	-3465	3570	-46	-1428	9
C-2088	n-isonicotinoyl-n'-(2-methylbenzoyl)hydrazine	C14H13N3O2	CC1=C(C=CC=C1)C(=O)NNC(=O)C2=CC=NC=C2	255277	-2730	408	586	-1577	1251	1866	-95	3352	-1615	4006	1754	1890
B-2166	2,6-di-sec-butylphenol	C14H22O	CC[C@@H](C)c1cccc([C@@H](C)CC)c1O	206329	-5059	-3823	-1308	4015	520	-507	-3909	-57	459	-46	-1428	-3538
A-976	6-(prop-2-enoyloxy)hexyl prop-2-enoate	C12H18O4	C=CC(=O)OCCCCCCOC(=O)C=C	226272	-2819	245	-536	-554	-198	86	1812	-3465	5644	-4097	-4610	-83
A-6033	methyl 3-({4-[(E)-2-(2,4-dinitrophenyl)diazen-1-yl]-3-acetamidophenyl}(3-methoxy	C22H24N6O9	COC(=O)CCN(CCC(=O)OC)c1ccc(N=Nc2ccc(cc2[N+]([O-])=O)[N+]([O-])=O)c(NC(C)=O)c1	516467	-7333	-7952	10695	2861	10306	12548	17069	-57	8756	4006	1754	15214
A-1939	2-tert-butylcyclohexyl acetate	C12H22O2	CC(=O)O[C@@H]1CCCC[C@@H]1C(C)(C)C	198306	-4297	-2439	-1619	1621	-775	-1101	-2002	-3465	-2652	-4097	-1428	-2890
A-118	5-{[2-(2-butoxyethoxy)ethoxy]methyl}-6-propyl-2H-1,3-benzodioxole	C19H30O5	CCCCOCCOCCOCc1cc2OCOc2cc1CCC	338444	-4151	-2173	3805	2687	4645	4834	3719	-3465	9793	-46	1754	-772
A-939	triphenylphosphine oxide	C18H15OP	O=[P](c1ccccc1)(c2ccccc2)c3ccccc3	278291	-2877	140	1477	1946	3596	2460	-3909	-3465	-578	8058	4937	-3875
B-2788	prothiophos	C11H15Cl2O2PS2	CCCS[P](=S)(OCC)Oc1ccc(Cl)cc1Cl	345253	-6693	-6790	4068	6585	3583	1273	1812	-3465	3570	-46	-1428	-3727
B-1757	p-meo-b-phenylpropionic acid	C10H12O3	COc1ccc(CCC(O)=O)cc1	180203	-2214	1344	-2319	-1109	-1989	-1694	-2002	-57	459	-46	-1428	-731
B-133	gliotoxin	C13H14N2O4S2	CN1C(=O)[C@]23CC4=CC=C[C@H](O)[C@H]4N2C(=O)[C@@]1(CO)SS3	326399	-3669	-1297	3339	-4925	2558	3053	5626	3352	-2652	-4097	11302	2956
C-1714	gliotoxin	C13H14N2O4S2	CN1C(=O)C23CC4=CC=CC(O)C4N2C(=O)C1(CO)SS3	326399	-3670	-1299	3339	-4925	2558	3053	5626	3352	-2652	-4097	11302	2956
B-2538	ethanesulfinothioic acid, s-ethyl ester	C4H10OS2	CCS[S](=O)CC	138257	-99	5186	-3943	-1656	-3826	-5255	-2002	-3465	-578	-4097	-4610	-3875
A-3133	dibromomethane	CH2Br2	BrCBr	173835	-1286	3030	-2566	-1068	-5960	-7629	-5816	-3465	-3689	-4097	-4610	-5697
B-1866	n-oxidenicotinic acid	C6H5NO3	OC(=O)C1=C[NH++]([O-])[CH-]C=C1	140118	-1298	3008	-3871	-6112	-4330	-3475	-2002	-57	-2652	-4097	-1428	1534
B-2862	cyphenothrin	C24H25NO3	CC(C)=CC1C(C(=O)OC(C#N)c2cccc(Oc3ccccc3)c2)C1(C)C	375468	-7575	-8391	5238	6677	6891	7207	1812	-3465	2533	4006	4937	634
D-101	ethyl vinyl ether	C4H8O	CCOC=C	72107	-858	3808	-6503	-2142	-6096	-6442	-3909	-3465	-1615	-4097	-4610	-4712
E-419	p-hydroxybenzoic_acid	C7H6O3	O=C(O)c(ccc(O)c1)c1	138122	-1410	2805	-3948	-2286	-4091	-3475	-2002	3352	-2652	-46	-1428	443
B-936	nidroxyzone	C8H10N4O5	NC(=O)N(CCO)/N=C/c1oc(cc1)[N+]([O-])=O	242191	-2685	489	80	-4550	-871	680	5626	3352	1496	-46	-1428	8732
A-5265	2-[(acetyloxy)methyl]prop-2-en-1-yl acetate	C8H12O4	CC(=O)OCC(=C)COC(C)=O	172180	-780	3950	-2630	-3084	-2980	-2288	1812	-3465	459	-4097	-4610	-83
A-3197	5-methyl-octahydro-2-benzofuran-1,3-dione	C9H12O3	CC1CCC2C(C1)C(=O)OC2=O	168192	-1302	3002	-2784	-2226	-3178	-2288	-95	-3465	-3689	-4097	1754	-1068
B-3176	pyrazoxyfen	C20H16Cl2N2O3	Cn1nc(C)c(C(=O)c2ccc(Cl)cc2Cl)c1OCC(=O)c3ccccc3	403265	-2651	550	6314	4221	6363	6614	3719	-3465	2533	8058	4937	833
C-2195	1-(2-methylmorpholin-4-yl)sulfonyl-3-(6-bicyclo[2.2.1]-2-heptenylmethyl)urea	C14H23N3O4S	CC1CN(CCO1)[S](=O)(=O)NC(=O)NCC2CC3CC2C=C3	329422	-2260	1261	3456	-3473	2907	3647	1812	3352	459	-4097	4937	3667
B-3219	fenpiclonil	C11H6Cl2N2	Clc1cccc(c1Cl)c2c[nH]cc2C#N	237089	-4694	-3159	-118	2957	-170	-507	-3909	-57	-2652	4006	1754	-1473
B-3546	isopropazol	C15H12BrClF4N2O2	CC(C)OC(=O)c1cc(c(F)cc1Cl)c2nn(C)c(c2Br)C(F)(F)F	443622	-6923	-7207	7875	5543	3752	5427	1812	-3465	-578	4006	1754	-988
B-2722	glycine, n-(dithiocarboxy)-, n-ester with mercap	C5H7NO4S2	OC(=O)CNC(=S)SCC(O)=O	209248	-1301	3003	-1195	-4798	-2083	-2288	1812	6760	459	-4097	-4610	3548
B-563	4-methylpyridine	C6H7N	Cc1ccncc1	93129	1031	7238	-5689	-1719	-5014	-5255	-3909	-3465	-3689	-46	-1428	-4321
E-1106	ethyl_propionate	C5H10O2	O=C(OCC)CC	102133	-660	4167	-5341	-2534	-5324	-5255	-2002	-3465	-1615	-4097	-4610	-2890
A-4440	3,4-diaminobenzenesulfonic acid	C6H8N2O3S	Nc1ccc(cc1N)[S](O)(=O)=O	188208	-1181	3221	-2010	-4165	-2575	-2288	1812	6760	-2652	-46	-1428	5659
F-854	4-Nitrobenzohydrazide	C7H7N3O3	C1=CC(=CC=C1C(=O)NN)[N+](=O)[O-]	181151	-2160	1443	-2283	-3975	-2625	-1694	1812	3352	-1615	-46	-1428	4789
H-393	3-Mentanol	C10H20O	CC1CCCC(O)(C(C)C)C1	156269	-240	4930	-3246	541	-2221	-2881	-3909	-57	-2652	-4097	-1428	-3538
B-1862	2(3h)-benzoxazolethione	C7H5NOS	S=C1Nc2ccccc2O1	151190	-2180	1408	-3442	364	-3132	-3475	-2002	-57	-3689	4006	1754	-2609
A-2304	methyl palmitate	C17H34O2	CCCCCCCCCCCCCCCC(=O)OC	270457	-7830	-8855	1174	6328	3065	1866	-2002	-3465	10830	-4097	-4610	-2890
A-129	3-[(2E)-oct-2-en-1-yl]oxolane-2,5-dione; 3-[(2Z)-oct-2-en-1-yl]oxolane-2,5-dione	C12H18O3	CCCCCC/C=C/C1CC(=O)OC1=O	210273	-4022	-1938	-1156	577	-754	-507	-95	-3465	2533	-4097	-1428	-1068
C-207	5-ethyl-5-heptylbarbituric  acid	C13H22N2O3	CCCCCCCC1(CC)C(=O)NC(=O)NC1=O	254330	-3430	-864	550	-357	862	1273	-95	3352	3570	-4097	-1428	2336
A-3694	2-[(butylcarbamoyl)oxy]ethyl prop-2-enoate	C10H17NO4	CCCCNC(=O)OCCOC(=O)C=C	215249	-1635	2397	-963	-1999	-1010	-507	1812	-57	3570	-4097	-4610	1200
E-373	diethyl_phthalate	C12H14O4	O=C(OCC)c(c(ccc1)C(=O)OCC)c1	222240	-2350	1098	-692	-489	-565	86	1812	-3465	459	-46	-1428	-83
H-436	2,2',5,5'-Tetrachlorobenzyl 4-toluene	C14H10Cl4	CC1=C(Cl)C=C(CC2=CC(Cl)=CC=C2Cl)C(Cl)=C1	320046	-8030	-9218	3093	7385	2783	1273	-5816	-3465	-1615	4006	1754	-5697
C-645	methazolamide	C5H8N4O3S2	CN1N=C(SC1=NC(C)=O)[S](N)(=O)=O	236278	-1920	1879	-149	-7046	-2026	-1101	5626	-57	-2652	-46	-1428	5766
F-630	5-nitro-2-prop-2-enoxyaniline	C9H10N2O3	C=CCOC1=C(C=C(C=C1)[N+](=O)[O-])N	194190	-2800	281	-1778	-1053	-1345	-1101	1812	-57	459	-46	-1428	2669
B-1266	2,2-dimethylhexane	C8H18	CCCCC(C)(C)C	114232	-5757	-5089	-4872	1750	-3498	-4661	-5816	-3465	-1615	-4097	-4610	-5697
A-18	2-methyl-1-phenylpropan-2-yl acetate	C12H16O2	CC(=O)OC(C)(C)Cc1ccccc1	192258	-2395	1017	-1853	516	-923	-1101	-2002	-3465	-578	-46	-1428	-2890
C-31	1,3-diethyl-2-thiourea;  n,n'-diethylthiourea	C5H12N2S	CCNC(=S)NCC	132232	-1460	2714	-4176	-3422	-3351	-4661	-3909	3352	-1615	-4097	-4610	-3129
C-1336	morpholin-4-ylcarbonylmethyl  acetylsalicylate; n-[2-(2-acetoxybenzoyloxy)acetyl	C15H17NO6	CC(=O)OC1=CC=CC=C1C(=O)OCC(=O)N2CCOCC2	307302	-1800	2097	2600	-3162	2021	3647	5626	-3465	459	-46	1754	3069
B-2475	2-naphthol, 3-(2-imidazolin-2-yl)-	C13H12N2O	Oc1cc2ccccc2cc1C3=NCCN3	212252	-3302	-630	-1079	-763	444	86	-95	3352	-2652	4006	4937	-935
A-171	(3-isocyanatopropyl)trimethoxysilane	C7H15NO4Si	CO[Si](CCCN=C=O)(OC)OC	205286	-3257	-549	-1349	-3233	-1952	-1694	3719	-3465	3570	-4097	-4610	399
H-574	Prasterone	C19H28O2	CC12CCC3C(CC=C4CC(O)CCC43C)C1CCC2=O	288431	-4010	-1917	1869	2993	3124	3053	-2002	-57	-3689	-4097	8119	-1716
D-1336	prasterone	C19H28O2	C[C@]12CC[C@H]3[C@@H](CC=C4C[C@@H](O)CC[C@]34C)[C@@H]1CCC2=O	288431	-4122	-2120	1869	2993	3124	3053	-2002	-57	-3689	-4097	8119	-1716
B-3378	halosulfuron-methyl	C13H15ClN6O7S	COC(=O)c1c(Cl)nn(C)c1[S](=O)(=O)NC(=O)Nc2nc(OC)cc(OC)n2	434818	-4464	-2742	7535	-4014	4837	7207	15162	3352	2533	4006	1754	11766
F-429	2,5,9-trimethylpyrano[5,6-f][1]benzoxol-7-one	C14H12O3	CC1=CC2=CC3=C(OC(=O)C=C3C)C(C)=C2O1	228247	-5280	-4224	-460	2208	663	680	-95	-3465	-3689	8058	4937	-1071
B-2897	methyldymron	C17H20N2O	CN(C(=O)NC(C)(C)c1ccccc1)c2ccccc2	268360	-3350	-717	1092	2782	3143	2460	-3909	-57	-578	4006	1754	-2245
A-2647	2-ethylhexyl 2-cyano-3,3-diphenylprop-2-enoate	C24H27NO2	CCCCC(CC)COC(=O)C(C#N)=C(c1ccccc1)c2ccccc2	361485	-6558	-6545	4697	6576	7071	6614	-95	-3465	5644	4006	1754	-351
B-1620	1h-pyrazol-5-amine, 3-methyl-1-phenyl-	C10H11N3	Cc1cc(N)n(n1)c2ccccc2	173219	-938	3663	-2590	-1013	-1419	-1694	-95	-57	-2652	4006	1754	-1018
B-180	2-iodopropane	C3H7I	CC(C)I	169993	-2084	1580	-2714	-886	-4986	-7035	-5816	-3465	-3689	-4097	-4610	-5697
B-1385	2,4-dimethyl-2-pentanol	C7H16O	CC(C)CC(C)(C)O	116204	-931	3676	-4796	-936	-3987	-4661	-3909	-57	-1615	-4097	-4610	-3538
B-3563	benzo(a)pyrene	C20H12	c1ccc2c(c1)cc3ccc4cccc5ccc2c3c45	252316	-8192	-9513	472	6510	3871	2460	-5816	-3465	-3689	16162	11302	-5697
B-2268	phthalic acid, 3-nitro-, 2-butyl ester	C12H13NO6	CCC(C)OC(=O)c1cccc(c1C([O-])=O)[N+]([O-])=O	266229	-2719	427	1010	-2621	77	1866	5626	-3465	1496	-46	-1428	5996
C-1952	acetaminophen  octanoate;  4-(octanoyloxy)acetanilide	C16H23NO3	CCCCCCCC(=O)OC1=CC=C(NC(C)=O)C=C1	277364	-4440	-2698	1441	3053	2676	2460	-95	-57	4607	-46	-1428	215
E-1000	Demeclocycline	C21H21ClN2O8	c1cc(O)c2C(=O)C3=C(O)C4(O)C(=O)C(C(=O)N)=C(O)C(N(C)C)C4CC3C(O)c2c1Cl	464858	-2520	789	8697	-3849	7246	9581	11348	16986	-1615	-46	8119	13686
C-236	5-ethylbarbituric acid	C6H8N2O3	CCC1C(=O)NC(=O)NC1=O	156141	-920	3695	-3251	-5527	-4031	-2881	-95	3352	-2652	-4097	-1428	2336
E-92	bromodichloromethane	CHBrCl2	ClC(Br)Cl	163829	-1540	2569	-2953	-295	-5703	-7035	-5816	-3465	-3689	-4097	-4610	-5697
D-1788	2,4,6-trinitroanisole	C7H5N3O7	COc1c(cc(cc1[N+]([O-])=O)[N+]([O-])=O)[N+]([O-])=O	243131	-3085	-237	116	-1663	-1382	680	7534	-3465	459	-46	-1428	9100
B-2849	alanine, n-(aminocarbonyl)-2-methyl-	C5H10N2O3	CC(C)(NC(N)=O)C(O)=O	146146	-1165	3250	-3637	-5263	-4187	-3475	-2002	6760	-1615	-4097	-4610	4166
A-301	[2-(1-propoxyethoxy)ethyl]benzene	C13H20O2	CCCOC(C)OCCc1ccccc1	208301	-3384	-780	-1232	1363	-43	-507	-2002	-3465	3570	-46	-1428	-3727
F-631	1-(4-methoxyphenyl)-1-methylurea	C9H12N2O2	COC1=CC=C(N(C)C(N)=O)C=C1	180207	-1160	3259	-2319	-2060	-1681	-1694	-2002	-57	-1615	-46	-1428	233
F-795	Methyl N-[2-({[(2-methyl-2-propanyl)oxy]carbonyl}amino)-4-pentynoyl]glycinate	C13H20N2O5	C#CCC(NC(=O)OC(C)(C)C)C(=O)NCC(=O)OC	284312	-1450	2732	1710	-3987	1446	2460	3719	3352	1496	-4097	-4610	4306
B-2540	2h-pyran, tetrahydro-2-methoxy-6-methyl-	C7H14O2	COC1CCCC(C)O1	130187	-592	4291	-4255	-1420	-4072	-4068	-2002	-3465	-2652	-4097	-1428	-3727
B-1040	hydrocortisone tebutate	C27H40O6	CC(C)(C)CC(=O)OCC(=O)C1(O)CCC2C3CCC4=CC(=O)CCC4(C)C3C(O)CC12C	460611	-5511	-4643	8533	2784	9236	10175	5626	3352	459	-4097	8119	5071
B-2354	l-tyrosine, n-acetyl-3,5-dibromo-	C11H11Br2NO4	CC(=O)N[C@@H](Cc1cc(Br)c(O)c(Br)c1)C(O)=O	381020	-2183	1401	5453	-472	1569	1273	-95	6760	459	-46	-1428	3548
C-2453	2-sulfamoyl-5-(4'-tolyl)sulfonamido-1,3,4-thiadiazole; 5-(4-methylbenzenesulfony	C9H10N4O4S3	CC1=CC=C(C=C1)[S](=O)(=O)NC2=NN=C(S2)[S](N)(=O)=O	334404	-1220	3150	3648	-3792	1693	2460	7534	3352	459	4006	1754	8402
B-3445	butanamide, 4-(benzoyloxy)-n,n-dimethyl-	C13H17NO3	CN(C)C(=O)CCCOC(=O)c1ccccc1	235283	-1229	3135	-188	-1110	389	680	-95	-3465	1496	-46	-1428	-723
C-1865	2,6,8-triaminopurine	C5H7N7	NC1=NC2=C([NH]1)N=C(N)N=C2N	165160	-1520	2605	-2902	-6055	-2599	-2288	5626	10169	-3689	4006	1754	8446
F-295	4-Bromo-5-(4-bromophenyl)dihydro-2,3-furandione	C10H6Br2O3	O=C1OC(C2=CC=C(Br)C=C2)C(Br)C1=O	333963	-3050	-173	3631	154	-210	-507	-95	-3465	-2652	-46	1754	-1068
B-1157	o-thymotic acid	C11H14O3	CC(C)c1ccc(C)c(C(O)=O)c1O	194230	-3288	-606	-1776	424	-1241	-1101	-2002	3352	-1615	-46	-1428	443
F-1087	7-(3-amino-2,3-dimethylazetidin-1-yl)-1-cyclopropyl-6,8-difluoro-4-oxoquinoline-	C18H19F2N3O3	CC1N(C2=C(F)C3=C(C=C2F)C(=O)C(C(=O)O)=CN3C2CC2)CC1(C)N	363364	-5040	-3788	4769	-112	4644	6021	3719	3352	-578	4006	8119	3754
B-31	thiotepa	C6H12N3PS	S=[P](N1CC1)(N2CC2)N3CC3	189224	2	5369	-1970	-4052	-1981	-2881	-3909	-3465	-578	-4097	4937	-4733
F-417	2,3-DIMETHOXYBENZOIC ACID	C9H10O4	COC1=CC=CC(C(=O)O)=C1OC	182175	-2140	1479	-2243	-1696	-2359	-1694	-95	-57	-578	-46	-1428	254
F-951	N-[4-(acridin-9-ylamino)-3-methylaminophenyl]methanesulfonamide	C21H20N4O2S	CNC1=C(NC2=C3C=CC=CC3=NC3=C2C=CC=C3)C=CC(NS(C)(=O)=O)=C1	392484	-2940	26	5896	4253	8313	7207	3719	6760	1496	12110	8119	3174
B-1520	pyrimidine, 2-(methylthio)-	C5H6N2S	CSc1ncccn1	126184	-402	4636	-4410	-2082	-4281	-4661	-95	-3465	-2652	-46	-1428	-2946
B-4424	1,2,3,4,6,7,8,9-octachlorodibenzo-p-dioxin	C12Cl8O2	Clc1c(Cl)c(Cl)c2Oc3c(Cl)c(Cl)c(Cl)c(Cl)c3Oc2c1Cl	459754	-12060	-16538	8500	12331	4698	3647	-2002	-3465	-3689	4006	4937	-3727
A-5997	4-methyl-2,6-bis[(4-methylphenyl)amino]-5-{2-[2-(trifluoromethyl)phenyl]diazen-1	C28H23F3N6	Cc1ccc(Nc2nc(Nc3ccc(C)cc3)c(C#N)c(C)c2N=Nc4ccccc4C(F)(F)F)cc1	500528	-7717	-8650	10078	12308	11530	12548	5626	3352	2533	12110	8119	3423
F-1156	Naproxen morpholinobutyl ester	C22H29NO4	COC1=CC2=CC=C(C(C)C(=O)OCCCCN3CCOCC3)C=C2C=C1	371477	-3700	-1354	5083	2479	6705	6614	3719	-3465	4607	4006	4937	-574
A-3530	2-hydroxy-3-phenoxypropyl prop-2-enoate	C12H14O4	CCCOC(=O)C(/O)=C/Oc1ccccc1	222240	-1623	2419	-692	227	-462	86	1812	-57	1496	-46	-1428	254
C-2264	2,2',4,4',6-pentachlorodiphenyl  ether	C12H5Cl5O	ClC1=CC=C(OC2=C(Cl)C=C(Cl)C=C2Cl)C(=C1)Cl	342436	-7330	-7947	3959	8420	2411	1273	-3909	-3465	-1615	4006	1754	-4712
D-1085	disperse red 1	C16H18N4O3	CCN(CCO)c1ccc(cc1)N=Nc2ccc(cc2)[N+]([O-])=O	314345	-6293	-6063	2872	2898	4028	4240	5626	-57	3570	4006	1754	4050
B-3396	flumioxazin	C19H15FN2O4	Fc1cc2OCC(=O)N(CC#C)c2cc1N3C(=O)C4=C(CCCC4)C3=O	354337	-5297	-4254	4420	-700	4388	6021	1812	-3465	-1615	-46	8119	1445
D-277	metribuzin	C8H14N4OS	CSC1=NN=C(C(=O)N1N)C(C)(C)C	214294	-2245	1289	-1000	-3647	-782	-1101	5626	-57	-2652	-46	-1428	2179
B-1225	2,6-diethylaniline	C10H15N	CCc1cccc(CC)c1N	149237	-2348	1102	-3518	181	-1889	-2881	-3909	-57	-1615	-46	-1428	-2920
B-3196	ketanserin	C22H22FN3O3	Fc1ccc(cc1)C(=O)C2CCN(CC2)CCN3C(=O)Nc4ccccc4C3=O	395434	-4597	-2983	6010	238	7062	7801	3719	-57	1496	8058	8119	2325
H-517	2,2',3,3',4,4',5,5',6'-Nonachlorodiphenyl ether	C12HCl9O	ClC1=C(Cl)C(Cl)=C(Cl)C(OC2=C(Cl)C(Cl)=C(Cl)C(Cl)=C2Cl)=C1	480216	-10550	-13795	9292	13368	5445	3647	-3909	-3465	-1615	4006	1754	-4712
B-2830	1-chloro-2-nitropropane	C3H6ClNO2	C[C@@H](CCl)[N+]([O-])=O	123539	-1189	3207	-4512	-2665	-5286	-5255	-2002	-3465	-1615	-4097	-4610	-1093
A-3487	2-methylpentanedinitrile	C6H8N2	CC(CCC#N)C#N	108144	-316	4793	-5108	-1606	-4915	-4661	-2002	-3465	-1615	-4097	-4610	-619
B-1737	ethanediamide, n,n'-bis(2-hydroxyethyl)-	C6H12N2O4	OCCNC(=O)C(=O)NCCO	176172	-112	5162	-2475	-9645	-3315	-2288	1812	10169	459	-4097	-4610	4832
A-412	N-[3-(diethylamino)phenyl]acetamide	C12H18N2O	CCN(CC)c1cccc(NC(C)=O)c1	206289	-2469	881	-1310	366	336	-507	-2002	-57	459	-46	-1428	-2245
B-3100	acetamide, 2-(benzoyloxy)-n-ethyl-	C11H13NO3	CCNC(=O)COC(=O)c1ccccc1	207229	-2237	1303	-1273	-2496	-1011	-507	-95	-57	459	-46	-1428	215
E-1062	4-chlorobiphenyl	C12H9Cl	c1ccccc1c2ccc(Cl)cc2	188657	-5200	-4078	-1992	3235	-787	-1694	-5816	-3465	-2652	4006	1754	-5697
A-3678	2,5-dihydrofuran-2,5-dione	C4H2O3	O=C1OC(=O)C=C1	98057	618	6488	-5498	-5058	-6336	-5255	-95	-3465	-3689	-4097	-1428	-1068
A-5496	dimethyl octadecylphosphonate	C20H43O3P	CCCCCCCCCCCCCCCCCC[P](=O)(OC)OC	362535	-5530	-4677	4737	10290	6655	4834	-95	-3465	16015	-4097	-4610	-1905
A-4630	2-chlorobenzaldehyde	C7H5ClO	Clc1ccccc1C=O	140569	-1981	1769	-3853	-276	-3823	-4068	-3909	-3465	-2652	-46	-1428	-3875
A-1887	2-(2-ethoxyethoxy)ethyl acetate	C8H16O4	CCOCCOCCOC(C)=O	176212	754	6735	-2474	-3210	-2747	-2288	1812	-3465	3570	-4097	-4610	-920
B-2239	acetic acid, [2-methoxy-4-(2-propenyl)phenoxy]-	C12H14O4	COc1cc(CC=C)ccc1OCC([O-])=O	221232	-2279	1228	-731	-3305	-710	86	1812	-3465	2533	-46	-1428	556
B-600	1,4-dichloro-2-butene(trans)	C4H6Cl2	ClC/C=C/CCl	124998	-2168	1429	-4456	-526	-4770	-5848	-5816	-3465	-1615	-4097	-4610	-5697
B-1664	1,4-dichloro-2-butene(cis)	C4H6Cl2	ClC\C=C/CCl	124998	-2333	1128	-4456	-526	-4770	-5848	-5816	-3465	-1615	-4097	-4610	-5697
B-2835	5-pyrimidinecarboxylic aicd, 1,2,3,4-tetrahydro-	C7H8N2O3S	CCOC(=O)C1=CNC(=S)NC1=O	200219	-2098	1555	-1545	-3197	-2102	-1694	1812	3352	-1615	-46	-1428	2302
F-979	4-(Carboxysulfanyl)-3-phenylbutanoic acid	C11H12O4S	O=C(O)CC(CSC(=O)O)C1=CC=CC=C1	240280	-1240	3114	6	678	-25	86	-95	3352	1496	-46	-1428	2264
B-3293	flusilazole	C16H15F2N3Si	C[Si](Cn1cncn1)(c2ccc(F)cc2)c3ccc(F)cc3	315399	-3766	-1475	2913	-586	3274	3647	-95	-3465	459	8058	4937	-2419
C-1476	naproxen ester vd; naproxen [n-(carbamoylmethyl)-n-(methyl)carbamoyl]methyl este	C19H22N2O5	COC1=CC=C2C=C(C=CC2=C1)C(C)C(=O)OCC(=O)N(C)CC(N)=O	358394	-3780	-1499	4577	-1627	5242	6021	3719	-57	3570	4006	1754	4861
A-886	6-amino-2-(2,4-dimethylphenyl)-1H-benzo[de]isoquinoline-1,3(2H)-dione	C20H16N2O2	Cc1ccc(N2C(=O)c3cccc4c(N)ccc(C2=O)c34)c(C)c1	316360	-4892	-3518	2950	2918	5047	4834	-95	-57	-2652	8058	8119	1069
B-2043	1,2-bis(2-chloroethylsulfonyl)ethane	C6H12Cl2O4S2	ClCC[S](=O)(=O)CC[S](=O)(=O)CCCl	283198	-1449	2735	1667	-3795	-505	-1101	1812	-3465	3570	-4097	-4610	1590
A-1022	(2E)-3,7-dimethylocta-2,6-dien-1-yl formate	C11H18O2	CC(C)=CCC\C(C)=C\COC=O	182263	-3746	-1438	-2240	1049	-1158	-1694	-2002	-3465	2533	-4097	-4610	-2890
A-4106	2-methylprop-2-enamide	C4H7NO	CC(=C)C(N)=O	85106	375	6048	-6000	-4260	-5765	-5848	-3909	-57	-2652	-4097	-4610	-1098
F-751	2-[(4-aminophenyl)sulfonylamino]benzoic acid	C13H12N2O4S	NC1=CC=C(S(=O)(=O)NC2=C(C(=O)O)C=CC=C2)C=C1	292316	-800	3913	2020	-1004	1965	2460	1812	6760	459	4006	1754	5988
C-2469	2-sulfamoyl-5-pentafluorobenzoylamido-1,3,4-thiadiazole	C9H3F5N4O3S2	N[S](=O)(=O)C1=NN=C(NC(=O)C2=C(F)C(=C(F)C(=C2F)F)F)S1	374272	-1370	2878	5191	-2205	512	4240	5626	3352	-578	4006	1754	6580
B-803	nithiazide	C6H8N4O3S	CCNC(=O)Nc1sc(cn1)[N+]([O-])=O	216222	-2858	176	-925	-2093	-1608	-1101	3719	3352	-578	-46	-1428	4672
A-1312	3,7,11-trimethyldodeca-1,6,10-trien-3-ol,mixed isomers	C15H26O	CC(C)=CCC\C(C)=C\CCC(C)(O)C=C	222372	-3985	-1872	-687	3972	1573	86	-3909	-57	3570	-4097	-4610	-3538
A-6072	2-[(E)-2-(3-chloro-4-{3-chloro-4-[(E)-2-[1-(hydrazinecarbonyl)-2-oxopropyl]diaze	C20H20Cl2N8O4	CC(=O)C(N=Nc1ccc(c(Cl)c1)c2ccc(N=NC(C(C)=O)C(=O)NN)c(Cl)c2)C(=O)NN	507338	-8705	-10444	10341	804	9455	10768	13255	10169	5644	4006	1754	14988
A-3372	2,2,4,4-tetramethylcyclobutane-1,3-diol	C8H16O2	CC1(C)C(O)C(C)(C)C1O	144214	-374	4687	-3712	-2885	-3408	-3475	-2002	3352	-3689	-4097	-1428	-1379
C-2082	thebaine	C19H21NO3	COC1=CC=C2C3CC4=C5C(=C(OC)C=C4)OC1C25CCN3C	311381	-2660	535	2757	239	3773	4240	1812	-3465	-1615	-46	11302	-2396
D-1547	thebaine	C19H21NO3	COC1=CC=C2[C@H]3Cc4ccc(OC)c5O[C@@H]1[C@]2(CCN3C)c45	311381	-2661	533	2757	239	3773	4240	1812	-3465	-1615	-46	11302	-2396
A-1275	2-(phenoxymethyl)oxirane	C9H10O2	C1OC1COc2ccccc2	150177	-1796	2103	-3481	-1579	-3090	-2881	-2002	-3465	-578	-46	1754	-3375
B-210	heptachlor	C10H5Cl7	ClC1C=CC2C1C3(Cl)C(=C(Cl)C2(Cl)C3(Cl)Cl)Cl	373321	-6317	-6107	5155	5572	2122	680	-5816	-3465	-3689	-4097	4937	-5697
B-1712	1,1-dichlorofluoroethane	C2H3Cl2F	CC(F)(Cl)Cl	116950	-2445	926	-4767	-361	-6188	-6442	-5816	-3465	-3689	-4097	-4610	-5697
B-220	3-methyl-3-pentanol	C6H14O	CCC(C)(O)CC	102177	-380	4676	-5339	-1402	-4676	-5255	-3909	-57	-1615	-4097	-4610	-3538
A-2734	tris(2-ethylhexyl) 2-acetoxypropane-1,2,3-tricarboxylate	C32H58O8	CCCCC(CC)COC(=O)CC(CC(=O)OCC(CC)CCCC)(OC(C)=O)C(=O)OCC(CC)CCCC	570808	-7058	-7452	12798	9558	14300	14329	9441	-3465	21200	-4097	-4610	5530
A-3374	1,4-bis({3-[2-(2-hydroxyethoxy)ethoxy]propyl}amino)-9,10-dihydroanthracene-9,10-	C28H38N2O8	OCCOCCOCCCNc1ccc(NCCCOCCOCCO)c2C(=O)c3ccccc3C(=O)c12	530618	57	5470	11242	-343	12314	13142	13255	10169	17052	4006	4937	8772
B-2150	2-acetoxy-propionic acid butyl ester	C9H16O4	CCCCOC(=O)C(C)OC(C)=O	188223	-754	3997	-2009	-1925	-2270	-1694	1812	-3465	1496	-4097	-4610	-83
B-2964	hydrazinecarboxamide, 1-(2-hydroxyhexyl)-2-[(5-n	C12H18N4O5	CCCCC(O)CN(\N=C/c1oc(cc1)[N+]([O-])=O)C(N)=O	298299	-3572	-1121	2251	-1599	1922	3053	5626	3352	4607	-46	-1428	8732
A-1652	methyl oct-2-ynoate	C9H14O2	CCCCCC#CC(=O)OC	154209	-3009	-99	-3325	-1051	-2748	-2881	-2002	-3465	-578	-4097	-4610	-2890
B-3428	propaquizafop	C22H22ClN3O5	CC(Oc1ccc(Oc2cnc3cc(Cl)ccc3n2)cc1)C(=O)OCCON=C(C)C	443887	-5848	-5255	7886	4733	8292	8988	9441	-3465	5644	8058	4937	4135
A-49	undec-10-enoic acid	C11H20O2	OC(=O)CCCCCCCCC=C	184279	-3553	-1087	-2162	2044	-1108	-1694	-3909	-57	5644	-4097	-4610	-1716
A-1994	2-(2-{2-[(2-ethylhexanoyl)oxy]ethoxy}ethoxy)ethyl 2-ethylhexanoate	C22H42O6	CCCCC(CC)C(=O)OCCOCCOCCOC(=O)C(CC)CCCC	402572	-5420	-4478	6287	4242	7280	7207	5626	-3465	16015	-4097	-4610	1887
B-2977	1,2,3-trichloro-4-methoxybenzene	C7H5Cl3O	COc1ccc(Cl)c(Cl)c1Cl	211475	-4292	-2429	-1109	2569	-2129	-2881	-3909	-3465	-2652	-46	-1428	-4712
A-5929	4-[(E)-2-(2,5-dichlorophenyl)diazen-1-yl]-3-hydroxy-N-(2-methoxyphenyl)naphthale	C24H17Cl2N3O3	COc1ccccc1NC(=O)C2=Cc3ccccc3C(=N/Nc4cc(Cl)ccc4Cl)\C2=O	466324	-8465	-10007	8754	5916	9931	9581	3719	3352	1496	8058	8119	2818
B-3537	me (1-(4-bromo)phenylsulfonyl) cyclohexane carbo	C14H17BrO4S	COC(=O)C1(CCCCC1)[S](=O)(=O)c2ccc(Br)cc2	361257	-4479	-2768	4688	1516	2585	2460	1812	-3465	-578	-46	1754	753
C-2569	2-(4-bromophenylsulfonylamino)-4-(4-sulfamoylphenylamino)pyrimidine; n4-[2-(4-br	C16H14BrN5O4S2	N[S](=O)(=O)C1=CC=C(NC2=NC(=NC=C2)N[S](=O)(=O)C3=CC=C(Br)C=C3)C=C1	484357	-2620	608	9452	251	6964	7207	7534	6760	2533	8058	4937	9686
B-3331	barbituric acid, 5-(2-butenyl)-1,5-dimethyl-	C10H14N2O3	CC=CCC1(C)C(=O)NC(=O)N(C)C1=O	210233	-1544	2561	-1157	-3088	-1247	-507	-95	-57	-1615	-4097	-1428	1398
B-4208	chlorfenvinphos	C12H14Cl3O4P	CCO[P](=O)(OCC)OC(=C\Cl)/c1ccc(Cl)cc1Cl	359573	-3462	-922	4623	6494	3051	2460	1812	-3465	3570	-46	-1428	-920
C-423	1,4,5-trimethylnaphthalene	C13H14	CC1=CC=C(C)C2=C1C=CC=C2C	170255	-4920	-3570	-2704	2777	-595	-1694	-5816	-3465	-3689	4006	1754	-5697
C-1933	n-hydroxymethyl-5-chlorobenzoxazol-2-one; n-(hydroxymethyl)chlorzoxazone	C8H6ClNO3	OCN1C(=O)OC2=CC=C(Cl)C=C12	199593	-2700	462	-1569	-2083	-2178	-1694	1812	-57	-2652	4006	1754	212
G-1141	Vinclozolin	C12H9Cl2NO3	CC1(OC(=O)N(C1=O)c2cc(Cl)cc(Cl)c2)C=C	286114	-4925	-3579	1780	2126	1052	1273	-95	-3465	-1615	-46	1754	-723
I-14	bromogramine	C11H13BrN2	Brc1cc2c(CN(C)C)c[nH]c2cc1	253143	-4060	-2008	504	1314	197	-1101	-3909	-57	-1615	4006	1754	-3666
B-2607	acetic acid, 1-(3,4-dichlorophenyl)-2,2,2-trichl	C10H7Cl5O2	CC(=O)OC(c1ccc(Cl)c(Cl)c1)C(Cl)(Cl)Cl	336429	-3828	-1586	3727	5054	1389	680	-2002	-3465	-1615	-46	-1428	-2890
B-2827	pyrido[3,2-d]pyrimidin-4(1h)-one	C7H5N3O	O=C1N=CNc2cccnc12	147137	-2066	1614	-3599	-3748	-3320	-2881	-95	-57	-3689	4006	1754	561
G-1127	Tricresyl phosphate	C21H21O4P	Cc1ccc(OP(=O)(Oc2cccc(C)c2)Oc3ccccc3C)cc1	368369	-6010	-5549	4963	7494	6199	6021	1812	-3465	2533	8058	4937	-920
A-1128	4-amino-N-(4-carbamoylphenyl)benzamide	C14H13N3O2	NC(=O)c1ccc(NC(=O)c2ccc(N)cc2)cc1	255277	-4916	-3562	586	-1284	1769	1866	-95	6760	-578	4006	1754	4784
C-1603	3-cyclohexyl-2-mercaptopropenoic  acid	C9H14O2S	OC(=O)/C(S)=C/C1CCCCC1	186276	-2670	517	-2084	316	-1636	-2288	-2002	3352	-1615	-4097	-1428	-1716
A-4551	1,2-oxathiolane 2,2-dioxide	C3H6O3S	O=[S]1(=O)CCCO1	122145	-87	5208	-4566	-4849	-5713	-5255	-95	-3465	-3689	-4097	-1428	-1068
B-2990	praziquantel	C19H24N2O2	O=C1CN(CC2N1CCc3ccccc23)C(=O)C4CCCCC4	312413	-2893	112	2797	448	3887	4240	-2002	-3465	-2652	-46	8119	-1362
D-1360	1-propanone, 1-(4-hydroxyphenyl)-	C9H11NO	CCC(=O)c1ccc(N)cc1	149193	-2627	595	-3519	-826	-2515	-2881	-2002	-57	-1615	-46	-1428	-1098
A-5003	1-benzyl-N-phenylpiperidin-4-amine	C18H22N2	C1CN(CCC1Nc2ccccc2)Cc3ccccc3	266388	-3954	-1816	1016	2773	3440	2460	-2002	-57	459	4006	4937	-4067
B-542	n-methyl glycine	C3H7NO2	CNCC(O)=O	89094	527	6324	-5845	-5694	-6136	-5848	-2002	3352	-1615	-4097	-4610	-432
A-2991	2-(2-ethoxyethoxy)ethyl prop-2-enoate	C9H16O4	CCOCCOCCOC(=O)C=C	188223	-181	5037	-2009	-2895	-2062	-1694	1812	-3465	4607	-4097	-4610	-920
C-2045	myclozolin; 3-(3,5-dichlorophenyl)-5-methoxymethyl-5-methyl-oxazolidine-2,4-dion	C12H11Cl2NO4	COCC1(C)OC(=O)N(C1=O)C2=CC(=CC(=C2)Cl)Cl	304129	-4660	-3097	2477	1105	1306	1866	1812	-3465	-578	-46	1754	262
A-5663	1-ethyl-6-hydroxy-4-methyl-5-[(E)-2-(2-nitrophenyl)diazen-1-yl]-2-oxo-1,2-dihydr	C15H13N5O4	CCN1C(=O)C(=N/Nc2ccccc2[N+]([O-])=O)\C(=C(C#N)C1=O)C	327300	-6816	-7013	3374	-1338	3449	4834	7534	-57	459	-46	1754	8038
A-1305	1-cyclohexylethyl butanoate	C12H22O2	CCCC(=O)OC(C)C1CCCCC1	198306	-3921	-1755	-1619	1894	-764	-1101	-2002	-3465	459	-4097	-1428	-2890
F-771	5,5-diethyl-4,6-dioxo-1H-pyrimidin-2-olate	C8H12N2O3	CCC1(C(=O)NC(=NC1=O)[O-])CC	183187	-70	5239	-2204	-5930	-2799	-1694	-95	-57	-1615	-4097	-1428	3010
C-109	5,5-diethylbarbituric  acid;  veronal;  barbital;  barbitone	C8H12N2O3	CCC1(CC)C(=O)NC(=O)NC1=O	184195	-1420	2787	-2165	-4050	-2633	-1694	-95	3352	-1615	-4097	-1428	2336
B-867	benzo(b)fluoranthene	C20H12	c1ccc2c(c1)cc3c4ccccc4c5cccc2c35	252316	-8226	-9574	472	6327	3603	2460	-5816	-3465	-3689	12110	11302	-5697
F-880	1,1-dioxospiro[2,1$l^{6}-benzoxathiole-3,9'-xanthene]-2',7'-diol	C19H12O6S	O=S1(=O)OC2(C3=C(C=CC(O)=C3)OC3=C2C=C(O)C=C3)C2=C1C=CC=C2	368366	-3500	-991	4963	1734	4360	6021	5626	3352	-3689	8058	11302	4234
B-3084	3,4,4'-trichlorodiphenyl ether	C12H7Cl3O	Clc1ccc(Oc2ccc(Cl)c(Cl)c2)cc1	273546	-5660	-4914	1293	5946	894	86	-3909	-3465	-1615	4006	1754	-4712
A-3742	2-methylpentanal	C6H12O	CCCC(C)C=O	100161	-1377	2864	-5417	-1281	-4838	-5255	-3909	-3465	-578	-4097	-4610	-3875
C-1063	moricizine	C22H25N3O4S	CCOC(=O)NC1=CC2=C(SC3=C(C=CC=C3)N2C(=O)CCN4CCOCC4)C=C1	427526	-3900	-1717	7252	3424	8265	8394	5626	-57	1496	4006	8119	1892
F-201	nonanebis(thioic S-acid)	C9H16O2S2	OC(=S)CCCCCCCC(O)=S	220359	-2390	1025	-765	2252	104	-1694	-2002	3352	4607	-4097	-4610	-1379
A-2436	3,7-dimethylocta-1,6-diene	C10H18	CC(CCC=C(C)C)C=C	138254	-5965	-5467	-3943	2379	-2129	-3475	-5816	-3465	459	-4097	-4610	-5697
F-199	decyl 2-hydroxypropanoate	C13H26O3	CCCCCCCCCCOC(=O)C(C)O	230348	-3060	-192	-379	1426	479	86	-95	-57	6681	-4097	-4610	-731
B-3448	acetamide, 2-(benzoyloxy)-n-butyl-	C13H17NO3	CCCCNC(=O)COC(=O)c1ccccc1	235283	-2759	355	-188	-1019	387	680	-95	-57	2533	-46	-1428	215
B-4421	n-phenylthiourea	C7H8N2S	NC(=S)Nc1ccccc1	152222	-1790	2115	-3402	-1810	-2307	-3475	-3909	3352	-2652	-46	-1428	-1636
A-1254	2,4-dichloro-1-methylbenzene	C7H6Cl2	Cc1ccc(Cl)cc1Cl	161031	-3809	-1552	-3061	1900	-3163	-4068	-5816	-3465	-3689	-46	-1428	-5697
B-107	alanine, 2-methyl-	C4H9NO2	CC(C)(N)C(O)=O	103121	245	5811	-5303	-4713	-5479	-5255	-2002	3352	-2652	-4097	-4610	1061
B-1493	n-ethyl-n-nitrosourea	C3H7N3O2	CCN(N=O)C(N)=O	117108	-955	3632	-4761	-4221	-5198	-4661	-95	-57	-1615	-4097	-4610	2388
B-1560	2,3,4,5-tetrachloroanisole	C7H4Cl4O	COc1cc(Cl)c(Cl)c(Cl)c1Cl	245920	-5260	-4188	224	3806	-1371	-2288	-3909	-3465	-2652	-46	-1428	-4712
B-3447	acetamide, 2-(benzoyloxy)-n-(1-methylethyl)-	C12H15NO3	CC(C)NC(=O)COC(=O)c1ccccc1	221256	-2732	404	-731	-1761	-315	86	-95	-57	459	-46	-1428	215
A-1872	hexanoic acid	C6H12O2	CCCCCC(O)=O	116160	-1052	3455	-4798	-1224	-4589	-4661	-3909	-57	459	-4097	-4610	-1716
A-3616	N,N-diethylhydroxylamine	C4H11NO	CCN(O)CC	89138	704	6644	-5844	-2992	-5660	-5848	-2002	-57	-1615	-4097	-4610	-3192
B-1995	2-chloro-4,6-diamino-s-triazine	C3H4ClN5	Nc1nc(N)nc(Cl)n1	145553	-2385	1034	-3660	-4938	-4304	-4068	3719	3352	-3689	-46	-1428	3984
A-1662	1,2-dimethyl-3-nitrobenzene	C8H9NO2	Cc1cccc(c1C)[N+]([O-])=O	151165	-3003	-89	-3443	-164	-2955	-2881	-2002	-3465	-2652	-46	-1428	-1093
B-1023	bis(ethylxanthogen)	C6H10O2S4	CCOC(=S)SSC(=S)OCC	242412	-4943	-3612	88	1349	234	-2288	5626	-3465	-1615	-4097	-4610	-3727
B-1722	3,4-dichlorobenzyl alcohol	C7H6Cl2O	OCc1ccc(Cl)c(Cl)c1	177030	-2044	1654	-2442	355	-2983	-3475	-3909	-57	-2652	-46	-1428	-3538
A-2710	3-methylbutyl dodecanoate	C17H34O2	CCCCCCCCCCCC(=O)OCCC(C)C	270457	-6733	-6863	1174	6055	3054	1866	-2002	-3465	9793	-4097	-4610	-2890
A-1123	2,5-bis[(4-methylphenyl)amino]terephthalic acid	C22H20N2O4	Cc1ccc(Nc2cc(C(O)=O)c(Nc3ccc(C)cc3)cc2C(O)=O)cc1	376412	-5071	-3843	5274	5469	7146	7207	1812	10169	2533	8058	4937	4832
B-1367	m-hydroxyphenylacetic acid	C8H8O3	OC(=O)Cc1cccc(O)c1	152149	818	6851	-3405	-2421	-3428	-2881	-2002	3352	-1615	-46	-1428	443
B-2265	sec-butyl methyl ether	C5H12O	CCC(C)OC	88150	-731	4039	-5882	-1641	-5348	-5848	-3909	-3465	-1615	-4097	-4610	-4712
F-606	2-(carboxymethylamino)-3-phenylpropanoic acid	C11H13NO4	O=C(O)CNC(CC1=CC=CC=C1)C(=O)O	223228	-2160	1443	-654	-3676	-738	86	-95	6760	2533	-46	-1428	3548
B-2743	3(2h)-thiazoleacetic acid, 4-methyl-2-thioxo-	C6H7NO2S2	CC1=CSC(=S)N1CC(O)=O	189261	-1963	1800	-1969	-1185	-2509	-2881	1812	-57	-1615	-46	-1428	-1190
B-3941	propionitrile	C3H5N	CCC#N	55080	272	5860	-7162	-2609	-6993	-7035	-3909	-3465	-3689	-4097	-4610	-3158
B-1449	fluoroacetamide	C2H4FNO	NC(=O)CF	77058	1113	7388	-6311	-5408	-7104	-6442	-3909	-57	-2652	-4097	-4610	-1098
A-1420	1-(2,3,8,8-tetramethyl-1,3,4,5,6,7-hexahydronaphthalen-2-yl)ethanone	C16H26O	CC1CC2=C(CC1(C)C(C)=O)C(C)(C)CCC2	234383	-4942	-3609	-222	4203	1478	680	-3909	-3465	-2652	-4097	1754	-3875
C-1174	3-methylisoquinoline	C10H9N	CC1=CC2=C(C=CC=C2)C=N1	143189	-2190	1388	-3752	464	-2363	-2881	-3909	-3465	-3689	4006	1754	-4321
B-3223	phosphonic acid, [[4-(2-benzothiazolyl)phenyl]me	C18H20NO3PS	CCO[P](=O)(Cc1ccc(cc1)c2sc3ccccc3n2)OCC	361403	-4002	-1902	4693	6496	5683	4834	3719	-3465	3570	8058	4937	-529
B-2490	4-chloroguaiacol	C7H7ClO2	COc1cc(Cl)ccc1O	158584	-1501	2639	-3156	-462	-3394	-3475	-2002	-57	-2652	-46	-1428	-2553
B-1342	1,2,4-tribromobenzene	C6H3Br3	Brc1ccc(Br)c(Br)c1	314802	-4808	-3366	2890	3173	-1899	-4068	-5816	-3465	-3689	-46	-1428	-5697
B-1239	3-bromo-1-nitrobenzene	C6H4BrNO2	[O-][N+](=O)c1cccc(Br)c1	202007	-1305	2995	-1475	112	-3223	-3475	-2002	-3465	-2652	-46	-1428	-1093
C-132	metharbital;  5,5-diethyl-1-methylbarbituric acid	C9H14N2O3	CCC1(CC)C(=O)NC(=O)N(C)C1=O	198222	-2100	1552	-1622	-3402	-1932	-1101	-95	-57	-1615	-4097	-1428	1398
B-997	azulene, 1,4-dimethyl-7-(1-methylethyl)-	C15H18	CC(C)c1ccc(C)c2ccc(C)c2c1	198309	-5475	-4578	-1619	4228	688	-507	-5816	-3465	-2652	-4097	1754	-5697
F-834	1-[(4-chlorophenyl)methyl]-5-fluoropyrimidine-2,4-dione	C11H8ClFN2O2	O=C1NC(=O)N(CC2=CC=C(Cl)C=C2)C=C1F	254648	-3490	-973	562	-1743	-38	680	-95	-57	-1615	4006	1754	158
B-2010	propanedioic acid, nonyl-	C12H22O4	CCCCCCCCCC(C(O)=O)C(O)=O	230304	-3302	-630	-380	1163	-108	86	-2002	3352	6681	-4097	-4610	2264
C-331	butallylonal;  5-(2-bromoallyl)-5-sec-butylbarbituric  acid	C11H15BrN2O3	CCC(C)C1(CC(Br)=C)C(=O)NC(=O)NC1=O	303156	-2650	553	2439	-1163	631	680	-95	3352	459	-4097	-1428	2336
B-1272	allyl acetate	C5H8O2	CC(=O)OCC=C	100117	-553	4361	-5419	-2958	-5338	-5255	-2002	-3465	-1615	-4097	-4610	-2890
A-4198	heptanal	C7H14O	CCCCCCC=O	114188	-1750	2187	-4874	-270	-4128	-4661	-3909	-3465	1496	-4097	-4610	-3875
A-4524	N,N-dimethylacetamide	C4H9NO	CN(C)C(C)=O	87122	1060	7291	-5922	-4171	-5711	-5848	-3909	-3465	-3689	-4097	-4610	-3529
B-4335	3-pyrazoline-5-thione, 1,3-dimethyl-2-phenyl-	C11H12N2S	CN1N(C(=CC1=S)C)c2ccccc2	204298	-1667	2339	-1387	1052	-269	-1101	-95	-3465	-2652	4006	1754	-4645
A-4181	4-methylbenzaldehyde	C8H8O	Cc1ccc(C=O)cc1	120151	-1724	2235	-4643	-929	-3864	-4068	-3909	-3465	-2652	-46	-1428	-3875
A-1440	2,4,4-trimethylpent-1-ene	C8H16	CC(=C)CC(C)(C)C	112216	-4688	-3149	-4951	1326	-3513	-4661	-5816	-3465	-2652	-4097	-4610	-5697
F-641	Pentyl 3-bromo-4-hydroxybenzoate	C12H15BrO3	CCCCCOC(=O)C1=CC(Br)=C(O)C=C1	287153	-4100	-2080	1820	2279	534	86	-95	-57	1496	-46	-1428	-731
B-1159	amisometradine	C9H13N3O2	CN1C(=O)C=C(N)N(CC(C)=C)C1=O	195222	-990	3569	-1738	-4908	-1047	-1101	3719	-57	-1615	-46	-1428	1776
A-140	2,3,3,3-tetrafluoroprop-1-ene	C3H2F4	FC(=C)C(F)(F)F	114041	-2760	353	-4880	-504	-6932	-5255	-5816	-3465	-3689	-4097	-4610	-5697
B-1797	dl-allothreonine, o-methyl-	C5H11NO3	COC(C)C(N)C(O)=O	133147	485	6247	-4140	-5423	-4543	-4068	-95	3352	-578	-4097	-4610	2046
B-1313	rosolic acid	C19H14O3	Oc1ccc(cc1)C(c2ccc(O)cc2)=C3C=CC(=O)C=C3	290318	-2384	1037	1942	2455	3549	3647	-95	3352	-1615	4006	4937	443
B-4027	p-dinitrobenzene	C6H4N2O4	[O-][N+](=O)c1ccc(cc1)[N+]([O-])=O	168108	-3387	-785	-2787	-1505	-3382	-2288	1812	-3465	-1615	-46	-1428	3511
B-3616	1,2,3-trimethylbenzene	C9H12	Cc1cccc(C)c1C	120195	-3204	-453	-4642	594	-3245	-4068	-5816	-3465	-3689	-46	-1428	-5697
F-782	N,N-dimethyl-3-[1-(phenylmethyl)cycloheptyl]oxypropan-1-amine	C19H31NO	CN(C)CCCOC1(CC2=CC=CC=C2)CCCCCC1	289463	-1620	2424	1909	3772	4181	3053	-2002	-3465	3570	-46	1754	-4366
A-1998	N-(4-ethoxyphenyl)-3-hydroxy-2-naphthamide	C19H17NO3	CCOc1ccc(NC(=O)c2cc3ccccc3cc2O)cc1	307349	-5312	-4281	2601	3594	4405	4240	-95	3352	459	8058	4937	553
A-81	2,2-dimethyl-3-(3-methylphenyl)propan-1-ol	C12H18O	Cc1cccc(CC(C)(C)CO)c1	178275	-2827	232	-2394	488	-959	-1694	-3909	-57	-578	-46	-1428	-3538
A-3878	carbamimidoylsulfinic acid	CH4N2O2S	NC(=N)[S](O)=O	108122	-557	4355	-5109	-6051	-5966	-5848	-2002	6760	-3689	-4097	-4610	3606
D-2069	hydroprene	C17H30O2	CCOC(=O)\C=C(C)\C=C\CC(C)CCCC(C)C	266425	-5693	-4974	1018	4934	3015	1866	-2002	-3465	5644	-4097	-4610	-2890
F-519	7-aminonaphthalene-1-sulfonic acid	C10H9NO3S	NC1=CC2=C(S(=O)(=O)O)C=CC=C2C=C1	223253	-2540	753	-653	-1191	-592	-507	-95	3352	-2652	4006	1754	2882
B-4349	benfuracarb	C20H30N2O5S	CCOC(=O)CCN(SN(C)C(=O)Oc1cccc2CC(C)(C)Oc12)C(C)C	410536	-4710	-3189	6595	3331	7152	7207	7534	-3465	4607	-46	1754	1593
B-3440	1h-azepine, hexahydro-1-[(benzoyloxy)acetyl]-	C15H19NO3	O=C(COC(=O)c1ccccc1)N2CCCCCC2	261321	-2542	749	820	-99	1467	1866	-95	-3465	-578	-46	1754	-723
A-574	2-amino-5-chlorophenol	C6H6ClNO	Nc1ccc(Cl)cc1O	143573	-2391	1024	-3737	-1269	-3718	-4068	-2002	3352	-3689	-46	-1428	-761
B-2438	benzamide, 2-(2-propenyloxy)-	C10H11NO2	NC(=O)c1ccccc1OCC=C	177203	-2227	1321	-2435	-1794	-1731	-1694	-2002	-57	459	-46	-1428	-113
A-4240	acetaldehyde oxime	C2H5NO	C/C=N/O	59068	496	6266	-7007	-3468	-6985	-7035	-2002	-57	-3689	-4097	-4610	-2219
E-597	acetanilide	C8H9NO	O=C(Nc(cccc1)c1)C	135166	-1330	2950	-4062	-1236	-3231	-3475	-3909	-57	-2652	-46	-1428	-2591
B-4115	2,2',3,3',6,6'-hexachlorobiphenyl	C12H4Cl6	Clc1ccc(Cl)c(c1Cl)c2c(Cl)ccc(Cl)c2Cl	360882	-7903	-8988	4673	9420	3006	1273	-5816	-3465	-2652	4006	1754	-5697
A-3733	methyl 3-methylbut-2-enoate	C6H10O2	COC(=O)C=C(C)C	114144	-1414	2798	-4876	-2220	-4639	-4661	-2002	-3465	-2652	-4097	-4610	-2890
A-1740	3-(4-tert-butylphenyl)propanal	C13H18O	CC(C)(C)c1ccc(CCC=O)cc1	190286	-3159	-371	-1929	1548	-387	-1101	-3909	-3465	-578	-46	-1428	-3875
C-1467	naproxen [n,n-bis(2-hydroxyethyl)carbamoyl]methyl ester	C20H25NO6	COC1=CC=C2C=C(C=CC2=C1)C(C)C(=O)OCC(=O)N(CCO)CCO	375421	-2960	-10	5236	-1874	5835	6614	5626	3352	5644	4006	1754	4580
A-5227	(3-{3,5-bis[3-(dimethylamino)propyl]-1,3,5-triazinan-1-yl}propyl)dimethylamine	C18H42N6	CN(C)CCCN1CN(CCCN(C)C)CN(CCCN(C)C)C1	342576	164	5664	3965	-3151	6382	4834	5626	-3465	8756	-4097	-1428	-3622
B-2895	kinoprene	C18H28O2	CC(C)CCCC(C)C\C=C\C(C)=C\C(=O)OCC#C	276420	-4724	-3214	1404	4202	3494	2460	-2002	-3465	5644	-4097	-4610	-2890
E-846	Thiofanox	C9H18N2O2S	O=C(ON=C(C(C)(C)C)CSC)NC	218322	-1620	2424	-844	-361	-193	-1101	1812	-57	-578	-4097	-4610	-287
B-2859	thiofanox	C9H18N2O2S	CNC(=O)O\N=C(\CSC)C(C)(C)C	218322	-1623	2418	-844	-361	-193	-1101	1812	-57	-578	-4097	-4610	-287
A-5307	9,9-dimethyldecanoic acid	C12H24O2	CC(C)(C)CCCCCCCC(O)=O	200322	-2111	1531	-1541	2934	-405	-1101	-3909	-57	3570	-4097	-4610	-1716
C-1205	terbutylazine;  2-tert-butylamino-4-chloro-6-ethylamino-1,3,5-triazine	C9H16ClN5	CCNC1=NC(=NC(=N1)Cl)NC(C)(C)C	229715	-4430	-2680	-403	-248	44	-507	3719	3352	-578	-46	-1428	998
B-1117	2-methylpropyl propanoate	C7H14O2	CCC(=O)OCC(C)C	130187	-1884	1944	-4255	-1330	-3936	-4068	-2002	-3465	-578	-4097	-4610	-2890
F-534	Cinnamyl anthranilate	C16H15NO2	NC1=C(C(=O)OCC=CC2=CC=CC=C2)C=CC=C1	253301	-6040	-5604	510	1592	2200	1866	-95	-57	459	4006	1754	-113
B-3400	akh-7088	C19H16ClF3N2O7	COC/C(=N/OCC(=O)OC)c1cc(Oc2ccc(cc2Cl)C(F)(F)F)ccc1[N+]([O-])=O	476791	-5678	-4947	9159	4357	6650	9581	9441	-3465	5644	4006	1754	5988
A-1290	Fluocortolone	C22H29FO4	C[C@@H]1C[C@H]2[C@@H]3C[C@H](F)C4=CC(=O)C=C[C@]4(C)[C@H]3[C@@H](O)C[C@]2(C)[C@H]1C(=O)CO	376468	-3204	-453	5276	641	5501	6614	1812	3352	-1615	-4097	8119	2264
B-1711	isopropyl nitrate	C3H7NO3	CC(C)O[N+]([O-])=O	105093	-1459	2716	-5226	-3209	-5885	-5255	-95	-3465	-1615	-4097	-4610	-108
E-93	chlorodibromomethane	CHBr2Cl	ClC(Br)Br	208280	-1900	1915	-1233	1	-5237	-7035	-5816	-3465	-3689	-4097	-4610	-5697
A-2005	2,2'-oxybis(5,5-dimethyl-1,3,2-dioxaphosphinane) 2,2'-disulfide	C10H20O5P2S2	CC1(C)CO[P](=S)(OC1)O[P]2(=S)OCC(C)(C)CO2	346347	-5393	-4429	4111	2461	2868	1866	7534	-3465	-1615	-4097	1754	-772
B-1300	2-chloropropionic acid	C3H5ClO2	CC(Cl)C(O)=O	108524	964	7118	-5093	-3028	-5926	-5848	-3909	-57	-2652	-4097	-4610	-1716
F-723	1-(trifluoromethyl)acridin-9-amine	C14H9F3N2	NC1=C2C=CC=CC2=NC2=CC=CC(C(F)(F)F)=C21	262234	-2480	862	855	3201	996	1866	-2002	-57	-3689	8058	4937	-1544
B-2581	phosphorodithioic acid, s-[2-(ethylsulfonyl)ethy	C6H15O4PS3	CC[S](=O)(=O)CCS[P](=S)(OC)OC	278357	-2542	750	1479	-1186	455	-1101	5626	-3465	3570	-4097	-4610	-83
A-1638	3-methyl-N-nitro-3,6-dihydro-2H-1,3,5-oxadiazin-4-amine	C4H8N4O3	CN1COCN=C1N[N+]([O-])=O	160133	-1002	3546	-3096	-6242	-3927	-2881	3719	-57	-2652	-4097	-1428	2841
F-623	(1E,2Z)-4-Ethyl-N,N'-dihydroxy-1,2-cyclohexanediimine	C8H14N2O2	CCC1CCC(=NO)C(=NO)C1	170212	-1830	2042	-2706	-835	-2424	-2288	1812	3352	-2652	-4097	-1428	1259
B-2632	heptenophos	C9H12ClO4P	CO[P](=O)(OC)OC1=C(Cl)C2C=CCC12	250618	-2001	1732	406	1443	-872	-507	1812	-3465	459	-4097	1754	-920
A-5511	11-methyldodecyl 2-{[(3,5-di-tert-butyl-4-hydroxyphenyl)methyl]sulfanyl}acetate	C30H52O3S	CC(C)CCCCCCCCCCOC(=O)CSCc1cc(c(O)c(c1)C(C)(C)C)C(C)(C)C	492810	-6790	-6965	9779	12556	13163	10768	1812	-57	11867	-46	-1428	-731
B-1383	ethane, 1,2-diiodo-	C2H4I2	ICCI	281862	-3220	-481	1615	-836	-3681	-7035	-5816	-3465	-2652	-4097	-4610	-5697
B-3659	1,2,3,4-tetrachlorobenzene	C6H2Cl4	Clc1ccc(Cl)c(Cl)c1Cl	215894	-4562	-2919	-938	3790	-2363	-3475	-5816	-3465	-3689	-46	-1428	-5697
A-4943	17-hydroxy-17-(3-hydroxyprop-1-yn-1-yl)-10,13-dimethyl-1,2,6,7,8,9,10,11,12,13,1	C22H30O3	C[C@]12CCC(=O)C=C1CC[C@@H]3[C@@H]2CC[C@@]4(C)[C@H]3CCC4(O)C#CCO	342479	-3526	-1038	3961	1793	5214	5427	-95	3352	-3689	-4097	8119	443
A-1890	[tris(isopropenyloxy)vinyl]silane	C11H18O3Si	CC(=C)O[Si](OC(C)=C)(OC(C)=C)C=C	226348	645	6538	-533	1899	237	-507	-95	-3465	3570	-4097	-4610	-2742
E-937	DL-1,2-Diphenylethanol	C14H14O	OC(c(cccc1)c1)Cc(cccc2)c2	198265	-2520	789	-1620	1258	-81	-507	-3909	-57	-578	4006	1754	-3538
B-585	ethanol, 2-hydrazino-	C2H8N2O	NNCCO	76099	1119	7397	-6348	-7300	-6482	-6442	-95	6760	-1615	-4097	-4610	523
B-3164	flucythrinate	C26H23F2NO4	CC(C)C(C(=O)OC(C#N)c1cccc(Oc2ccccc2)c1)c3ccc(OC(F)F)cc3	451469	-6876	-7123	8179	8197	8475	10175	3719	-3465	5644	8058	4937	1619
G-964	Picene	C22H14	c1ccc2c(c1)ccc3c2ccc4c5ccccc5ccc43	278354	-7870	-8927	1479	7575	5206	3647	-5816	-3465	-3689	16162	11302	-5697
F-1139	1-[2-[(1-ethoxy-1-oxo-4-phenylbutan-2-yl)amino]propanoyl]pyrrolidine-2-carboxyli	C20H28N2O5	CCOC(=O)C(CCC1=CC=CC=C1)NC(C)C(=O)N1CCCC1C(=O)O	376453	-1180	3223	5276	-1313	5764	6614	3719	3352	5644	-46	1754	4542
B-3222	enalapril	C20H28N2O5	CCOC(=O)[C@H](CCc1ccccc1)N[C@@H](C)C(=O)N2CCC[C@H]2C(O)=O	376453	-1361	2894	5276	-1313	5764	6614	3719	3352	5644	-46	1754	4542
B-1315	2-hydroxyanthraquinone	C14H8O3	Oc1ccc2C(=O)c3ccccc3C(=O)c2c1	224215	-5309	-4277	-616	-247	-102	680	-95	-57	-3689	4006	4937	106
B-4531	4-(sec-butyl)-2-nitrophenol	C10H13NO3	CCC(C)c1ccc(O)c(c1)[N+]([O-])=O	195218	-3840	-1609	-1738	976	-1305	-1101	-95	-57	-578	-46	-1428	1066
C-1536	dl-isovaline;  dl-2-amino-2-methylbutanoic acid	C5H11NO2	CCC(C)(N)C(O)=O	117148	380	6056	-4760	-3975	-4780	-4661	-2002	3352	-1615	-4097	-4610	1061
B-4572	17-methyltestosterone	C20H30O2	C[C@]1(O)CC[C@H]2[C@@H]3CCC4=CC(=O)CC[C@]4(C)[C@H]3CC[C@]12C	302458	-3950	-1809	2412	3732	3823	3647	-2002	-57	-3689	-4097	8119	-1716
H-341	17-Methyl testosterone	C20H30O2	CC12CCC(=O)C=C1CCC1C2CCC2(C)C1CCC2(C)O	302458	-3970	-1844	2412	3732	3823	3647	-2002	-57	-3689	-4097	8119	-1716
B-1400	4-hydroxypyridine	C5H5NO	O=C1C=CNC=C1	95101	1022	7222	-5613	-3641	-5303	-5255	-3909	-57	-3689	-46	-1428	-2190
A-5332	3-oxobutanamide	C4H7NO2	CC(=O)CC(N)=O	101105	995	7173	-5381	-5390	-5692	-5255	-2002	-57	-1615	-4097	-4610	723
B-1152	n1-(4-so2nh2-ph)sulfanilamide	C12H13N3O4S2	Nc1ccc(cc1)[S](=O)(=O)Nc2ccc(cc2)[S](N)(=O)=O	327387	-2759	355	3377	-2993	2633	3053	3719	6760	459	4006	1754	8427
C-1917	2-benzoylpyridine	C12H9NO	O=C(C1=CC=CC=C1)C2=NC=CC=C2	183210	-2020	1697	-2203	27	-1207	-1101	-2002	-3465	-1615	4006	1754	-2499
B-2515	butanedinitrile, ethyl-	C6H8N2	CCC(CC#N)C#N	108144	-692	4110	-5108	-1606	-4915	-4661	-2002	-3465	-1615	-4097	-4610	-619
F-865	5-hexoxy-2-[(~{E})-~{N}-hydroxy-~{C}-phenylcarbonimidoyl]phenol	C19H23NO3	CCCCCCOC1=CC(O)=C(C(=NO)C2=CC=CC=C2)C=C1	313397	-3470	-936	2835	4316	4471	4240	1812	3352	4607	4006	1754	925
C-736	diazoxide	C8H7ClN2O2S	CC1=NC2=C(C=C(Cl)C=C2)[S](=O)(=O)N1	230676	-3360	-736	-366	-1167	-1142	-1101	-95	-57	-3689	-46	1754	549
F-730	N,N'-Bis(2-methylphenyl)-2-oxomalonamide	C17H16N2O3	CC1=C(NC(=O)C(=O)C(=O)NC2=C(C)C=CC=C2)C=CC=C1	296326	-2200	1370	2175	287	3413	3647	-95	3352	459	4006	1754	2336
B-3552	methylcyclopentane	C6H12	CC1CCCC1	84162	-3302	-631	-6036	-192	-5217	-5848	-5816	-3465	-3689	-4097	-1428	-5697
B-1542	amidothion	C7H16NO4PS2	COCCNC(=O)CS[P](=S)(OC)OC	273316	-1136	3303	1284	-2458	539	-507	5626	-57	4607	-4097	-4610	364
B-2973	1(3h)-isobenzofuranone, 6-iodo-	C8H5IO2	Ic1ccc2COC(=O)c2c1	260030	-3211	-466	770	-637	-2091	-2881	-2002	-3465	-3689	-46	1754	-2890
B-4051	1,2-dibutyoxyethane	C10H22O2	CCCCOCCOCCCC	174284	-1940	1842	-2548	609	-1610	-2288	-2002	-3465	5644	-4097	-4610	-3727
B-1962	1,6-heptadiene	C7H12	C=CCCCC=C	96173	-3340	-699	-5571	437	-4215	-5255	-5816	-3465	459	-4097	-4610	-5697
B-315	pyrolan	C13H15N3O2	CN(C)C(=O)Oc1cc(C)nn1c2ccccc2	245282	-2089	1573	199	-108	897	1273	1812	-3465	-1615	4006	1754	-643
B-2452	benzoic acid, 4-hydroxy-3-iodo-, propyl ester	C10H11IO3	CCCOC(=O)c1ccc(O)c(I)c1	306099	-3686	-1329	2553	503	-104	-1101	-95	-57	-578	-46	-1428	-731
A-3433	2,2-dimethyloxirane	C4H8O	CC1(C)CO1	72107	-95	5194	-6503	-2845	-6368	-6442	-3909	-3465	-3689	-4097	-1428	-4360
C-2385	2-carboxy-7-methylthioxanthone; 7-methylthioxanthone-2-carboxylic; 7-methylsulfa	C15H10O4S	CSC1=CC=C2OC3=C(C=C(C=C3)C(O)=O)C(=O)C2=C1	286308	-5320	-4296	1787	2022	2520	2460	1812	-57	-1615	8058	4937	1508
C-1824	nandrolone  butyrate	C22H32O3	CCCC(=O)OC1CCC2C3CCC4=CC(=O)CCC4C3CCC12C	344495	-5910	-5368	4039	4812	5268	5427	-95	-3465	-578	-4097	8119	-1068
B-2337	mevinphos	C7H13O6P	COC(=O)\C=C(/C)O[P](=O)(OC)OC	224149	428	6142	-619	-1547	-2060	-1101	5626	-3465	1496	-4097	-4610	1887
B-3665	trimethylamine	C3H9N	CN(C)C	59112	1178	7505	-7006	-4014	-6431	-7035	-3909	-3465	-3689	-4097	-4610	-5351
D-508	benzotrifluoride	C7H5F3	FC(F)(F)c1ccccc1	146111	-2511	805	-3639	771	-4640	-3475	-5816	-3465	-3689	-46	-1428	-5697
C-2351	theophyllin-7-ylmethyl 3-(n,n-diethylcarbamoyl)propionate; n,n-diethylsuccinamic	C16H23N5O5	CCN(CC)C(=O)CCC(=O)OC[N]1C=NC2=C1C(=O)N(C)C(=O)N2C	365390	-1140	3295	4848	-5140	4752	6021	11348	-3465	3570	4006	1754	5875
A-898	benzene-1,2-diamine	C6H8N2	Nc1ccccc1N	108144	-440	4567	-5108	-2739	-4061	-4661	-2002	3352	-3689	-46	-1428	-143
B-4328	carbamic acid, sulfamoyl-, butyl ester	C5H12N2O4S	CCCCOC(=O)N[S](N)(=O)=O	196228	-1038	3482	-1699	-4888	-2966	-2288	1812	3352	459	-4097	-4610	4814
B-157	adenine	C5H5N5	Nc1ncnc2nc[nH]c12	135130	-2118	1519	-4064	-4473	-3935	-3475	1812	3352	-3689	4006	1754	2892
C-2020	metronidazole  phosphate	C6H10N3O6P	CC1=NC=C([N]1CCO[P](O)(O)=O)[N+]([O-])=O	251135	-1380	2860	426	-3955	-1585	86	5626	3352	1496	-46	-1428	7933
A-5004	4-bromo-2,2-diphenylbutanoic acid	C16H15BrO2	OC(=O)C(CCBr)(c1ccccc1)c2ccccc2	319198	-4069	-2025	3060	2923	2669	1866	-3909	-57	1496	4006	1754	-1716
A-1482	(2E)-1-(2,6,6-trimethylcyclohex-1-en-1-yl)but-2-en-1-one	C15H26O	CC(=C)[C@@H]1C[C@@H](CC[C@@]1(C)C=C)C(C)(C)O	222372	-3059	-190	-687	3112	1236	86	-3909	-57	-578	-4097	-1428	-3538
A-4780	trimethoxy-(6-trimethoxysilylhexyl)silane	C12H30O6Si2	CO[Si](CCCCCC[Si](OC)(OC)OC)(OC)OC	326538	-2793	293	3344	9	2961	2460	5626	-3465	9793	-4097	-4610	213
C-1904	2,3,5-trichlorophenoxyacetic  acid	C8H5Cl3O3	OC(=O)COC1=C(Cl)C(=CC(=C1)Cl)Cl	255484	-3000	-83	594	1537	-1133	-1101	-2002	-57	-578	-46	-1428	-731
B-4511	triamcinolone	C21H27FO6	C[C@]12C[C@H](O)[C@@]3(F)[C@@H](CCC4=CC(=O)C=C[C@]34C)[C@@H]1C[C@@H](O)[C@]2(O)C(=O)CO	394439	-3693	-1341	5972	-3176	5254	7207	5626	10169	-1615	-4097	8119	6582
C-586	triamcinolone	C21H27FO6	CC12CC(O)C3(F)C(CCC4=CC(=O)C=CC34C)C1CC(O)C2(O)C(=O)CO	394439	-3680	-1318	5972	-3176	5254	7207	5626	10169	-1615	-4097	8119	6582
B-2301	barbituric acid, 5-ipr	C7H10N2O3	CC(C)C1C(=O)NC(=O)NC1=O	170168	-1456	2722	-2708	-5061	-3343	-2288	-95	3352	-2652	-4097	-1428	2336
F-123	2-(4-methyl-2,6-dioxo-3H-pyrimidin-5-yl)acetic acid	C7H8N2O4	CC1=C(CC(=O)O)C(=O)NC(=O)N1	184151	-2310	1171	-2167	-6246	-2775	-1694	-95	6760	-1615	-46	-1428	5297
C-1767	butane-1,2,3,4-tetracarboxylic  acid	C8H10O8	OC(=O)CC(C(CC(O)=O)C(O)=O)C(O)=O	234160	-180	5039	-231	-5605	-2321	86	1812	10169	3570	-4097	-4610	10226
B-3006	sufentanil	C22H30N2O2S	CCC(=O)N(c1ccccc1)C2(CCN(CCc3sccc3)CC2)COC	386561	-3706	-1366	5667	3628	7637	6614	1812	-3465	4607	4006	4937	-2199
B-927	2-fluoroethanol	C2H5FO	OCCF	64059	1193	7533	-6814	-4448	-7423	-7035	-3909	-57	-2652	-4097	-4610	-3538
B-2671	1,4-naphthalenedione, 2-(methylthio)-	C11H8O2S	CSC1=CC(=O)c2ccccc2C1=O	204250	-4465	-2744	-1389	27	-815	-1101	-95	-3465	-2652	-46	1754	-2053
A-818	Patchoulialcohol	C15H26O	C[C@H]1CCC2(O)C(C)(C)C3CC[C@@]2(C)C1C3	222372	-3726	-1401	-687	2483	603	86	-3909	-57	-3689	-4097	8119	-3538
B-850	dulcin	C9H12N2O2	CCOc1ccc(NC(N)=O)cc1	180207	-2173	1419	-2319	-1367	-1706	-1694	-2002	3352	-578	-46	-1428	1171
B-4088	2,3,4,5,6-pcb	C12H5Cl5	Clc1c(Cl)c(Cl)c(c2ccccc2)c(Cl)c1Cl	326437	-7911	-9001	3340	8183	2247	680	-5816	-3465	-2652	4006	1754	-5697
F-1195	14-hydroxy-8,16-diazahexacyclo[11.5.2.1^{1,8}.0^{2,7}.0^{16,19}.0^{12,21}]henico	C19H18N2O3	O=C1C(O)C2CC3N1CCC31C3=C(C=CC=C3)N3C(=O)C=CC2C31	322364	-2110	1534	3183	-2796	3660	4834	-95	-57	-3689	-46	14484	797
B-3674	n,n-diethylaniline	C10H15N	CCN(CC)c1ccccc1	149237	-3028	-133	-3518	444	-1829	-2881	-3909	-3465	-578	-46	-1428	-5351
E-1187	4-chloroacetanilide	C8H8ClNO	O=C(Nc(ccc(c1)Cl)c1)C	169611	-2840	208	-2729	1	-2473	-2881	-3909	-57	-2652	-46	-1428	-2591
C-1921	cycloxydim	C17H27NO3S	CCCC(=N\OCC)/C1=C(O)CC(CC1=O)C2CCCSC2	325474	-3580	-1136	3303	3437	4439	3647	3719	-57	2533	-4097	1754	588
C-2070	tianafac	C11H9ClO2S	CC1=C(CC(O)=O)SC2=C1C=CC(=C2)Cl	240711	-3840	-1608	22	2257	125	-507	-2002	-57	-1615	4006	1754	-1716
B-4582	5-fluorouracil	C4H3FN2O2	FC1=CNC(=O)NC1=O	130078	-1069	3425	-4259	-5860	-5215	-4068	-2002	3352	-3689	-46	-1428	1317
A-2895	1,3-dihydroxypropan-2-yl octanoate 2,3-dihydroxypropyl octanoate	C11H22O4	CCCCCCCC(=O)OCC(O)CO	218293	179	5692	-845	-1997	-705	-507	1812	3352	5644	-4097	-4610	1428
A-832	6-heptyloxan-2-one	C10H18O2	CCCCCC1CCCC(=O)O1	170252	-1629	2407	-2704	690	-2152	-2288	-2002	-3465	459	-4097	-1428	-2890
B-3096	glycoursodeoxycholic acid	C26H43NO5	C[C@H](CCC(=O)NCC(O)=O)[C@H]1CCC2C3[C@@H](O)C[C@@H]4C[C@H](O)CC[C@]4(C)C3CC[C@]12C	449632	-5522	-4664	8108	2453	9020	9581	1812	10169	2533	-4097	8119	5707
B-2675	tirpate	C8H14N2O2S2	CNC(=O)O/N=C/C1(C)SCC(C)S1	234346	-2370	1062	-224	-729	-21	-1101	3719	-57	-1615	-4097	-1428	-287
C-1979	thiophenobarbital;  5-ethyl-5-phenyl-2-thiobarbituric  acid	C12H12N2O2S	CCC1(C(=O)NC(=S)NC1=O)C2=CC=CC=C2	248307	-3580	-1136	316	-2712	789	680	-95	3352	-1615	-46	1754	514
B-3785	4-iodobenzoic acid	C7H5IO2	OC(=O)c1ccc(I)cc1	248019	-3963	-1832	305	-584	-2418	-3475	-3909	-57	-2652	-46	-1428	-1716
A-2574	dodecyl 3-{[3-(dodecyloxy)-3-oxopropyl]sulfanyl}propanoate	C30H58O4S	CCCCCCCCCCCCOC(=O)CCSCCC(=O)OCCCCCCCCCCCC	514857	-5712	-5008	10632	13497	13639	11362	3719	-3465	25348	-4097	-4610	-83
A-4458	benzene-1,3-diol	C6H6O2	Oc1cccc(O)c1	110112	1003	7188	-5032	-2272	-4893	-4661	-2002	3352	-3689	-46	-1428	-1379
B-259	d-pantothenic acid	C9H17NO5	CC(C)(CO)C(O)C(=O)NCCC(O)=O	219237	659	6563	-809	-6325	-1506	-507	1812	10169	2533	-4097	-4610	5707
C-1441	2,3,3',4,4',5-hexachlorodiphenyl  ether	C12H4Cl6O	ClC1=CC=C(OC2=C(Cl)C(=C(Cl)C(=C2)Cl)Cl)C=C1Cl	376881	-8780	-10580	5292	9657	3169	1866	-3909	-3465	-1615	4006	1754	-4712
A-511	decanoic acid	C10H20O2	CCCCCCCCCC(O)=O	172268	-3445	-891	-2626	1730	-1793	-2288	-3909	-57	4607	-4097	-4610	-1716
A-329	N',N'''''-hexane-1,6-diylbis[N-(4-chlorophenyl)(imidodicarbonimidic diamide)]	C22H30Cl2N10	NC(Nc1ccc(Cl)cc1)=NC(N)=NCCCCCCN=C(N)N=C(N)Nc2ccc(Cl)cc2	505458	-2801	280	10269	1966	12530	10768	-2002	16986	5644	4006	1754	13254
B-876	1h-1,2,3-triazolo[4,5-d]pyrimidine	C4H3N5	[nH]1nc2cncnc2n1	121103	-232	4945	-4607	-4828	-4937	-4068	1812	-57	-3689	4006	1754	1491
A-1085	methyl 2-[(4-amino-3,5-dichloro-6-fluoropyridin-2-yl)oxy]acetate	C8H7Cl2FN2O3	COC(=O)COc1nc(F)c(Cl)c(N)c1Cl	269059	-3951	-1810	1120	-1205	-900	86	3719	-57	-578	-46	-1428	2247
F-494	3-(carboxymethylsulfanyl)-3-phenylpropanoic acid	C11H12O4S	O=C(O)CSC(CC(=O)O)C1=CC=CC=C1	240280	-1550	2551	6	-526	-84	86	-95	3352	2533	-46	-1428	2264
B-1127	dichloro(2-chlorovinyl)arsine (trans)	C2H2AsCl3	Cl/C=C/[As](Cl)Cl	207319	-2618	612	-1270	-103	-4487	-5848	-5816	-3465	-2652	-4097	-4610	-5697
B-930	1,1,1-trifluoro-2-propanol	C3H5F3O	CC(O)C(F)(F)F	114066	309	5928	-4879	-2591	-6715	-5255	-3909	-57	-3689	-4097	-4610	-3538
C-1238	n-(benzoyloxyacetyl)pyrrolidine	C13H15NO3	O=C(COC(=O)C1=CC=CC=C1)N2CCCC2	233267	-1570	2514	-266	-1576	69	680	-95	-3465	-578	-46	1754	-723
B-2803	bilanafos	C11H22N3O6P	C[C@H](NC(=O)[C@H](C)NC(=O)[C@@H](N)CC[P](C)(O)=O)C(O)=O	323286	490	6257	3218	-6815	2115	3053	3719	13578	4607	-4097	-4610	11252
B-4018	2-chlorodibenzo-p-dioxin	C12H7ClO2	Clc1ccc2Oc3ccccc3Oc2c1	218639	-5836	-5233	-832	3672	-612	-507	-2002	-3465	-3689	4006	4937	-3727
B-2531	1,2-cyclohexanedione, 4-methyl-, dioxime	C7H12N2O2	CC1CCC(=C(C1)NO)N=O	156185	-1662	2347	-3249	-1013	-3229	-2881	1812	3352	-1615	-4097	-1428	887
C-1729	2,3-pyridinedicarboxylic  acid;  quinolinic  acid	C7H5NO4	OC(=O)C1=CC=CN=C1C(O)=O	167120	-1480	2678	-2826	-3446	-3623	-2288	-95	3352	-1615	-46	-1428	3640
A-1013	tert-butyl benzenecarboperoxoate	C11H14O3	CC(C)(C)OOC(=O)c1ccccc1	194230	-2776	323	-1776	521	-1422	-1101	-95	-3465	-1615	-46	-1428	-1905
A-1802	diethyl (3,5-di-tert-butyl-4-hydroxybenzyl)phosphonate	C19H33O4P	CCO[P](=O)(Cc1cc(c(O)c(c1)C(C)(C)C)C(C)(C)C)OCC	356443	-4473	-2758	4501	6541	5751	4834	1812	-57	2533	-46	-1428	254
D-956	1-hexyl-4-methoxycarbonyl-	C12H21NO3	CCCCCCN1CC(CC1=O)C(=O)OC	227304	-1246	3103	-496	-1344	-188	86	-95	-3465	2533	-4097	-1428	-723
A-373	1,4-dioxacyclohexadecane-5,16-dione	C14H24O4	O=C1CCCCCCCCCCC(=O)OCCO1	256342	-3534	-1052	627	1305	909	1273	1812	-3465	-3689	-4097	-1428	-83
A-370	2-hydroxy-1-[4-(2-hydroxyethoxy)phenyl]-2-methylpropan-1-one	C12H16O4	CC(C)(O)C(=O)c1ccc(OCCO)cc1	224256	-1470	2696	-614	-2436	-369	86	1812	3352	1496	-46	-1428	1428
A-1263	4-chlorobenzonitrile	C7H4ClN	Clc1ccc(cc1)C#N	137569	-2749	373	-3969	-164	-3924	-4068	-3909	-3465	-3689	-46	-1428	-3158
A-545	nonyl acetate	C11H22O2	CCCCCCCCCOC(C)=O	186295	-4471	-2754	-2084	1897	-1129	-1694	-2002	-3465	4607	-4097	-4610	-2890
B-592	sec-butylacetate	C6H12O2	CC(C)COC(C)=O	116160	-1266	3067	-4798	-2068	-4635	-4661	-2002	-3465	-1615	-4097	-4610	-2890
B-1676	3-penten-2-ol	C5H10O	C/C=C/C(C)O	86134	15	5393	-5960	-2565	-5389	-5848	-3909	-57	-2652	-4097	-4610	-3538
E-820	2,4-Octadione	C8H14O2	CCCCC(=O)CC(=O)C	142198	-1560	2533	-3790	-1085	-3370	-3475	-2002	-3465	1496	-4097	-4610	-2053
F-32	2,5-dimethylpyrano[5,6-f][1]benzoxol-7-one	C13H10O3	CC1=CC2=CC3=C(C=C2O1)OC(=O)C=C3C	214220	-5230	-4133	-1003	1624	-54	86	-95	-3465	-3689	8058	4937	-1071
A-4645	(diethoxymethoxy)ethane	C7H16O3	CCOC(OCC)OCC	148202	-2041	1660	-3558	-1739	-3546	-3475	-95	-3465	2533	-4097	-4610	-2742
I-84	tetracaine	C15H24N2O2	C(c1ccc(cc1)NCCCC)(=O)OCCN(C)C	264369	-3010	-101	938	604	2512	1866	1812	-57	4607	-46	-1428	-1260
B-3592	1-methylfluorene	C14H12	Cc1cccc2c1Cc3ccccc23	180250	-5218	-4112	-2317	2401	-403	-1101	-5816	-3465	-3689	4006	4937	-5697
B-3157	2,2,4-pentanetricarboxylic acid	C8H12O6	CC(CC(C)(C(O)=O)C(O)=O)C(O)=O	204178	-109	5169	-1391	-3834	-2618	-1101	-95	6760	1496	-4097	-4610	6245
B-553	metaldehyde (tetramer)	C8H16O4	CC1OC(C)OC(C)OC(C)O1	176212	-2900	100	-2474	-1605	-3013	-2288	1812	-3465	-3689	-4097	-1428	-1757
B-2503	glycine, n-[n-(n-carbamoylglycyl)glycyl]-	C7H12N4O5	NC(=O)NCC(=O)NCC(=O)NCC(O)=O	232196	-1350	2913	-307	-10083	-1642	86	1812	13578	2533	-4097	-4610	10377
E-740	1-Acetylurea	C3H6N2O2	O=C(NC(=O)C)N	102093	-900	3731	-5342	-5863	-5857	-5255	-2002	3352	-3689	-4097	-4610	2007
A-5091	4-methyl-2-[(2-nitrophenyl)diazenyl]phenol	C13H11N3O3	CC1=CC(=N/Nc2ccccc2[N+]([O-])=O)\C(=O)C=C1	257249	-5748	-5073	662	284	1510	1866	3719	-57	-578	-46	1754	3332
B-1541	methacycline	C22H22N2O8	CN(C)[C@H]1[C@@H]2[C@@H](O)[C@@H]3C(=C)c4cccc(O)c4C(=C3C(=O)[C@]2(O)C(=O)\C(=C(N)/O)C1=O)O	442424	-1768	2155	7829	-5476	7401	9581	13255	16986	-2652	-46	8119	13686
B-4640	1-octanesulfonamide, n-(octylsulfonyl)-	C16H35NO4S2	CCCCCCCC[S](=O)(=O)N[S](=O)(=O)CCCCCCCC	369593	-3914	-1744	5010	3140	5356	4240	1812	-57	12904	-4097	-4610	2874
F-251	2-amino-1,8-dihydropteridine-4,7-dione	C6H5N5O2	NC1=NC2=C(N=CC(=O)N2)C(=O)N1	179139	-4550	-2898	-2360	-7022	-2558	-1694	3719	6760	-3689	4006	1754	6845
A-5743	2-[(1-amino-4-hydroxy-9,10-dioxo-9,10-dihydroanthracen-2-yl)oxy]ethyl phenyl car	C23H17NO7	Nc1c(OCCOC(=O)Oc2ccccc2)cc(O)c3C(=O)c4ccccc4C(=O)c13	419389	-8054	-9262	6938	1980	7215	8988	9441	3352	1496	8058	8119	7659
B-3193	1,1'-biphenyl, 2,2',3,4,6'-pentachloro-	C12H5Cl5	Clc1ccc(c(Cl)c1Cl)c2c(Cl)cccc2Cl	326437	-6780	-6947	3340	8183	2247	680	-5816	-3465	-2652	4006	1754	-5697
B-2694	ethychlozate	C11H11ClN2O2	CCOC(=O)Cc1[nH]nc2ccc(Cl)cc12	238674	-3026	-129	-56	45	-98	86	-95	-57	-578	4006	1754	171
B-609	piperazine	C4H10N2	C1CNCCN1	86138	1065	7300	-5960	-5904	-5503	-5848	-2002	3352	-3689	-4097	-1428	-3129
A-5961	2-[(1-amino-4-hydroxy-9,10-dioxo-9,10-dihydroanthracen-2-yl)oxy]ethyl ethyl carb	C19H17NO7	CCOC(=O)OCCOc1cc(O)c2C(=O)c3ccccc3C(=O)c2c1N	371345	-9220	-11378	5078	7	4877	6614	9441	3352	1496	4006	4937	7659
A-2590	vinyl laurate	C14H26O2	CCCCCCCCCCCC(=O)OC=C	226360	-5355	-4359	-533	4346	916	86	-2002	-3465	7719	-4097	-4610	-2890
A-447	(2E)-3,7-dimethylocta-2,6-dien-1-ol	C10H18O	CC(C)=CCC\C(C)=C\CO	154253	-2352	1094	-3324	707	-1904	-2881	-3909	-57	459	-4097	-4610	-3538
A-23	(2E)-3,7-dimethylocta-2,6-dien-1-ol	C10H18O	CC(C)=CCC\C(C)=C/CO	154253	-2321	1151	-3324	707	-1904	-2881	-3909	-57	459	-4097	-4610	-3538
B-3279	alanycarb	C17H25N3O4S2	CCOC(=O)CCN(Cc1ccccc1)SN(C)C(=O)O\N=C(\C)SC	399538	-4300	-2445	6169	2786	6734	6021	9441	-3465	5644	-46	-1428	1927
B-3395	fenchlorazole-ethyl	C12H8Cl5N3O2	CCOC(=O)c1nn(c2ccc(Cl)cc2Cl)c(n1)C(Cl)(Cl)Cl	403480	-5652	-4898	6322	4315	3708	3647	3719	-3465	-578	4006	1754	387
B-3523	tert-butyl (1-(4-chloro)phenylsulfonyl) cyclopro	C14H17ClO4S	CC(C)(C)OC(=O)C1(CC1)[S](=O)(=O)c2ccc(Cl)cc2	316806	-4121	-2118	2967	1306	2175	2460	1812	-3465	-578	-46	1754	753
B-2130	benzeneacetic acid, -[(sulfooxy)methyl]-, 8-meth	C17H23NO6S	CN1C2CCC1CC(C2)OC(=O)C(CO[S](O)(=O)=O)c3ccccc3	369439	-1568	2519	5004	-1022	4283	5427	5626	-57	2533	-46	4937	4243
F-345	(4E)-4-[(1,3-Thiazol-2-ylcarbonyl)hydrazono]pentanoic acid	C9H11N3O3S	CC(CCC(=O)O)=NNC(=O)C1=NC=CS1	241272	-1730	2224	44	-2242	-383	86	3719	3352	1496	-46	-1428	4084
A-6079	dodecyl 2-methylprop-2-enoate	C16H30O2	CCCCCCCCCCCCOC(=O)C(C)=C	254414	-8406	-9900	553	5165	2352	1273	-2002	-3465	8756	-4097	-4610	-2890
B-3039	phosphoric acid, dimethyl propyl ester	C5H13O4P	CCCO[P](=O)(OC)OC	168129	473	6225	-2787	-917	-3667	-3475	1812	-3465	1496	-4097	-4610	-920
B-1320	1,2,3-tribromobenzene	C6H3Br3	Brc1cccc(Br)c1Br	314802	-5040	-3788	2890	3173	-1899	-4068	-5816	-3465	-3689	-46	-1428	-5697
C-281	prostaglandin e1;  alprostadil	C20H34O5	CCCCCC(O)/C=C/C1C(O)CC(=O)C1CCCCCCC(O)=O	354487	-3670	-1299	4426	2228	5322	5427	1812	6760	9793	-4097	-1428	4423
C-1230	3-ethoxycarbonyl-5-fluorouracil	C7H7FN2O4	CCOC(=O)N1C(=O)NC=C(F)C1=O	202141	-450	4549	-1470	-4956	-2784	-1101	3719	-57	-2652	-46	-1428	2965
F-1158	4-(4-methylpiperazin-1-yl)butyl 2-(6-methoxynaphthalen-2-yl)propanoate	C23H32N2O3	COC1=CC=C2C=C(C(C)C(=O)OCCCCN3CCN(C)CC3)C=CC2=C1	384520	-1290	3023	5588	2318	7716	7207	3719	-3465	4607	4006	4937	-1214
F-1061	hexyl 2-(6-methoxynaphthalen-2-yl)propanoate	C20H26O3	CCCCCCOC(=O)C(C)C1=CC=C2C=C(OC)C=CC2=C1	314425	-7540	-8328	2875	5258	4835	4240	-95	-3465	4607	4006	1754	-1905
B-2976	benzamide, n-(2-amino-1,1-dimethyl-2-oxoethyl)-	C11H14N2O2	CC(C)(NC(=O)c1ccccc1)C(N)=O	206245	-1615	2432	-1311	-3063	-743	-507	-2002	3352	-578	-46	-1428	2007
A-2575	ethyl 4-[[(methylphenylamino)methylene]amino]benzoate	C17H18N2O2	CCOC(=O)c1ccc(cc1)N=CN(C)c2ccccc2	282343	-5451	-4534	1634	2577	3529	3053	-95	-3465	1496	4006	1754	-1225
E-671	3-chloropropionitrile	C3H4ClN	N#CCCCl	89525	-290	4839	-5829	-2194	-6228	-6442	-3909	-3465	-2652	-4097	-4610	-3158
A-959	[3-methyl-4-(2,2,2-trifluoroethoxy)pyridin-2-yl]methanol	C9H10F3NO2	Cc1c(CO)nccc1OCC(F)(F)F	221178	-1792	2111	-734	-899	-2368	-507	-95	-57	-578	-46	-1428	-1177
C-2392	acetrizoic  acid;  3-acetylamino-2,4,6-triiodobenzoic  acid	C9H6I3NO3	CC(=O)NC1=C(I)C=C(I)C(=C1I)C(O)=O	556863	-2640	571	12258	1626	3599	86	-2002	3352	-1615	-46	-1428	1389
B-1460	hexamethylphosphoramide	C6H18N3OP	CN(C)[P](=O)(N(C)C)N(C)C	179204	747	6722	-2358	-2875	-2032	-2881	-3909	-3465	-578	-4097	-4610	-2838
A-2320	divanadium pentaoxide	5O.2V	O=[V](=O)O[V](=O)=O	181879	-2304	1182	-2254	-5389	-8821	-5255	3719	-3465	-1615	-4097	-4610	2575
D-1799	ethanamine, n-ethyl-n-methyl-	C5H13N	CC[NH+](C)CC	88174	713	6661	-5881	-5219	-5166	-5848	-5816	-57	-1615	-4097	-4610	-5223
B-2237	dl-aspartic acid, n,n-bis(2-cyanoethyl)-	C10H13N3O4	OC(=O)CC(N(CCC#N)CCC#N)C(O)=O	239231	-1534	2580	-35	-4268	-965	680	3719	3352	4607	-4097	-4610	7688
B-1092	1,2-propanediol, 3-(2-methoxyphenoxy)-, 1-carbam	C11H15NO5	COc1ccccc1OCC(O)COC(N)=O	241243	-1525	2596	43	-3347	-311	680	3719	3352	2533	-46	-1428	4016
A-2357	2,2,4,4,6,12,15-heptamethyl-6-[(trimethylsilyl)oxy]-3,5,10,13,16-pentaoxa-2,4,6-	C19H48O6Si4	COC(C)COC(C)COCCC[Si](C)(O[Si](C)(C)C)O[Si](C)(C)O[Si](C)(C)C	484931	-6288	-6054	9474	5733	10461	7801	5626	-3465	12904	-4097	-4610	213
C-942	n1-(4-iodophenyl)sulfanilamide	C12H11IN2O2S	NC1=CC=C(C=C1)[S](=O)(=O)NC2=CC=C(I)C=C2	374203	-4520	-2843	5189	712	2837	1273	-95	3352	-578	4006	1754	2007
B-1762	chlorotrinitromethane	CClN3O6	[O-][N+](=O)C(Cl)([N+]([O-])=O)[N+]([O-])=O	185479	-1926	1868	-2115	-4982	-4924	-2881	5626	-3465	-578	-4097	-4610	8115
B-3057	1,1'-biphenyl, 2,2',3,4',6'-pentachloro-	C12H5Cl5	Clc1cc(Cl)c(c(Cl)c1)c2cccc(Cl)c2Cl	326437	-7400	-8074	3340	8183	2247	680	-5816	-3465	-2652	4006	1754	-5697
B-3077	urea, n-butyl-n-phenyl	C11H16N2O	CCCCN(C(N)=O)c1ccccc1	192262	-1297	3010	-1853	140	-576	-1101	-3909	-57	459	-46	-1428	-752
B-2021	5-methylchrysene	C19H14	Cc1cc2ccccc2c3ccc4ccccc4c13	242321	-6592	-6606	85	5976	3272	1866	-5816	-3465	-3689	12110	8119	-5697
D-1780	butanedioic acid, 2,2-dimethyl-	C6H10O4	CC(C)(CC(O)=O)C(O)=O	146142	-320	4785	-3638	-3268	-4303	-3475	-2002	3352	-578	-4097	-4610	2264
C-1753	6-methoxypurine	C6H6N4O	COC1=NC=NC2=C1[NH]C=N2	150141	-1530	2587	-3483	-3666	-3611	-2881	1812	-57	-2652	4006	1754	1100
B-3405	2-bromo-4-methyl-5-nitro-1h-imidazole	C4H4BrN3O2	Cc1nc(Br)[nH]c1[N+]([O-])=O	205999	-1791	2112	-1321	-1721	-3695	-3475	-95	-57	-2652	-46	-1428	1968
C-1666	5-methylbarbituric acid	C5H6N2O3	CC1C(=O)NC(=O)NC1=O	142114	-1130	3314	-3793	-6265	-4730	-3475	-95	3352	-3689	-4097	-1428	2336
A-377	ethyl 3-phenyloxirane-2-carboxylate	C11H12O3	CCOC(=O)C1OC1c2ccccc2	192214	-2410	990	-1854	-1152	-1726	-1101	-95	-3465	-578	-46	1754	-1553
C-1627	methyl  2-allyl-2-ethylmalonurate	C10H16N2O4	CCC(CC=C)(C(=O)NC(N)=O)C(=O)OC	228248	-1920	1879	-460	-3732	-728	86	1812	3352	1496	-4097	-4610	4814
A-3752	(2R)-2-methyloxirane	C3H6O	C[C@@H]1CO1	58080	838	6888	-7046	-3584	-7067	-7035	-3909	-3465	-3689	-4097	-1428	-4360
A-3687	2-methyloxirane	C3H6O	C[C@H]1CO1	58080	838	6888	-7046	-3584	-7067	-7035	-3909	-3465	-3689	-4097	-1428	-4360
B-1658	heptadecyl alcohol	C17H36O	CCCCCCCCCCCCCCCCCO	256474	-7506	-8266	632	6724	3018	1273	-3909	-57	11867	-4097	-4610	-3538
F-862	2-(5-nitrofuran-2-yl)-1H-benzimidazole	C11H7N3O3	C1=CC=C2C(=C1)NC(=N2)C3=CC=C(O3)[N+](=O)[O-]	229195	-3890	-1699	-423	820	-248	680	1812	-57	-1615	8058	4937	3370
B-3312	ferimzone	C15H18N4	Cc1cc(C)nc(N\N=C(\C)c2ccccc2C)n1	254337	-3196	-438	550	1779	2488	1866	1812	-57	-578	4006	1754	-343
C-1344	ferimzone	C15H18N4	CC1=CC(=NC(=N1)NN=C(C)C2=CC=CC=C2C)C	254337	-3200	-446	550	1779	2488	1866	1812	-57	-578	4006	1754	-343
D-1625	1,2-difluorobenzene	C6H4F2	Fc1ccccc1F	114094	-2000	1734	-4878	-631	-5410	-4661	-5816	-3465	-3689	-46	-1428	-5697
D-1697	picein	C14H18O7	CC(=O)c1ccc(O[C@@H]2O[C@H](CO)[C@@H](O)[C@H](O)[C@H]2O)cc1	298291	-1174	3234	2251	-6115	1326	3053	7534	10169	459	-46	1754	6731
C-1971	picein	C14H18O7	CC(=O)C1=CC=C(OC2OC(CO)C(O)C(O)C2O)C=C1	298291	-1170	3241	2251	-6115	1326	3053	7534	10169	459	-46	1754	6731
A-2073	1-chloro-4-(4-chlorobenzenesulfonyl)benzene	C12H8Cl2O2S	Clc1ccc(cc1)[S](=O)(=O)c2ccc(Cl)cc2	287167	-5524	-4666	1820	2893	949	680	-2002	-3465	-1615	4006	1754	-2053
B-3263	3-pyridinecarboxamide, n-nonyl-	C15H24N2O	CCCCCCCCCNC(=O)c1cccnc1	248370	-3140	-337	319	2393	1889	1273	-2002	-57	5644	-46	-1428	-1216
B-1042	pholcodine	C23H30N2O4	CN1CC[C@]23[C@H]4Oc5c(OCCN6CCOCC6)ccc(C[C@@H]1C2C=C[C@@H]4O)c35	398503	-1299	3006	6129	-2072	7053	7801	5626	-57	459	-46	14484	109
B-440	4-cyanopyridine	C6H4N2	N#Cc1ccncc1	104112	-415	4611	-5264	-2546	-5017	-4661	-2002	-3465	-3689	-46	-1428	-1782
F-811	N'-(6-chloro-2-methoxyacridin-9-yl)-N,N-diethylpentane-1,4-diamine	C23H30ClN3O	CCN(CC)CCCC(C)NC1=C2C=C(OC)C=CC2=NC2=C1C=CC(Cl)=C2	399966	-2640	571	6186	6956	8908	7207	1812	-57	5644	8058	4937	-1707
A-243	5-methyl-5-phenylhexan-3-one	C13H11N3O3S2	Cc1ccc(cc1)[S](=O)(=O)/C(=C/N2CC(=O)NC2=S)C#N	321383	-3529	-1044	3145	-2741	2638	3053	3719	-57	-578	-46	1754	3937
A-5326	3-(2,3-dihydroxypropoxy)propane-1,2-diol	C6H14O5	OCC(O)COCC(O)CO	166173	779	6781	-2862	-8687	-3798	-2881	3719	10169	2533	-4097	-4610	3924
A-468	2,4-dimethyl-4-phenyltetrahydrofuran	C12H16O	CC1CC(C)(CO1)c2ccccc2	176259	-2433	947	-2472	861	-1251	-1694	-3909	-3465	-2652	-46	1754	-4712
C-2558	2,6-demethyl-kni-727	C28H37N3O5S	CC(C)(C)NC(=O)C1N(CSC1(C)C)C(=O)C(O)C(CC2=CC=CC=C2)NC(=O)COC3=CC=CC=C3	527687	-3830	-1590	11129	853	12568	12548	5626	6760	5644	4006	4937	5826
B-4411	4-aminoacetophenone	C8H9NO	CC(=O)c1ccc(N)cc1	135166	-1606	2449	-4062	-1565	-3214	-3475	-2002	-57	-2652	-46	-1428	-1098
B-3768	m-toluic acid	C8H8O2	Cc1cccc(c1)C(O)=O	136150	-2143	1474	-4024	-1145	-3626	-3475	-3909	-57	-2652	-46	-1428	-1716
B-4504	sulfameter	C11H12N4O3S	COc1cnc(N[S](=O)(=O)c2ccc(N)cc2)nc1	280309	-2584	672	1555	-2707	1236	1866	5626	3352	459	4006	1754	5744
B-3135	forchlorfenuron	C12H10ClN3O	Clc1cc(NC(=O)Nc2ccccc2)ccn1	247685	-3803	-1541	292	2046	946	680	-2002	3352	-1615	4006	1754	68
A-4	Benzo[cd]indol-2(1H)-one	C11H7NO	O=C1Nc2cccc3cccc1c23	169183	-3255	-545	-2746	203	-1542	-1694	-3909	-57	-3689	4006	4937	-2591
C-2473	n1-(4-sulfamoylbenzyl)-n3-[(1-carboxy-2-hydroxy-2-phenyl)ethyl]thiourea; 2-(4-su	C17H19N3O5S2	N[S](=O)(=O)C1=CC=C(CNC(=S)NC(C(O)C2=CC=CC=C2)C(O)=O)C=C1	409489	-1290	3023	6554	-3432	6227	6614	3719	13578	3570	4006	1754	9431
A-2652	4-(2,4,4-trimethylpentan-2-yl)-N-[4-(2,4,4-trimethylpentan-2-yl)phenyl]aniline	C28H43N	CC(C)(C)CC(C)(C)c1ccc(Nc2ccc(cc2)C(C)(C)CC(C)(C)C)cc1	393659	-6595	-6612	5942	12418	10338	7801	-3909	-57	2533	4006	1754	-4413
A-761	1-[(2-tert-butylcyclohexyl)oxy]butan-2-ol	C14H28O2	CCC(O)COC1CCCCC1C(C)(C)C	228376	-3699	-1352	-455	2046	812	86	-2002	-57	459	-4097	-1428	-2553
B-3518	methyl (1-(4-methyl)phenylsulfonyl) cyclopropane	C12H14O4S	COC(=O)C1(CC1)[S](=O)(=O)c2ccc(C)cc2	254307	-2880	135	549	-1559	39	680	1812	-3465	-578	-46	1754	753
F-240	dihexyl decanedioate	C22H42O4	CCCCCCOC(=O)CCCCCCCCC(=O)OCCCCCC	370574	-4570	-2934	5048	7678	6822	6021	1812	-3465	16015	-4097	-4610	-83
B-4367	chlorphoxim	C12H14ClN2O3PS	CCO[P](=S)(OCC)O/N=C(C#N)/c1ccccc1Cl	332749	-5292	-4245	3584	2998	3049	2460	5626	-3465	3570	-46	-1428	1116
B-1112	benzyl methyl ether	C8H10O	COCc1ccccc1	122167	-1610	2442	-4565	-880	-3775	-4068	-3909	-3465	-1615	-46	-1428	-4712
B-2049	2,3,6-trichlorophenoxyacetic acid	C8H5Cl3O3	OC(=O)COc1c(Cl)ccc(Cl)c1Cl	255484	-2620	608	594	1537	-1133	-1101	-2002	-57	-578	-46	-1428	-731
A-4668	nitrogen oxide	N2O	[N-]=[N+]=O	44013	-1564	2525	-7590	-4650	-8059	-7629	-3909	-3465	-3689	-4097	-4610	9
B-3195	2-pyrimidinecarboxamide, 4,6-dimethyl-	C7H9N3O	Cc1cc(C)nc(n1)C(N)=O	151169	122	5587	-3443	-3986	-3340	-2881	-95	-57	-2652	-46	-1428	1653
C-1119	lomustine	C9H16ClN3O2	ClCCN(N=O)C(=O)NC1CCCCC1	233699	-3370	-755	-249	-89	-524	-507	-95	-57	459	-4097	-1428	895
F-715	1-decylpiperidine	C15H31N	CCCCCCCCCCN1CCCCC1	225420	-1530	2587	-569	4382	1638	86	-3909	-3465	5644	-4097	-1428	-5351
B-4601	3-hydroxypyridine	C5H5NO	Oc1cccnc1	95101	-456	4538	-5613	-2860	-5479	-5255	-2002	-57	-3689	-46	-1428	-2162
A-1864	2-amino-4-sulfobenzoic acid	C7H7NO5S	Nc1cc(ccc1C(O)=O)[S](O)(=O)=O	217202	-1316	2976	-887	-3946	-2189	-1101	1812	6760	-1615	-46	-1428	6863
A-5941	4-[(E)-2-(1-butyl-5-cyano-2-hydroxy-4-methyl-6-oxo-1,6-dihydropyridin-3-yl)diaze	C25H35N5O4S	CCCCC(CC)CN[S](=O)(=O)c1ccc(cc1)N=NC2=C(O)N(CCCC)C(=O)C(=C2C)C#N	501653	-8797	-10612	10121	5956	11167	11362	9441	3352	9793	4006	1754	8914
A-1543	3,3,4,4,5,5,6,6,7,7,8,8,8-tridecafluorooctan-1-ol	C8H5F13O	OCCC(F)(F)C(F)(F)C(F)(F)C(F)(F)C(F)(F)C(F)(F)F	364101	-4287	-2420	4798	3426	-2967	3647	-3909	-57	2533	-4097	-4610	-3538
A-5602	pentabromobenzyl acrylate	C10H5Br5O2	Brc1c(Br)c(Br)c(COC(=O)C=C)c(Br)c1Br	556668	-7806	-8811	12250	6494	3460	680	-2002	-3465	-578	-46	-1428	-2890
A-2754	2-[[4-[(2-cyano-3-nitrophenyl)azo]-m-tolyl](2-acetoxyethyl)amino]ethyl acetate	C21H21N5O6	CC(=O)OCCN(CCOC(C)=O)c1ccc(cc1)N=Nc2ccc(cc2C#N)[N+]([O-])=O	439428	-7300	-7893	7713	2871	7847	9581	13255	-3465	6681	4006	1754	10043
C-1662	5-butyl-5-ethyl-2-thiobarbituric acid	C10H16N2O2S	CCCCC1(CC)C(=O)NC(=S)NC1=O	228317	-3140	-337	-457	-2261	-144	-507	-95	3352	459	-4097	-1428	514
B-753	demeton-s	C8H19O3PS2	CCO[P](=O)(OCC)SCCSCC	258345	-2111	1532	705	2566	640	-1101	3719	-3465	5644	-4097	-4610	-1905
B-1509	benzoic acid, 2-benzoylhydrazide	C14H12N2O2	O=C(NNC(=O)c1ccccc1)c2ccccc2	240262	-1588	2481	5	-1016	868	1273	-2002	3352	-1615	4006	1754	514
A-2650	Naphthalic anhydride	C12H6O3	O=C1OC(=O)c2cccc3cccc1c23	198177	-6297	-6071	-1624	-280	-1271	-507	-95	-3465	-3689	4006	4937	-1068
B-1299	1,1,2-trichloropropane	C3H5Cl3	CC(Cl)C(Cl)Cl	147432	-1890	1934	-3588	226	-4736	-5848	-5816	-3465	-2652	-4097	-4610	-5697
A-135	(1S,5S)-2,6,6-trimethylbicyclo[3.1.1]hept-2-ene	C10H16	CC1=CC[C@H]2C[C@@H]1C2(C)C	136238	-4773	-3302	-4021	1326	-2776	-3475	-5816	-3465	-3689	-4097	4937	-5697
B-398	soman	C7H16FO2P	CC(O[P](C)(F)=O)C(C)(C)C	182175	-938	3662	-2243	1764	-2641	-2881	-2002	-3465	-1615	-4097	-4610	-2890
C-913	5-methyl-2-(4-nitrophenylsulfonamido)pyridine;  n-(5-methylpyridin-2-yl)-4-nitro	C12H11N3O4S	CC1=CC=C(N[S](=O)(=O)C2=CC=C(C=C2)[N+]([O-])=O)N=C1	293304	-4290	-2425	2058	-377	1634	2460	3719	-57	459	4006	1754	5210
C-996	ofloxacin	C18H20FN3O4	CC1COC2=C(N3CCN(C)CC3)C(=CC4=C2N1C=C(C(O)=O)C4=O)F	361373	-1270	3059	4692	-1428	4990	6021	5626	-57	-1615	4006	8119	2308
A-4510	2-[bis(2-hydroxyethyl)amino]ethan-1-ol	C6H15NO3	OCCN(CCO)CCO	149190	826	6867	-3520	-7634	-3693	-3475	1812	6760	2533	-4097	-4610	1126
B-3326	2-pteridinol, 6,7-diethyl-	C10H12N4O	CCc1nc2cnc(O)nc2nc1CC	204233	-2264	1253	-1389	-1984	-990	-507	3719	-57	-1615	4006	1754	1965
A-3276	2-[(4-aminophenyl)amino]-5-nitrobenzene-1-sulfonic acid	C12H11N3O5S	Nc1ccc(Nc2ccc(cc2[S](O)(=O)=O)[N+]([O-])=O)cc1	309303	-1598	2463	2677	-248	2266	3053	5626	6760	459	4006	1754	8770
A-1773	ethyl 2-(2,4-dimethyl-1,3-dioxolan-2-yl)acetate	C9H16O4	CCOC(=O)CC1(C)OCC(C)O1	188223	-2180	1407	-2009	-2285	-2412	-1694	1812	-3465	-578	-4097	-1428	-920
B-1154	alpha-methylene butyrolactone	C5H6O2	C=C1CCOC1=O	98101	184	5701	-5497	-3424	-5658	-5255	-2002	-3465	-3689	-4097	-1428	-2890
C-2438	4-(4-bromo-2-fluorophenylamino)-5-fluoro-1-methyl-6-oxo-1,6-dihydropyridine-3-ca	C15H14BrF2N3O3	CCONC(=O)C1=CN(C)C(=O)C(=C1NC2=CC=C(Br)C=C2F)F	402195	-4190	-2244	6272	1047	3941	4834	3719	3352	1496	4006	1754	2025
B-4212	o-methyl carbamate	C2H5NO2	COC(N)=O	75067	964	7117	-6388	-4897	-6888	-6442	-2002	-57	-3689	-4097	-4610	-113
B-3536	me (1-(4-bromo)phenylsulfonyl) cyclopentane carb	C13H15BrO4S	COC(=O)C1(CCCC1)[S](=O)(=O)c2ccc(Br)cc2	347230	-4010	-1918	4145	777	1886	1866	1812	-3465	-578	-46	1754	753
A-743	1,1,1,2,2-pentafluoroethane	C2HF5	FC(F)C(F)(F)F	120020	-1416	2793	-4648	-917	-7575	-5255	-5816	-3465	-3689	-4097	-4610	-5697
B-3105	4(1h)-pteridinethione	C6H4N4S	S=C1N=CNc2nccnc12	164193	-2647	558	-2939	-2301	-2963	-2881	1812	-57	-3689	4006	1754	115
C-1901	acetaminophen hexanoate	C14H19NO3	CCCCCC(=O)OC1=CC=C(NC(C)=O)C=C1	249310	-4140	-2153	355	1576	1277	1273	-95	-57	2533	-46	-1428	215
B-1805	endosulfan diol	C9H8Cl6O2	OCC1C(CO)C2(Cl)C(=C(Cl)C1(Cl)C2(Cl)Cl)Cl	360879	-3080	-228	4673	1421	1424	680	-2002	3352	-1615	-4097	1754	-1379
B-1240	1-propene-1,2,3-tricarboxylic acid, (z)-	C6H6O6	OC(=O)C\C(=C/C(O)=O)C(O)=O	174108	361	6022	-2555	-5190	-4009	-2288	-95	6760	459	-4097	-4610	6245
F-1171	4-dimethylaminodiazenylbenzoic acid	C9H11N3O2	CN(C)N=NC1=CC=C(C(=O)O)C=C1	193206	-800	3913	-1816	-668	-1587	-1101	-95	-57	-578	-46	-1428	1268
B-2198	.beta.-d-glucopyranose, 4-o-.beta.-d-galactopyra	C12H22O11	OC[C@H]1O[C@@H](O[C@H]2[C@H](O)[C@@H](O)[C@H](O)O[C@@H]2CO)[C@H](O)[C@@H](O)[C@H]1O	342297	-817	3883	3954	-14568	989	4240	15162	23803	459	-4097	1754	14530
B-140	maltose	C12H22O11	OCC1OC(OC2C(O)C(O)C(O)OC2CO)C(O)C(O)C1O	342297	358	6016	3954	-14568	989	4240	15162	23803	459	-4097	1754	14530
C-1137	4-methoxybenzamide	C8H9NO2	COC1=CC=C(C=C1)C(N)=O	151165	-1720	2242	-3443	-2847	-3115	-2881	-2002	-57	-1615	-46	-1428	-113
A-2662	[phenyl(2,4,6-trimethylbenzoyl)phosphoryl](2,4,6-trimethylphenyl)methanone	C26H27O3P	Cc1cc(C)c(c(C)c1)C(=O)[P](=O)(C(=O)c2c(C)cc(C)cc2C)c3ccccc3	418473	-6622	-6660	6902	7399	9322	8394	-95	-3465	1496	8058	4937	-232
A-2206	1,4-dihydroxy-9,10-dihydroanthracene-9,10-dione	C14H8O4	Oc1ccc(O)c2C(=O)c3ccccc3C(=O)c12	240214	-6253	-5992	3	-804	150	1273	1812	3352	-3689	4006	4937	2264
B-2911	terfenadine	C32H41NO2	CC(C)(C)c1ccc(cc1)C(O)CCCN2CCC(CC2)C(O)(c3ccccc3)c4ccccc4	471685	-6690	-6784	8961	7852	12461	11362	-95	3352	4607	8058	8119	-1033
B-3008	2-heptanol, 4-methyl-	C8H18O	CCCC(C)CC(C)O	130231	-1878	1955	-4253	-198	-3288	-4068	-3909	-57	459	-4097	-4610	-3538
C-2033	2-amino-6,7-diethyl-3h-pteridin-4-one;  2-amino-6,7-diethyl-4-hydroxypteridine	C10H13N5O	CCC1=NC2=C(N=C1CC)C(=O)NC(=N2)N	219248	-4280	-2407	-808	-3555	-146	86	3719	3352	-1615	4006	1754	4714
F-769	N-[(4-methoxyphenyl)methyl]-N',N'-dimethyl-N-pyrimidin-2-ylethane-1,2-diamine	C16H22N4O	COC1=CC=C(CN(CCN(C)C)C2=NC=CC=N2)C=C1	286379	-2990	-64	1790	-463	3414	3053	3719	-3465	3570	4006	1754	-1269
A-387	2,4,5-trichloroaniline	C6H4Cl3N	Nc1cc(Cl)c(Cl)cc1Cl	196464	-3436	-874	-1690	1762	-2453	-3475	-3909	-57	-3689	-46	-1428	-2920
A-1383	1-(3-chloropropyl)-2,3-dihydro-1H-1,3-benzodiazol-2-one	C10H11ClN2O	ClCCCN1C(=O)Nc2ccccc12	210664	-3020	-120	-1140	-643	-634	-1101	-2002	-57	-578	4006	1754	-1664
B-3450	propanamide, 2-[[(benzoyloxy)acetyl]amino]-	C12H14N2O4	CC(NC(=O)COC(=O)c1ccccc1)C(N)=O	250254	-2717	431	392	-4666	218	1273	1812	3352	1496	-46	-1428	4814
A-328	11-aminoundecanoic acid	C11H23NO2	NCCCCCCCCCCC(O)=O	201310	-2401	1006	-1502	459	-582	-1101	-2002	3352	6681	-4097	-4610	1061
B-2359	3-octyloxy-propane-1,2-diol	C11H24O3	CCCCCCCCOCC(O)CO	204310	-1921	1877	-1386	-1101	-726	-1101	-95	3352	6681	-4097	-4610	-394
C-932	n1-(3-chloro-2-methoxyphenyl)sulfanilamide; 1-sulfanilamido-3-chloro-2-methoxybe	C13H13ClN2O3S	COC1=C(N[S](=O)(=O)C2=CC=C(N)C=C2)C=CC=C1Cl	312778	-4150	-2171	2812	821	2662	2460	1812	3352	459	4006	1754	2992
A-5992	1-[(E)-2-(4-methoxy-2-nitrophenyl)diazen-1-yl]naphthalen-2-ol	C17H13N3O4	COc1ccc(N\N=C2/C(=O)C=Cc3ccccc23)c(c1)[N+]([O-])=O	323308	-7991	-9147	3219	1358	4271	4834	5626	-57	459	4006	4937	4317
A-73	S-ethyl dipropylthiocarbamate	C9H19NOS	CCCN(CCC)C(=O)SCC	189324	-2703	456	-1966	1294	-969	-2288	-2002	-3465	1496	-4097	-4610	-3529
A-5308	1,3-dimethyltetrahydropyrimidin-2(1H)-one	C6H12N2O	CN1CCCN(C)C1=O	128175	892	6986	-4333	-3643	-4060	-4068	-3909	-3465	-3689	-4097	-1428	-3184
A-1868	2-methoxy-4-nitroaniline	C7H8N2O3	COc1cc(ccc1N)[N+]([O-])=O	168152	-3205	-454	-2786	-2106	-2729	-2288	1812	-57	-1615	-46	-1428	2669
C-780	fluoranthene	C16H10	C1=CC2=C(C=C1)C3=C4C(=CC=C3)C=CC=C24	202256	-5930	-5404	-1466	4144	953	86	-5816	-3465	-3689	8058	8119	-5697
A-1669	3,3,4,4,5,5,6,6,6-nonafluorohex-1-ene	C6H3F9	FC(F)(F)C(F)(F)C(F)(F)C(F)(F)C=C	246072	-4198	-2258	230	2541	-4693	-507	-5816	-3465	-578	-4097	-4610	-5697
B-1194	heroin	C21H23NO5	CN1CC[C@]23[C@H]4Oc5c(OC(C)=O)ccc(C[C@@H]1[C@@H]2C=C[C@@H]4OC(C)=O)c35	369417	-2789	300	5004	-586	5251	6614	5626	-3465	-1615	-46	11302	1247
A-5933	(2R)-2,5,7,8-tetramethyl-2-[(4R,8R)-4,8,12-trimethyltridecyl]-3,4-dihydro-2H-1-b	C29H50O2	CC(C)CCC[C@@H](C)CCC[C@@H](C)CCC[C@]1(C)CCc2c(C)c(O)c(C)c(C)c2O1	430717	-8520	-10108	7376	12385	10948	8988	-2002	-57	8756	-46	1754	-2553
B-3194	propanoic acid, 2-hydroxy-, 2-(hexyloxy)-1-methy	C12H22O5	CCCCCCOC(=O)C(C)OC(=O)C(C)O	246303	-2488	847	239	-1658	38	680	3719	-57	4607	-4097	-4610	2076
B-1667	cyclohexanone, 2-(1-cyclohexen-1-yl)-	C12H18O	O=C1CCCCC1C2=CCCCC2	178275	-2774	328	-2394	1795	-1298	-1694	-3909	-3465	-2652	-4097	1754	-3875
C-2347	naproxen,  derivat 3b	C22H29NO5	COC1=CC=C2C=C(C=CC2=C1)C(C)C(=O)OCCOC(=O)C(N)CC(C)C	387476	-3820	-1572	5702	2108	6992	7207	5626	-57	5644	4006	1754	3678
B-493	hexanedioic acid, bis(2-methoxyethyl) ester	C12H22O6	COCCOC(=O)CCCCC(=O)OCCOC	262302	-1266	3066	858	-2597	311	1273	5626	-3465	7719	-4097	-4610	1887
B-1863	mirex	C10Cl12	ClC1(Cl)C2(Cl)C3(Cl)C4(Cl)C(Cl)(Cl)C5(Cl)C3(Cl)C1(Cl)C5(Cl)C24Cl	545546	-6807	-6998	11820	7430	5369	3647	-5816	-3465	-3689	-4097	14484	-5697
B-1556	2,3-dihydro-1,2-benzisothiazole-1,1-dioxide	C7H7NO2S	O=[S]1(=O)NCc2ccccc12	169205	-1521	2604	-2745	-3445	-3273	-2881	-2002	-57	-3689	-46	1754	-770
B-2667	dowanol tpm	C10H22O4	COCC(C)OCC(C)OC(C)CO	206282	686	6611	-1310	-2791	-1166	-1101	1812	-57	4607	-4097	-4610	-583
B-3538	me (1-(4-chloro)phenylsulfonyl) cyclobutane carb	C12H13ClO4S	COC(=O)C1(CCC1)[S](=O)(=O)c2ccc(Cl)cc2	288752	-3000	-82	1882	-168	780	1273	1812	-3465	-578	-46	1754	753
A-2466	2,2-dimethyl-4-phenylpentanenitrile	C13H17N	CC(CC(C)(C)C#N)c1ccccc1	187286	-3235	-510	-2045	2711	-487	-1101	-3909	-3465	-578	-46	-1428	-3158
A-1160	4-naphthalen-2-yl-1,3-thiazol-2-amine	C13H10N2S	Nc1scc(n1)c2ccc3ccccc3c2	226304	-4850	-3442	-535	2361	1118	86	-95	-57	-2652	8058	4937	-1544
E-927	2-Phenyl-3,1-benzoxazin-4-one	C14H9NO2	c1ccc2C(=O)N=C(c3ccccc3)Oc2c1	223231	-4610	-3007	-654	1054	550	680	-95	-3465	-2652	8058	4937	-1097
A-5638	propan-2-ylcyclohexane	C9H18	CC(C)C1CCCCC1	126243	-5312	-4281	-4408	1750	-3130	-4068	-5816	-3465	-2652	-4097	-1428	-5697
B-2888	acetamide, n-(4-ethoxy-2-methylphenyl)-	C11H15NO2	CCOc1ccc(NC(C)=O)c(C)c1	193246	-1839	2026	-1815	102	-823	-1101	-2002	-57	-578	-46	-1428	-1606
B-1022	2-butenoic acid, 4-[(aminocarbonyl)amino]-4-oxo-	C5H6N2O4	NC(=O)NC(=O)C=CC(O)=O	158113	-1920	1878	-3174	-6580	-4177	-2881	-95	6760	-1615	-4097	-4610	5988
E-36	1,2,4-trimethylbenzene	C9H12	c1cc(C)cc(C)c1C	120195	-3310	-646	-4642	594	-3245	-4068	-5816	-3465	-3689	-46	-1428	-5697
C-695	2-amino-1-naphthalenesulfonic acid; tobias acid	C10H9NO3S	NC1=C(C2=CC=CC=C2C=C1)[S](O)(=O)=O	223253	-1700	2278	-653	-1191	-592	-507	-95	3352	-2652	4006	1754	2882
B-3235	2',3,3',4,5-pentachlorobiphenyl	C12H5Cl5	Clc1cccc(c2cc(Cl)c(Cl)c(Cl)c2)c1Cl	326437	-7405	-8083	3340	8183	2247	680	-5816	-3465	-2652	4006	1754	-5697
G-923	p-Chloroiodobenzene	C6H4ClI	Clc1ccc(I)cc1	238455	-4030	-1953	-65	1224	-2713	-4661	-5816	-3465	-3689	-46	-1428	-5697
A-4757	4-amino-5-methoxy-N,2-dimethylbenzenesulfonamide	C9H14N2O3S	CN[S](=O)(=O)c1cc(OC)c(N)cc1C	230289	-2577	686	-381	-3415	-560	-507	1812	3352	-578	-46	-1428	2992
A-1436	1,1,2-trifluoro-2-(pentafluoroethoxy)ethene	C4F8O	FC(F)=C(F)OC(F)(F)C(F)(F)F	216027	-4954	-3632	-933	1695	-6003	-1694	-3909	-3465	-1615	-4097	-4610	-4712
E-727	nimetazepam	C16H13N3O3	c1c(N(=O)(=O))cc2C(c3ccccc3)=NCC(=O)N(C)c2c1	295298	-3800	-1536	2135	209	3236	3647	1812	-3465	-1615	4006	4937	2394
A-3582	3-methylbutanoic acid	C5H10O2	CC(C)CC(O)=O	102133	-328	4770	-5341	-2236	-5299	-5255	-3909	-57	-1615	-4097	-4610	-1716
B-4401	diphenic acid	C14H10O4	OC(=O)c1ccccc1c2ccccc2C(O)=O	242230	-2284	1218	81	856	562	1273	-2002	3352	-578	4006	1754	2264
B-1574	2-hydroxypropyl acrylate	C6H10O3	CC(O)COC(=O)C=C	130143	886	6974	-4257	-4168	-4429	-4068	-95	-57	-578	-4097	-4610	-731
B-961	flurenol	C14H10O3	OC(=O)[C@@]1(O)c2ccccc2c3ccccc13	226231	-1966	1796	-538	-588	65	680	-2002	3352	-2652	4006	4937	443
F-509	4-(4-hydroxyphenyl)iminopentan-2-one	C11H13NO2	CC(=O)CC(C)=NC1=CC=C(O)C=C1	191230	-3590	-1154	-1893	314	-895	-1101	-95	-57	-578	-46	-1428	-397
B-897	meparfynol carbamate	C7H11NO2	CCC(C)(OC(N)=O)C#C	141170	-946	3649	-3830	-2678	-3617	-3475	-2002	-57	-1615	-4097	-4610	-113
B-1271	2-methylhexane	C7H16	CCCCC(C)C	100205	-4596	-2981	-5415	1012	-4198	-5255	-5816	-3465	-578	-4097	-4610	-5697
C-1110	endothall; 7-oxabicyclo[2.2.1]heptan-2,3-dicarboxylic  acid	C8H10O5	OC(=O)C1C2CCC(O2)C1C(O)=O	186163	-270	4876	-2089	-4447	-3322	-1694	-95	3352	-1615	-4097	1754	3249
C-2505	2-sulfamoyl-4-methyl-5-(4-anisylsulfonylimido)-1,3,4-thiadiazoline; 5-(4-methoxy	C10H12N4O5S3	COC1=CC=C(C=C1)[S](=O)(=O)N=C2SC(=NN2C)[S](N)(=O)=O	364430	-2760	353	4811	-5435	2440	3647	9441	-57	459	4006	1754	8573
A-1258	(2,4-dichlorophenyl)acetic acid	C8H6Cl2O2	OC(=O)Cc1ccc(Cl)cc1Cl	205040	-2919	64	-1358	610	-2163	-2288	-3909	-57	-1615	-46	-1428	-1716
B-4110	2,2',3,5',6-pcb	C12H5Cl5	Clc1ccc(Cl)c(c1)c2c(Cl)ccc(Cl)c2Cl	326437	-7190	-7691	3340	8183	2247	680	-5816	-3465	-2652	4006	1754	-5697
B-2241	amyl lactate	C8H16O3	CCCCCOC(=O)C(C)O	160213	-1205	3178	-3093	-2267	-3016	-2881	-95	-57	1496	-4097	-4610	-731
B-750	cyclohexanol, 1-ethynyl-, carbamate	C9H13NO2	NC(=O)OC1(CCCCC1)C#C	167208	-1825	2051	-2822	-1666	-2539	-2288	-2002	-57	-2652	-4097	-1428	-113
H-391	1-Mentanol	C10H20O	CC(C)C1(C)CCCC(O)C1	156269	-600	4276	-3246	541	-2221	-2881	-3909	-57	-2652	-4097	-1428	-3538
B-2828	2',3,5-trichlorobiphenyl	C12H7Cl3	Clc1cc(Cl)cc(c1)c2ccccc2Cl	257547	-6300	-6076	674	5709	730	-507	-5816	-3465	-2652	4006	1754	-5697
A-5317	2,2'-oxydiethanamine	C4H12N2O	NCCOCCN	104153	982	7150	-5263	-6394	-5021	-5255	-95	3352	459	-4097	-4610	842
B-1945	phosphinic acid, dibutyl-, butyl ester	C12H27O2P	CCCCO[P](=O)(CCCC)CCCC	234320	-1717	2248	-225	4512	898	-507	-2002	-3465	6681	-4097	-4610	-2890
A-4000	methacrylonitrile	C4H5N	CC(=C)C#N	67091	-407	4627	-6697	-2294	-6308	-6442	-3909	-3465	-3689	-4097	-4610	-3158
B-1634	tranexamic acid	C8H15NO2	NCC1CCC(CC1)C(O)=O	157213	26	5412	-3209	-2768	-3020	-2881	-2002	3352	-1615	-4097	-1428	1061
B-4603	5-hydroxyquinoline	C9H7NO	[O-]c1cccc2[nH+]cccc12	145161	-2542	750	-3675	-2973	-3352	-2881	-3909	-3465	-3689	4006	1754	-1727
B-3576	benzo[ghi]perylene	C22H12	c1cc2ccc3ccc4ccc5cccc6c(c1)c2c3c4c56	276338	-9026	-11028	1401	7629	5187	3647	-5816	-3465	-3689	20214	14484	-5697
B-1133	2h-pyran-2,4(3h)-dione, 6-methyl-	C6H6O3	CC1=CC(=O)CC(=O)O1	126111	-1118	3334	-4413	-3581	-4938	-4068	-95	-3465	-3689	-4097	-1428	-1068
A-1881	nonanal	C9H18O	CCCCCCCCC=O	142242	-3149	-353	-3788	1207	-2730	-3475	-3909	-3465	3570	-4097	-4610	-3875
C-618	2,3-dimethyl-2,3-dihydro-1h-imidazo[5,1b]quinazolin-9-one; 2,3-dimethylimidazoqu	C12H13N3O	CC1N(C)CN2C(=O)C3=C(C=CC=C3)N=C12	215256	30	5420	-963	-1775	14	86	1812	-3465	-3689	4006	4937	-1628
B-114	n-methyl o-(3-isopropylphenyl)carbamate	C11H15NO2	CNC(=O)Oc1cccc(c1)C(C)C	193246	-3357	-730	-1815	436	-980	-1101	-2002	-57	-1615	-46	-1428	-1606
C-1674	3-cyanobenzoic  acid	C8H5NO2	OC(=O)C1=CC(=CC=C1)C#N	147133	-2630	589	-3599	-1972	-3629	-2881	-2002	-57	-2652	-46	-1428	823
B-3588	2-methylanthracene	C15H12	Cc1ccc2cc3ccccc3cc2c1	192261	-6956	-7267	-1853	3792	622	-507	-5816	-3465	-3689	8058	4937	-5697
G-885	Norethisterone	C20H26O3	CC34CCC1C(CCC2=CC(=O)CCC12O)C3CCC4(O)C#C	314425	-4570	-2934	2875	586	3823	4240	-95	3352	-3689	-4097	8119	443
B-1381	3-nonanol	C9H20O	CCCCCCC(O)CC	144258	-2661	533	-3710	813	-2578	-3475	-3909	-57	2533	-4097	-4610	-3538
C-507	vitavax;  carboxin	C12H13NO2S	CC1=C(SCCO1)C(=O)NC2=CC=CC=C2	235308	-3140	-337	-187	609	620	86	-95	-57	-1615	-46	1754	-1606
B-3465	2-thiophenesulfonamide, 4-(4-methylbenzoyl)-	C12H11NO3S2	Cc1ccc(cc1)C(=O)c2csc(c2)[S](N)(=O)=O	281358	-4449	-2715	1596	-687	1244	1273	1812	-57	-578	4006	1754	2545
A-2201	2,6-dimethyl naphthalene-2,6-dicarboxylate	C14H12O4	COC(=O)c1ccc2cc(ccc2c1)C(=O)OC	244246	-6212	-5916	159	218	688	1273	1812	-3465	-1615	4006	1754	-83
B-3702	p-bromophenol	C6H5BrO	Oc1ccc(Br)cc1	173009	-1092	3383	-2598	-271	-3979	-4661	-3909	-57	-3689	-46	-1428	-3538
A-4658	2-[(4-amino-2-nitrophenyl)amino]ethan-1-ol	C8H11N3O3	Nc1ccc(NCCO)c(c1)[N+]([O-])=O	197194	-2191	1386	-1662	-3250	-1363	-1101	3719	6760	459	-46	-1428	5127
F-212	ethyl 2-[[(~{E})-4-oxopent-2-en-2-yl]amino]acetate	C9H15NO3	CCOC(=O)CNC(C)=CC(C)=O	185223	-590	4294	-2125	-3154	-1970	-1694	1812	-57	1496	-4097	-4610	215
B-1887	medinoterb acetate	C13H16N2O6	CC(=O)Oc1c(cc(c(C)c1C(C)(C)C)[N+]([O-])=O)[N+]([O-])=O	296279	-4472	-2755	2173	1394	1879	3053	5626	-3465	-578	-46	-1428	6318
B-1684	2-naphthalenebutanoic acid, .gamma.-oxo-	C14H12O3	OC(=O)CCC(=O)c1ccc2ccccc2c1	228247	-3853	-1632	-460	1115	464	680	-2002	-57	459	4006	1754	106
B-650	ethanol, 2- 2-(hexyloxy)ethoxy -	C10H22O3	CCCCCCOCCOCCO	190283	-1049	3461	-1929	-1336	-1396	-1694	-95	-57	6681	-4097	-4610	-1568
F-1078	methyl 5-[2-(2,5-dimethoxyphenyl)ethyl]-2-hydroxybenzoate	C18H20O5	COC(=O)C1=C(O)C=CC(CCC2=C(OC)C=CC(OC)=C2)=C1	316353	-6390	-6239	2950	1293	3682	4240	3719	-57	2533	4006	1754	1239
C-1273	n1,n1,n4-trimethylsulfanilamide	C9H14N2O2S	CNC1=CC=C(C=C1)[S](=O)(=O)N(C)C	214290	-3080	-228	-1000	-2498	-791	-1101	-95	-57	-578	-46	-1428	-424
B-441	3-cyanopyridine	C6H4N2	N#Cc1cccnc1	104112	113	5571	-5264	-2546	-5017	-4661	-2002	-3465	-3689	-46	-1428	-1782
C-1880	4,7-pteridinedione;  4,7(3h,8h)-pteridinedione	C6H4N4O2	O=C1NC2=C(N=C1)C(=O)NC=N2	164124	-2820	244	-2942	-6231	-3226	-2288	1812	3352	-3689	4006	1754	4068
A-525	6-phenyl-1,3,5-triazine-2,4-diamine	C9H9N5	Nc1nc(N)nc(n1)c2ccccc2	187206	-2494	836	-2048	-3020	-1211	-1101	3719	3352	-2652	4006	1754	3984
C-2263	theophyllin-7-ylmethyl octanoate;  7-(octanoyloxymethyl)theophylline	C16H24N4O4	CCCCCCCC(=O)OC[N]1C=NC2=C1C(=O)N(C)C(=O)N2C	336392	-3450	-900	3725	-1899	4179	4834	9441	-3465	4607	4006	1754	3707
B-3442	l-proline, n-[(benzoyloxy)acetyl]-	C14H15NO5	OC(=O)[C@@H]1CCCN1C(=O)COC(=O)c2ccccc2	277276	-1592	2475	1438	-2611	1061	2460	1812	-57	459	-46	1754	3258
C-1308	n-(benzoyloxyacetyl)proline	C14H15NO5	OC(=O)C1CCCN1C(=O)COC(=O)C2=CC=CC=C2	277276	-1590	2478	1438	-2611	1061	2460	1812	-57	459	-46	1754	3258
B-2651	phenol, 2-iodo-6-methyl-	C7H7IO	Cc1cccc(I)c1O	234036	-1838	2028	-236	14	-2502	-4068	-3909	-57	-3689	-46	-1428	-3538
E-733	4,5-dichloroquiaiacol	C7H6Cl2O2	c1c(Cl)c(Cl)cc(O)c1OC	193029	-2530	771	-1823	775	-2636	-2881	-2002	-57	-2652	-46	-1428	-2553
F-440	2,2-diethyl-n-hydroxydecanamide	C14H29NO2	CCCCCCCCC(CC)(CC)C(=O)NO	243391	-5220	-4115	126	3314	1340	680	-2002	3352	6681	-4097	-4610	-432
C-290	spiro-5,5-undecamethylenebarbituric acid	C15H24N2O3	O=C1NC(=O)C2(CCCCCCCCCCC2)C(=O)N1	280368	-5800	-5168	1557	654	1940	2460	-95	3352	-3689	-4097	1754	2336
C-605	cyprodinil;  4-cyclopropyl-6-methyl-2-phenylaminopyrimidine	C14H15N3	CC1=NC(=NC(=C1)C2CC2)NC3=CC=CC=C3	225295	-4050	-1990	-574	2097	966	680	-95	-57	-578	4006	4937	-1662
B-3585	11h-benzo(b)fluorene	C17H12	C1c2ccccc2c3cc4ccccc4cc13	216283	-7733	-8679	-923	4000	1530	680	-5816	-3465	-3689	8058	8119	-5697
B-4348	furathiocarb	C18H26N2O5S	CCCCOC(=O)N(C)SN(C)C(=O)Oc1cccc2CC(C)(C)Oc12	382482	-4541	-2882	5509	3719	5779	6021	5626	-3465	2533	-46	1754	1593
B-28	mechlorethamine	C5H11Cl2N	CN(CCCl)CCCl	156056	-1114	3342	-3254	-1708	-3505	-4661	-3909	-3465	459	-4097	-4610	-5351
B-868	benzo(k)fluoranthene	C20H12	c1ccc2cc3c4cccc5cccc(c3cc2c1)c45	252316	-8499	-10070	472	6327	3603	2460	-5816	-3465	-3689	12110	11302	-5697
C-1352	nalidixic acid methyl ester;  methyl  nalidixate	C13H14N2O3	CCN1C=C(C(=O)OC)C(=O)C2=C1N=C(C)C=C2	246266	-2700	462	237	-1489	858	1273	3719	-3465	-1615	4006	1754	833
B-3208	1,1'-biphenyl, 2,3,3',4',5',6-hexachloro-	C12H4Cl6	Clc1ccc(Cl)c(c2cc(Cl)c(Cl)c(Cl)c2)c1Cl	360882	-8270	-9654	4673	9420	3006	1273	-5816	-3465	-2652	4006	1754	-5697
A-3081	1-(2-hydroxyethyl)imidazolidin-2-one	C5H10N2O2	OCCN1CCNC1=O	130147	878	6960	-4257	-6236	-4547	-4068	-2002	3352	-1615	-4097	-1428	-87
A-5749	propane-2,2-diylbis(4,1-phenyleneoxyethane-2,1-diyl) diacetate	C23H28O6	CC(=O)OCCOc1ccc(cc1)C(C)(C)c2ccc(OCCOC(C)=O)cc2	400471	-8059	-9270	6205	3026	7144	7801	5626	-3465	6681	4006	1754	1887
B-4369	thiocyanic acid, 2-oxopropyl ester	C4H5NOS	CC(=O)CSC#N	115157	-216	4973	-4837	-2855	-5047	-5255	-95	-3465	-1615	-4097	-4610	-1336
B-3099	acetamide, 2-(benzoyloxy)-	C9H9NO3	NC(=O)COC(=O)c1ccccc1	179175	-1640	2386	-2359	-3728	-2448	-1694	-95	-57	-578	-46	-1428	1708
B-2023	7-ethylbenz(a)anthracene	C20H16	CCc1c2ccccc2cc3c1ccc4ccccc34	256348	-6796	-6977	628	6456	3975	2460	-5816	-3465	-2652	12110	8119	-5697
C-1843	6,7-dimethylpteridine	C8H8N4	CC1=NC2=C(N=CN=C2)N=C1C	160180	-460	4530	-3094	-2388	-2647	-2288	1812	-3465	-3689	4006	1754	-194
C-624	zidovudine	C10H13N5O4	CC1=CN(C2CC(N=[N+]=[N-])C(CO)O2)C(=O)NC1=O	267245	-1160	3259	1049	-4722	382	1866	5626	3352	-578	-46	1754	8505
B-2734	thymidine, 3'-azido-3'-deoxy-	C10H13N5O4	CC1=CN([C@H]2C[C@H](N=[N+]=[N-])[C@@H](CO)O2)C(=O)NC1=O	267245	-1122	3328	1049	-4722	382	1866	5626	3352	-578	-46	1754	8505
D-2051	tebuthiuron	C9H16N4OS	CNC(=O)N(C)c1sc(nn1)C(C)(C)C	228321	-1997	1739	-457	-1300	-94	-507	1812	-57	-2652	-46	-1428	506
A-6098	bis(9E)-octadec-9-en-1-yl phosphonate	C36H70O3P	CCCCCCCC/C=C/CCCCCCCCO[P+](=O)OCCCCCCCC\C=C\CCCCCCCC	581927	-9534	-11950	13228	21683	17614	14329	-95	-3465	31570	-4097	-4610	-1905
C-1934	1-acetylallopurinol	C7H6N4O2	CC(=O)[N]1N=CC2=C1N=CNC2=O	178151	-2380	1043	-2399	-4767	-2670	-1694	3719	-57	-3689	4006	1754	2909
A-2693	1-(octadecyloxy)octadecane	C36H74O	CCCCCCCCCCCCCCCCCCOCCCCCCCCCCCCCCCCCC	522987	-7020	-7383	10947	21255	16326	12548	-3909	-3465	31570	-4097	-4610	-4712
A-3534	Diazobarbituric acid	C4H2N4O3	[N-]=[N+]=C1C(=O)NC(=O)NC1=O	154085	-1472	2693	-3330	-8093	-4812	-2881	-95	3352	-3689	-4097	-1428	6221
A-4849	6-amino-4-hydroxynaphthalene-2-sulfonic acid	C10H9NO4S	Nc1ccc2cc(cc(O)c2c1)[S](O)(=O)=O	239252	-2883	129	-34	-1749	-340	86	1812	6760	-2652	4006	1754	5041
B-4282	benzo(f)quinoline	C13H9N	c1ccc2c(c1)ccc3ncccc23	179222	-3357	-732	-2357	2063	-430	-1101	-3909	-3465	-3689	8058	4937	-4321
F-6	8-Phenyl-7H-purine	C11H8N4	C1=CC=C(C2=NC3N=CN=CC3=N2)C=C1	196213	-3070	-210	-1700	-1839	-136	-507	1812	-3465	-2652	-46	4937	-421
